router_port: 10000, detokenization_port: 10002, httpserver_port: 10003, visual_port: 10004, cache_port: 10005
[36m(RouterManager pid=1850)[0m Starting the router on node a2
[36m(RouterManager pid=1850)[0m INFO 10-30 08:34:06 [manager.py:69] use_fixed_sp is False, use elastic sequence parallelism
[36m(RouterManager pid=1850)[0m start initializing Profiler, file: /host_home/LoongServe/exp_result/analytical-model.csv
[36m(RouterManager pid=1850)[0m DEBUG 10-30 08:34:06 [profiler.py:30] {'sp_world_size': '1', 'tp_world_size': '2', 'batch_size': '1.0', 'A': '16.86362619041683', 'B': '0.07984949464370102', 'C': '2.508286321756259e-06'}
[36m(RouterManager pid=1850)[0m DEBUG 10-30 08:34:06 [profiler.py:30] {'sp_world_size': '2', 'tp_world_size': '2', 'batch_size': '1.0', 'A': '21.778825461463946', 'B': '0.04646657083835285', 'C': '1.294495581963262e-06'}
[36m(RouterManager pid=1850)[0m DEBUG 10-30 08:34:06 [profiler.py:30] {'sp_world_size': '4', 'tp_world_size': '2', 'batch_size': '1.0', 'A': '32.81975710690035', 'B': '0.06622888563264719', 'C': '3.4668779336222144e-07'}
[36m(RouterManager pid=1850)[0m DEBUG 10-30 08:34:06 [profiler.py:30] {'sp_world_size': '3', 'tp_world_size': '2', 'batch_size': '1.0', 'A': '29.823015735817016', 'B': '0.04071136571736365', 'C': '7.730817223466913e-07'}
[36m(RouterManager pid=1850)[0m Starting workers
[36m(RouterManager pid=1850)[0m Scheduling all workers into one node
[36m(RouterManager pid=1850)[0m Initializing models
[36m(DeTokenizationManager pid=1880)[0m INFO 10-30 08:34:09 [tokenizer.py:49] For some LLaMA-based models, initializing the fast tokenizer may take a long time. To eliminate the initialization time, consider using 'hf-internal-testing/llama-tokenizer' instead of the original tokenizer.
[36m(DeTokenizationManager pid=1862)[0m INFO 10-30 08:34:09 [tokenizer.py:49] For some LLaMA-based models, initializing the fast tokenizer may take a long time. To eliminate the initialization time, consider using 'hf-internal-testing/llama-tokenizer' instead of the original tokenizer.
[36m(DeTokenizationManager pid=1868)[0m INFO 10-30 08:34:09 [tokenizer.py:49] For some LLaMA-based models, initializing the fast tokenizer may take a long time. To eliminate the initialization time, consider using 'hf-internal-testing/llama-tokenizer' instead of the original tokenizer.
[36m(DeTokenizationManager pid=1875)[0m INFO 10-30 08:34:09 [tokenizer.py:49] For some LLaMA-based models, initializing the fast tokenizer may take a long time. To eliminate the initialization time, consider using 'hf-internal-testing/llama-tokenizer' instead of the original tokenizer.
[36m(DeTokenizationManager pid=1889)[0m INFO 10-30 08:34:09 [tokenizer.py:49] For some LLaMA-based models, initializing the fast tokenizer may take a long time. To eliminate the initialization time, consider using 'hf-internal-testing/llama-tokenizer' instead of the original tokenizer.
[36m(DeTokenizationManager pid=1896)[0m INFO 10-30 08:34:09 [tokenizer.py:49] For some LLaMA-based models, initializing the fast tokenizer may take a long time. To eliminate the initialization time, consider using 'hf-internal-testing/llama-tokenizer' instead of the original tokenizer.
[36m(DeTokenizationManager pid=1879)[0m INFO 10-30 08:34:09 [tokenizer.py:49] For some LLaMA-based models, initializing the fast tokenizer may take a long time. To eliminate the initialization time, consider using 'hf-internal-testing/llama-tokenizer' instead of the original tokenizer.
[36m(DeTokenizationManager pid=1884)[0m INFO 10-30 08:34:09 [tokenizer.py:49] For some LLaMA-based models, initializing the fast tokenizer may take a long time. To eliminate the initialization time, consider using 'hf-internal-testing/llama-tokenizer' instead of the original tokenizer.
[36m(DeTokenizationManager pid=1880)[0m Detokenization manager 1 init ok (on node a2)
[36m(DeTokenizationManager pid=1862)[0m Detokenization manager 0 init ok (on node a2)
[36m(DeTokenizationManager pid=1868)[0m Detokenization manager 3 init ok (on node a2)
[36m(DeTokenizationManager pid=1875)[0m Detokenization manager 2 init ok (on node a2)
[36m(DeTokenizationManager pid=1889)[0m Detokenization manager 4 init ok (on node a2)
[36m(DeTokenizationManager pid=1896)[0m Detokenization manager 6 init ok (on node a2)
[36m(DeTokenizationManager pid=1879)[0m Detokenization manager 5 init ok (on node a2)
[36m(DeTokenizationManager pid=1884)[0m Detokenization manager 7 init ok (on node a2)
[36m(RouterManager pid=1850)[0m nccl_host='127.0.1.1'
[36m(ModelRpcServer pid=1886)[0m [sp_rank = 1/4, tp_rank = 0/2, total_rank = 2/8] available devices: 1, current device: 0, device name = af9f0c48cd89e2f171d0fa82efa6c5157210880701ae528802430e6b, gpu ids = [3], max_mig_len = 10000
[36m(ModelRpcServer pid=1894)[0m [sp_rank = 0/4, tp_rank = 1/2, total_rank = 1/8] available devices: 1, current device: 0, device name = af9f0c48cd89e2f171d0fa82efa6c5157210880701ae528802430e6b, gpu ids = [1], max_mig_len = 10000
[36m(ModelRpcServer pid=1908)[0m [sp_rank = 0/4, tp_rank = 0/2, total_rank = 0/8] available devices: 1, current device: 0, device name = af9f0c48cd89e2f171d0fa82efa6c5157210880701ae528802430e6b, gpu ids = [0], max_mig_len = 10000
[36m(ModelRpcServer pid=1916)[0m [sp_rank = 2/4, tp_rank = 0/2, total_rank = 4/8] available devices: 1, current device: 0, device name = af9f0c48cd89e2f171d0fa82efa6c5157210880701ae528802430e6b, gpu ids = [5], max_mig_len = 10000
[36m(ModelRpcServer pid=1895)[0m [sp_rank = 1/4, tp_rank = 1/2, total_rank = 3/8] available devices: 1, current device: 0, device name = af9f0c48cd89e2f171d0fa82efa6c5157210880701ae528802430e6b, gpu ids = [2], max_mig_len = 10000
[36m(ModelRpcServer pid=1888)[0m [sp_rank = 2/4, tp_rank = 1/2, total_rank = 5/8] available devices: 1, current device: 0, device name = af9f0c48cd89e2f171d0fa82efa6c5157210880701ae528802430e6b, gpu ids = [6], max_mig_len = 10000
[36m(ModelRpcServer pid=1892)[0m [sp_rank = 3/4, tp_rank = 0/2, total_rank = 6/8] available devices: 1, current device: 0, device name = af9f0c48cd89e2f171d0fa82efa6c5157210880701ae528802430e6b, gpu ids = [7], max_mig_len = 10000
[36m(ModelRpcServer pid=1903)[0m [sp_rank = 3/4, tp_rank = 1/2, total_rank = 7/8] available devices: 1, current device: 0, device name = af9f0c48cd89e2f171d0fa82efa6c5157210880701ae528802430e6b, gpu ids = [4], max_mig_len = 10000
[36m(ModelRpcServer pid=1886)[0m INFO 10-30 08:34:20 [longserve_mem_manager.py:26] $$$$$$$$,32,220000,4,4,128
[36m(ModelRpcServer pid=1895)[0m INFO 10-30 08:34:20 [longserve_mem_manager.py:26] $$$$$$$$,32,220000,4,4,128
[36m(ModelRpcServer pid=1894)[0m INFO 10-30 08:34:20 [longserve_mem_manager.py:26] $$$$$$$$,32,220000,4,4,128
[36m(ModelRpcServer pid=1916)[0m INFO 10-30 08:34:20 [longserve_mem_manager.py:26] $$$$$$$$,32,220000,4,4,128
[36m(ModelRpcServer pid=1892)[0m INFO 10-30 08:34:20 [longserve_mem_manager.py:26] $$$$$$$$,32,220000,4,4,128
[36m(ModelRpcServer pid=1903)[0m INFO 10-30 08:34:20 [longserve_mem_manager.py:26] $$$$$$$$,32,220000,4,4,128
[36m(ModelRpcServer pid=1888)[0m INFO 10-30 08:34:20 [longserve_mem_manager.py:26] $$$$$$$$,32,220000,4,4,128
[36m(ModelRpcServer pid=1908)[0m INFO 10-30 08:34:21 [longserve_mem_manager.py:26] $$$$$$$$,32,220000,4,4,128
[36m(ModelRpcServer pid=1886)[0m [(1, 0)] Number of k/v cache slots: 220000
[36m(ModelRpcServer pid=1886)[0m [(1, 0)] Number of request slots: 1032
[36m(ModelRpcServer pid=1894)[0m [(0, 1)] Number of k/v cache slots: 220000
[36m(ModelRpcServer pid=1894)[0m [(0, 1)] Number of request slots: 1032
[36m(ModelRpcServer pid=1916)[0m [(2, 0)] Number of k/v cache slots: 220000
[36m(ModelRpcServer pid=1916)[0m [(2, 0)] Number of request slots: 1032
[36m(ModelRpcServer pid=1895)[0m [(1, 1)] Number of k/v cache slots: 220000
[36m(ModelRpcServer pid=1895)[0m [(1, 1)] Number of request slots: 1032
[36m(ModelRpcServer pid=1888)[0m [(2, 1)] Number of k/v cache slots: 220000
[36m(ModelRpcServer pid=1888)[0m [(2, 1)] Number of request slots: 1032
[36m(RouterManager pid=1850)[0m Models are ready
[36m(ModelRpcServer pid=1908)[0m [(0, 0)] Number of k/v cache slots: 220000
[36m(ModelRpcServer pid=1908)[0m [(0, 0)] Number of request slots: 1032
[36m(ModelRpcServer pid=1892)[0m [(3, 0)] Number of k/v cache slots: 220000
[36m(ModelRpcServer pid=1892)[0m [(3, 0)] Number of request slots: 1032
[36m(ModelRpcServer pid=1903)[0m [(3, 1)] Number of k/v cache slots: 220000
[36m(ModelRpcServer pid=1903)[0m [(3, 1)] Number of request slots: 1032
HTTP server manager init ok
INFO 10-30 08:34:24 [api_server.py:447] Server started at [92m0.0.0.0:8400[1m
[36m(RouterManager pid=1850)[0m INFO 10-30 08:34:24 [manager.py:270] loop loop loop False
[36m(TokenizationManager pid=1918)[0m INFO 10-30 08:34:26 [tokenizer.py:49] For some LLaMA-based models, initializing the fast tokenizer may take a long time. To eliminate the initialization time, consider using 'hf-internal-testing/llama-tokenizer' instead of the original tokenizer.
[36m(TokenizationManager pid=1922)[0m INFO 10-30 08:34:27 [tokenizer.py:49] For some LLaMA-based models, initializing the fast tokenizer may take a long time. To eliminate the initialization time, consider using 'hf-internal-testing/llama-tokenizer' instead of the original tokenizer.
[36m(TokenizationManager pid=1931)[0m INFO 10-30 08:34:27 [tokenizer.py:49] For some LLaMA-based models, initializing the fast tokenizer may take a long time. To eliminate the initialization time, consider using 'hf-internal-testing/llama-tokenizer' instead of the original tokenizer.
[36m(TokenizationManager pid=1887)[0m INFO 10-30 08:34:27 [tokenizer.py:49] For some LLaMA-based models, initializing the fast tokenizer may take a long time. To eliminate the initialization time, consider using 'hf-internal-testing/llama-tokenizer' instead of the original tokenizer.
[36m(TokenizationManager pid=1912)[0m INFO 10-30 08:34:27 [tokenizer.py:49] For some LLaMA-based models, initializing the fast tokenizer may take a long time. To eliminate the initialization time, consider using 'hf-internal-testing/llama-tokenizer' instead of the original tokenizer.
[36m(TokenizationManager pid=1948)[0m INFO 10-30 08:34:26 [tokenizer.py:49] For some LLaMA-based models, initializing the fast tokenizer may take a long time. To eliminate the initialization time, consider using 'hf-internal-testing/llama-tokenizer' instead of the original tokenizer.
[36m(TokenizationManager pid=1950)[0m INFO 10-30 08:34:27 [tokenizer.py:49] For some LLaMA-based models, initializing the fast tokenizer may take a long time. To eliminate the initialization time, consider using 'hf-internal-testing/llama-tokenizer' instead of the original tokenizer.
[36m(TokenizationManager pid=1920)[0m INFO 10-30 08:34:27 [tokenizer.py:49] For some LLaMA-based models, initializing the fast tokenizer may take a long time. To eliminate the initialization time, consider using 'hf-internal-testing/llama-tokenizer' instead of the original tokenizer.
[36m(TokenizationManager pid=1918)[0m Tokenization manager 6 init ok (on node a2)
[36m(TokenizationManager pid=1922)[0m Tokenization manager 0 init ok (on node a2)
[36m(TokenizationManager pid=1931)[0m Tokenization manager 2 init ok (on node a2)
[36m(TokenizationManager pid=1887)[0m Tokenization manager 3 init ok (on node a2)
[36m(TokenizationManager pid=1948)[0m Tokenization manager 7 init ok (on node a2)
[36m(TokenizationManager pid=1950)[0m Tokenization manager 4 init ok (on node a2)
[36m(TokenizationManager pid=1912)[0m Tokenization manager 1 init ok (on node a2)
[36m(TokenizationManager pid=1920)[0m Tokenization manager 5 init ok (on node a2)
[36m(RouterManager pid=1850)[0m === RouterManager iteration 2 ===
[36m(RouterManager pid=1850)[0m self.req_queue.waiting_req_list length: 1
[36m(RouterManager pid=1850)[0m [Router ReqQueue] Req chatcmpl-e8c80d2e5809486db7e0af3b1a6ed980 in_time: 680091.1162, out_time: 680091.1204, total wait time: 0.0042 seconds
[36m(RouterManager pid=1850)[0m [Loongserve manager] scheduling time: 1.65 ms
[36m(RouterManager pid=1850)[0m [Loongserve manager] prefill and decoding batch scheduling results:
[36m(RouterManager pid=1850)[0m     prefill batch id: 1580821d1dd5467fbf68f440d986a467, req num: 1, occupied instances: [0, 1], batch_used_tokens_sum: 0
[36m(RouterManager pid=1850)[0m [Loongserve manager] running batch id: 1580821d1dd5467fbf68f440d986a467, req num: 1, occupied instances: [0], batch_used_tokens_sum: 1179
[36m(RouterManager pid=1850)[0m === RouterManager iteration 3 ===
[36m(RouterManager pid=1850)[0m self.req_queue.waiting_req_list length: 0
[36m(RouterManager pid=1850)[0m === RouterManager iteration 4 ===
[36m(RouterManager pid=1850)[0m self.req_queue.waiting_req_list length: 0
[36m(RouterManager pid=1850)[0m === RouterManager iteration 5 ===
[36m(RouterManager pid=1850)[0m self.req_queue.waiting_req_list length: 0
[36m(RouterManager pid=1850)[0m === RouterManager iteration 6 ===
[36m(RouterManager pid=1850)[0m self.req_queue.waiting_req_list length: 0
[36m(RouterManager pid=1850)[0m === RouterManager iteration 7 ===
[36m(RouterManager pid=1850)[0m self.req_queue.waiting_req_list length: 0
[36m(RouterManager pid=1850)[0m === RouterManager iteration 8 ===
[36m(RouterManager pid=1850)[0m self.req_queue.waiting_req_list length: 0
[36m(RouterManager pid=1850)[0m === RouterManager iteration 9 ===
[36m(RouterManager pid=1850)[0m self.req_queue.waiting_req_list length: 0
[36m(RouterManager pid=1850)[0m === RouterManager iteration 10 ===
[36m(RouterManager pid=1850)[0m self.req_queue.waiting_req_list length: 0
[36m(RouterManager pid=1850)[0m === RouterManager iteration 11 ===
[36m(RouterManager pid=1850)[0m self.req_queue.waiting_req_list length: 0
[36m(RouterManager pid=1850)[0m === RouterManager iteration 12 ===
[36m(RouterManager pid=1850)[0m self.req_queue.waiting_req_list length: 0
[36m(RouterManager pid=1850)[0m === RouterManager iteration 13 ===
[36m(RouterManager pid=1850)[0m self.req_queue.waiting_req_list length: 0
[36m(RouterManager pid=1850)[0m === RouterManager iteration 14 ===
[36m(RouterManager pid=1850)[0m self.req_queue.waiting_req_list length: 0
[36m(RouterManager pid=1850)[0m === RouterManager iteration 15 ===
[36m(RouterManager pid=1850)[0m self.req_queue.waiting_req_list length: 0
[36m(RouterManager pid=1850)[0m === RouterManager iteration 16 ===
[36m(RouterManager pid=1850)[0m self.req_queue.waiting_req_list length: 0
[36m(RouterManager pid=1850)[0m === RouterManager iteration 17 ===
[36m(RouterManager pid=1850)[0m self.req_queue.waiting_req_list length: 0
[36m(RouterManager pid=1850)[0m === RouterManager iteration 18 ===
[36m(RouterManager pid=1850)[0m self.req_queue.waiting_req_list length: 0
[36m(RouterManager pid=1850)[0m === RouterManager iteration 19 ===
[36m(RouterManager pid=1850)[0m self.req_queue.waiting_req_list length: 0
[36m(RouterManager pid=1850)[0m === RouterManager iteration 20 ===
[36m(RouterManager pid=1850)[0m self.req_queue.waiting_req_list length: 0
[36m(RouterManager pid=1850)[0m === RouterManager iteration 21 ===
[36m(RouterManager pid=1850)[0m self.req_queue.waiting_req_list length: 0
[36m(RouterManager pid=1850)[0m === RouterManager iteration 22 ===
[36m(RouterManager pid=1850)[0m self.req_queue.waiting_req_list length: 0
[36m(RouterManager pid=1850)[0m === RouterManager iteration 23 ===
[36m(RouterManager pid=1850)[0m self.req_queue.waiting_req_list length: 0
[36m(RouterManager pid=1850)[0m === RouterManager iteration 24 ===
[36m(RouterManager pid=1850)[0m self.req_queue.waiting_req_list length: 0
[36m(RouterManager pid=1850)[0m === RouterManager iteration 25 ===
[36m(RouterManager pid=1850)[0m self.req_queue.waiting_req_list length: 0
[36m(RouterManager pid=1850)[0m === RouterManager iteration 26 ===
[36m(RouterManager pid=1850)[0m self.req_queue.waiting_req_list length: 0
[36m(RouterManager pid=1850)[0m === RouterManager iteration 27 ===
[36m(RouterManager pid=1850)[0m self.req_queue.waiting_req_list length: 0
[36m(RouterManager pid=1850)[0m === RouterManager iteration 28 ===
[36m(RouterManager pid=1850)[0m self.req_queue.waiting_req_list length: 0
[36m(RouterManager pid=1850)[0m === RouterManager iteration 29 ===
[36m(RouterManager pid=1850)[0m self.req_queue.waiting_req_list length: 0
[36m(RouterManager pid=1850)[0m === RouterManager iteration 30 ===
[36m(RouterManager pid=1850)[0m self.req_queue.waiting_req_list length: 0
[36m(RouterManager pid=1850)[0m === RouterManager iteration 31 ===
[36m(RouterManager pid=1850)[0m self.req_queue.waiting_req_list length: 0
[36m(RouterManager pid=1850)[0m === RouterManager iteration 32 ===
[36m(RouterManager pid=1850)[0m self.req_queue.waiting_req_list length: 0
[36m(RouterManager pid=1850)[0m === RouterManager iteration 33 ===
[36m(RouterManager pid=1850)[0m self.req_queue.waiting_req_list length: 0
[36m(RouterManager pid=1850)[0m === RouterManager iteration 34 ===
[36m(RouterManager pid=1850)[0m self.req_queue.waiting_req_list length: 0
[36m(RouterManager pid=1850)[0m === RouterManager iteration 35 ===
[36m(RouterManager pid=1850)[0m self.req_queue.waiting_req_list length: 0
[36m(RouterManager pid=1850)[0m === RouterManager iteration 36 ===
[36m(RouterManager pid=1850)[0m self.req_queue.waiting_req_list length: 0
[36m(RouterManager pid=1850)[0m === RouterManager iteration 37 ===
[36m(RouterManager pid=1850)[0m self.req_queue.waiting_req_list length: 0
[36m(RouterManager pid=1850)[0m === RouterManager iteration 38 ===
[36m(RouterManager pid=1850)[0m self.req_queue.waiting_req_list length: 0
[36m(RouterManager pid=1850)[0m === RouterManager iteration 39 ===
[36m(RouterManager pid=1850)[0m self.req_queue.waiting_req_list length: 0
[36m(RouterManager pid=1850)[0m === RouterManager iteration 40 ===
[36m(RouterManager pid=1850)[0m self.req_queue.waiting_req_list length: 0
[36m(RouterManager pid=1850)[0m === RouterManager iteration 41 ===
[36m(RouterManager pid=1850)[0m self.req_queue.waiting_req_list length: 0
[36m(RouterManager pid=1850)[0m === RouterManager iteration 42 ===
[36m(RouterManager pid=1850)[0m self.req_queue.waiting_req_list length: 0
[36m(RouterManager pid=1850)[0m === RouterManager iteration 43 ===
[36m(RouterManager pid=1850)[0m self.req_queue.waiting_req_list length: 0
[36m(RouterManager pid=1850)[0m === RouterManager iteration 44 ===
[36m(RouterManager pid=1850)[0m self.req_queue.waiting_req_list length: 0
[36m(RouterManager pid=1850)[0m === RouterManager iteration 45 ===
[36m(RouterManager pid=1850)[0m self.req_queue.waiting_req_list length: 0
[36m(RouterManager pid=1850)[0m === RouterManager iteration 46 ===
[36m(RouterManager pid=1850)[0m self.req_queue.waiting_req_list length: 0
[36m(RouterManager pid=1850)[0m === RouterManager iteration 47 ===
[36m(RouterManager pid=1850)[0m self.req_queue.waiting_req_list length: 0
[36m(RouterManager pid=1850)[0m === RouterManager iteration 48 ===
[36m(RouterManager pid=1850)[0m self.req_queue.waiting_req_list length: 0
[36m(RouterManager pid=1850)[0m === RouterManager iteration 49 ===
[36m(RouterManager pid=1850)[0m self.req_queue.waiting_req_list length: 0
[36m(RouterManager pid=1850)[0m === RouterManager iteration 50 ===
[36m(RouterManager pid=1850)[0m self.req_queue.waiting_req_list length: 0
[36m(RouterManager pid=1850)[0m === RouterManager iteration 51 ===
[36m(RouterManager pid=1850)[0m self.req_queue.waiting_req_list length: 0
[36m(RouterManager pid=1850)[0m === RouterManager iteration 52 ===
[36m(RouterManager pid=1850)[0m self.req_queue.waiting_req_list length: 0
[36m(RouterManager pid=1850)[0m === RouterManager iteration 53 ===
[36m(RouterManager pid=1850)[0m self.req_queue.waiting_req_list length: 0
[36m(RouterManager pid=1850)[0m === RouterManager iteration 54 ===
[36m(RouterManager pid=1850)[0m self.req_queue.waiting_req_list length: 0
[36m(RouterManager pid=1850)[0m === RouterManager iteration 55 ===
[36m(RouterManager pid=1850)[0m self.req_queue.waiting_req_list length: 0
[36m(RouterManager pid=1850)[0m === RouterManager iteration 56 ===
[36m(RouterManager pid=1850)[0m self.req_queue.waiting_req_list length: 0
[36m(RouterManager pid=1850)[0m === RouterManager iteration 57 ===
[36m(RouterManager pid=1850)[0m self.req_queue.waiting_req_list length: 0
[36m(RouterManager pid=1850)[0m === RouterManager iteration 58 ===
[36m(RouterManager pid=1850)[0m self.req_queue.waiting_req_list length: 0
[36m(RouterManager pid=1850)[0m === RouterManager iteration 59 ===
[36m(RouterManager pid=1850)[0m self.req_queue.waiting_req_list length: 0
[36m(RouterManager pid=1850)[0m === RouterManager iteration 60 ===
[36m(RouterManager pid=1850)[0m self.req_queue.waiting_req_list length: 0
[36m(RouterManager pid=1850)[0m === RouterManager iteration 61 ===
[36m(RouterManager pid=1850)[0m self.req_queue.waiting_req_list length: 0
[36m(RouterManager pid=1850)[0m === RouterManager iteration 62 ===
[36m(RouterManager pid=1850)[0m self.req_queue.waiting_req_list length: 0
[36m(RouterManager pid=1850)[0m === RouterManager iteration 63 ===
[36m(RouterManager pid=1850)[0m self.req_queue.waiting_req_list length: 0
[36m(RouterManager pid=1850)[0m === RouterManager iteration 64 ===
[36m(RouterManager pid=1850)[0m self.req_queue.waiting_req_list length: 0
[36m(RouterManager pid=1850)[0m === RouterManager iteration 65 ===
[36m(RouterManager pid=1850)[0m self.req_queue.waiting_req_list length: 0
[36m(RouterManager pid=1850)[0m === RouterManager iteration 66 ===
[36m(RouterManager pid=1850)[0m self.req_queue.waiting_req_list length: 0
[36m(RouterManager pid=1850)[0m === RouterManager iteration 67 ===
[36m(RouterManager pid=1850)[0m self.req_queue.waiting_req_list length: 0
[36m(RouterManager pid=1850)[0m === RouterManager iteration 68 ===
[36m(RouterManager pid=1850)[0m self.req_queue.waiting_req_list length: 0
[36m(RouterManager pid=1850)[0m === RouterManager iteration 69 ===
[36m(RouterManager pid=1850)[0m self.req_queue.waiting_req_list length: 0
[36m(RouterManager pid=1850)[0m === RouterManager iteration 70 ===
[36m(RouterManager pid=1850)[0m self.req_queue.waiting_req_list length: 0
[36m(RouterManager pid=1850)[0m === RouterManager iteration 71 ===
[36m(RouterManager pid=1850)[0m self.req_queue.waiting_req_list length: 0
[36m(RouterManager pid=1850)[0m === RouterManager iteration 72 ===
[36m(RouterManager pid=1850)[0m self.req_queue.waiting_req_list length: 0
[36m(RouterManager pid=1850)[0m === RouterManager iteration 73 ===
[36m(RouterManager pid=1850)[0m self.req_queue.waiting_req_list length: 0
[36m(RouterManager pid=1850)[0m === RouterManager iteration 74 ===
[36m(RouterManager pid=1850)[0m self.req_queue.waiting_req_list length: 0
[36m(RouterManager pid=1850)[0m === RouterManager iteration 75 ===
[36m(RouterManager pid=1850)[0m self.req_queue.waiting_req_list length: 0
[36m(RouterManager pid=1850)[0m === RouterManager iteration 76 ===
[36m(RouterManager pid=1850)[0m self.req_queue.waiting_req_list length: 0
[36m(RouterManager pid=1850)[0m === RouterManager iteration 77 ===
[36m(RouterManager pid=1850)[0m self.req_queue.waiting_req_list length: 0
[36m(RouterManager pid=1850)[0m === RouterManager iteration 78 ===
[36m(RouterManager pid=1850)[0m self.req_queue.waiting_req_list length: 0
[36m(RouterManager pid=1850)[0m === RouterManager iteration 79 ===
[36m(RouterManager pid=1850)[0m self.req_queue.waiting_req_list length: 0
[36m(RouterManager pid=1850)[0m === RouterManager iteration 80 ===
[36m(RouterManager pid=1850)[0m self.req_queue.waiting_req_list length: 0
[36m(RouterManager pid=1850)[0m === RouterManager iteration 81 ===
[36m(RouterManager pid=1850)[0m self.req_queue.waiting_req_list length: 0
[36m(RouterManager pid=1850)[0m === RouterManager iteration 82 ===
[36m(RouterManager pid=1850)[0m self.req_queue.waiting_req_list length: 0
[36m(RouterManager pid=1850)[0m === RouterManager iteration 83 ===
[36m(RouterManager pid=1850)[0m self.req_queue.waiting_req_list length: 0
[36m(RouterManager pid=1850)[0m === RouterManager iteration 84 ===
[36m(RouterManager pid=1850)[0m self.req_queue.waiting_req_list length: 0
[36m(RouterManager pid=1850)[0m === RouterManager iteration 85 ===
[36m(RouterManager pid=1850)[0m self.req_queue.waiting_req_list length: 0
[36m(RouterManager pid=1850)[0m === RouterManager iteration 86 ===
[36m(RouterManager pid=1850)[0m self.req_queue.waiting_req_list length: 0
[36m(RouterManager pid=1850)[0m === RouterManager iteration 87 ===
[36m(RouterManager pid=1850)[0m self.req_queue.waiting_req_list length: 0
[36m(RouterManager pid=1850)[0m === RouterManager iteration 88 ===
[36m(RouterManager pid=1850)[0m self.req_queue.waiting_req_list length: 0
[36m(RouterManager pid=1850)[0m === RouterManager iteration 89 ===
[36m(RouterManager pid=1850)[0m self.req_queue.waiting_req_list length: 0
[36m(RouterManager pid=1850)[0m === RouterManager iteration 90 ===
[36m(RouterManager pid=1850)[0m self.req_queue.waiting_req_list length: 0
[36m(RouterManager pid=1850)[0m === RouterManager iteration 91 ===
[36m(RouterManager pid=1850)[0m self.req_queue.waiting_req_list length: 0
[36m(RouterManager pid=1850)[0m === RouterManager iteration 92 ===
[36m(RouterManager pid=1850)[0m self.req_queue.waiting_req_list length: 0
[36m(RouterManager pid=1850)[0m === RouterManager iteration 93 ===
[36m(RouterManager pid=1850)[0m self.req_queue.waiting_req_list length: 0
[36m(RouterManager pid=1850)[0m === RouterManager iteration 94 ===
[36m(RouterManager pid=1850)[0m self.req_queue.waiting_req_list length: 0
[36m(RouterManager pid=1850)[0m === RouterManager iteration 95 ===
[36m(RouterManager pid=1850)[0m self.req_queue.waiting_req_list length: 0
[36m(RouterManager pid=1850)[0m === RouterManager iteration 96 ===
[36m(RouterManager pid=1850)[0m self.req_queue.waiting_req_list length: 0
[36m(RouterManager pid=1850)[0m === RouterManager iteration 97 ===
[36m(RouterManager pid=1850)[0m self.req_queue.waiting_req_list length: 0
[36m(RouterManager pid=1850)[0m === RouterManager iteration 98 ===
[36m(RouterManager pid=1850)[0m self.req_queue.waiting_req_list length: 0
[36m(RouterManager pid=1850)[0m === RouterManager iteration 99 ===
[36m(RouterManager pid=1850)[0m self.req_queue.waiting_req_list length: 0
[36m(RouterManager pid=1850)[0m === RouterManager iteration 100 ===
[36m(RouterManager pid=1850)[0m self.req_queue.waiting_req_list length: 0
[36m(RouterManager pid=1850)[0m === RouterManager iteration 101 ===
[36m(RouterManager pid=1850)[0m self.req_queue.waiting_req_list length: 0
[36m(RouterManager pid=1850)[0m === RouterManager iteration 102 ===
[36m(RouterManager pid=1850)[0m self.req_queue.waiting_req_list length: 0
[36m(RouterManager pid=1850)[0m === RouterManager iteration 103 ===
[36m(RouterManager pid=1850)[0m self.req_queue.waiting_req_list length: 0
[36m(RouterManager pid=1850)[0m === RouterManager iteration 104 ===
[36m(RouterManager pid=1850)[0m self.req_queue.waiting_req_list length: 0
[36m(RouterManager pid=1850)[0m === RouterManager iteration 105 ===
[36m(RouterManager pid=1850)[0m self.req_queue.waiting_req_list length: 0
[36m(RouterManager pid=1850)[0m === RouterManager iteration 106 ===
[36m(RouterManager pid=1850)[0m self.req_queue.waiting_req_list length: 0
[36m(RouterManager pid=1850)[0m === RouterManager iteration 107 ===
[36m(RouterManager pid=1850)[0m self.req_queue.waiting_req_list length: 0
[36m(RouterManager pid=1850)[0m === RouterManager iteration 108 ===
[36m(RouterManager pid=1850)[0m self.req_queue.waiting_req_list length: 0
[36m(RouterManager pid=1850)[0m === RouterManager iteration 109 ===
[36m(RouterManager pid=1850)[0m self.req_queue.waiting_req_list length: 0
[36m(RouterManager pid=1850)[0m === RouterManager iteration 110 ===
[36m(RouterManager pid=1850)[0m self.req_queue.waiting_req_list length: 0
[36m(RouterManager pid=1850)[0m === RouterManager iteration 111 ===
[36m(RouterManager pid=1850)[0m self.req_queue.waiting_req_list length: 0
[36m(RouterManager pid=1850)[0m === RouterManager iteration 112 ===
[36m(RouterManager pid=1850)[0m self.req_queue.waiting_req_list length: 0
[36m(RouterManager pid=1850)[0m === RouterManager iteration 113 ===
[36m(RouterManager pid=1850)[0m self.req_queue.waiting_req_list length: 0
[36m(RouterManager pid=1850)[0m === RouterManager iteration 114 ===
[36m(RouterManager pid=1850)[0m self.req_queue.waiting_req_list length: 0
[36m(RouterManager pid=1850)[0m === RouterManager iteration 115 ===
[36m(RouterManager pid=1850)[0m self.req_queue.waiting_req_list length: 0
[36m(RouterManager pid=1850)[0m === RouterManager iteration 116 ===
[36m(RouterManager pid=1850)[0m self.req_queue.waiting_req_list length: 0
[36m(RouterManager pid=1850)[0m === RouterManager iteration 117 ===
[36m(RouterManager pid=1850)[0m self.req_queue.waiting_req_list length: 0
[36m(RouterManager pid=1850)[0m === RouterManager iteration 118 ===
[36m(RouterManager pid=1850)[0m self.req_queue.waiting_req_list length: 0
[36m(RouterManager pid=1850)[0m === RouterManager iteration 119 ===
[36m(RouterManager pid=1850)[0m self.req_queue.waiting_req_list length: 0
[36m(RouterManager pid=1850)[0m === RouterManager iteration 120 ===
[36m(RouterManager pid=1850)[0m self.req_queue.waiting_req_list length: 0
[36m(RouterManager pid=1850)[0m === RouterManager iteration 121 ===
[36m(RouterManager pid=1850)[0m self.req_queue.waiting_req_list length: 0
[36m(RouterManager pid=1850)[0m === RouterManager iteration 122 ===
[36m(RouterManager pid=1850)[0m self.req_queue.waiting_req_list length: 0
[36m(RouterManager pid=1850)[0m === RouterManager iteration 123 ===
[36m(RouterManager pid=1850)[0m self.req_queue.waiting_req_list length: 0
[36m(RouterManager pid=1850)[0m === RouterManager iteration 124 ===
[36m(RouterManager pid=1850)[0m self.req_queue.waiting_req_list length: 0
[36m(RouterManager pid=1850)[0m === RouterManager iteration 125 ===
[36m(RouterManager pid=1850)[0m self.req_queue.waiting_req_list length: 0
[36m(RouterManager pid=1850)[0m === RouterManager iteration 126 ===
[36m(RouterManager pid=1850)[0m self.req_queue.waiting_req_list length: 0
[36m(RouterManager pid=1850)[0m === RouterManager iteration 127 ===
[36m(RouterManager pid=1850)[0m self.req_queue.waiting_req_list length: 0
[36m(RouterManager pid=1850)[0m === RouterManager iteration 128 ===
[36m(RouterManager pid=1850)[0m self.req_queue.waiting_req_list length: 0
[36m(RouterManager pid=1850)[0m === RouterManager iteration 129 ===
[36m(RouterManager pid=1850)[0m self.req_queue.waiting_req_list length: 0
[36m(RouterManager pid=1850)[0m === RouterManager iteration 130 ===
[36m(RouterManager pid=1850)[0m self.req_queue.waiting_req_list length: 0
[36m(RouterManager pid=1850)[0m === RouterManager iteration 131 ===
[36m(RouterManager pid=1850)[0m self.req_queue.waiting_req_list length: 0
[36m(RouterManager pid=1850)[0m === RouterManager iteration 132 ===
[36m(RouterManager pid=1850)[0m self.req_queue.waiting_req_list length: 0
[36m(RouterManager pid=1850)[0m === RouterManager iteration 133 ===
[36m(RouterManager pid=1850)[0m self.req_queue.waiting_req_list length: 0
[36m(RouterManager pid=1850)[0m === RouterManager iteration 134 ===
[36m(RouterManager pid=1850)[0m self.req_queue.waiting_req_list length: 0
[36m(RouterManager pid=1850)[0m === RouterManager iteration 135 ===
[36m(RouterManager pid=1850)[0m self.req_queue.waiting_req_list length: 0
[36m(RouterManager pid=1850)[0m === RouterManager iteration 136 ===
[36m(RouterManager pid=1850)[0m self.req_queue.waiting_req_list length: 0
[36m(RouterManager pid=1850)[0m === RouterManager iteration 137 ===
[36m(RouterManager pid=1850)[0m self.req_queue.waiting_req_list length: 0
[36m(RouterManager pid=1850)[0m === RouterManager iteration 138 ===
[36m(RouterManager pid=1850)[0m self.req_queue.waiting_req_list length: 0
[36m(RouterManager pid=1850)[0m === RouterManager iteration 139 ===
[36m(RouterManager pid=1850)[0m self.req_queue.waiting_req_list length: 0
[36m(RouterManager pid=1850)[0m === RouterManager iteration 140 ===
[36m(RouterManager pid=1850)[0m self.req_queue.waiting_req_list length: 0
[36m(RouterManager pid=1850)[0m === RouterManager iteration 141 ===
[36m(RouterManager pid=1850)[0m self.req_queue.waiting_req_list length: 0
[36m(RouterManager pid=1850)[0m === RouterManager iteration 142 ===
[36m(RouterManager pid=1850)[0m self.req_queue.waiting_req_list length: 0
[36m(RouterManager pid=1850)[0m === RouterManager iteration 143 ===
[36m(RouterManager pid=1850)[0m self.req_queue.waiting_req_list length: 0
[36m(RouterManager pid=1850)[0m === RouterManager iteration 144 ===
[36m(RouterManager pid=1850)[0m self.req_queue.waiting_req_list length: 0
[36m(RouterManager pid=1850)[0m === RouterManager iteration 145 ===
[36m(RouterManager pid=1850)[0m self.req_queue.waiting_req_list length: 0
[36m(RouterManager pid=1850)[0m === RouterManager iteration 146 ===
[36m(RouterManager pid=1850)[0m self.req_queue.waiting_req_list length: 0
[36m(RouterManager pid=1850)[0m === RouterManager iteration 147 ===
[36m(RouterManager pid=1850)[0m self.req_queue.waiting_req_list length: 0
[36m(RouterManager pid=1850)[0m === RouterManager iteration 148 ===
[36m(RouterManager pid=1850)[0m self.req_queue.waiting_req_list length: 0
[36m(RouterManager pid=1850)[0m === RouterManager iteration 149 ===
[36m(RouterManager pid=1850)[0m self.req_queue.waiting_req_list length: 0
[36m(RouterManager pid=1850)[0m === RouterManager iteration 150 ===
[36m(RouterManager pid=1850)[0m self.req_queue.waiting_req_list length: 0
[36m(RouterManager pid=1850)[0m === RouterManager iteration 151 ===
[36m(RouterManager pid=1850)[0m self.req_queue.waiting_req_list length: 0
[36m(RouterManager pid=1850)[0m === RouterManager iteration 152 ===
[36m(RouterManager pid=1850)[0m self.req_queue.waiting_req_list length: 0
[36m(RouterManager pid=1850)[0m === RouterManager iteration 153 ===
[36m(RouterManager pid=1850)[0m self.req_queue.waiting_req_list length: 0
[36m(RouterManager pid=1850)[0m === RouterManager iteration 154 ===
[36m(RouterManager pid=1850)[0m self.req_queue.waiting_req_list length: 0
[36m(RouterManager pid=1850)[0m === RouterManager iteration 155 ===
[36m(RouterManager pid=1850)[0m self.req_queue.waiting_req_list length: 0
[36m(RouterManager pid=1850)[0m === RouterManager iteration 156 ===
[36m(RouterManager pid=1850)[0m self.req_queue.waiting_req_list length: 0
[36m(RouterManager pid=1850)[0m === RouterManager iteration 157 ===
[36m(RouterManager pid=1850)[0m self.req_queue.waiting_req_list length: 0
[36m(RouterManager pid=1850)[0m === RouterManager iteration 158 ===
[36m(RouterManager pid=1850)[0m self.req_queue.waiting_req_list length: 0
[36m(RouterManager pid=1850)[0m === RouterManager iteration 159 ===
[36m(RouterManager pid=1850)[0m self.req_queue.waiting_req_list length: 0
[36m(RouterManager pid=1850)[0m === RouterManager iteration 160 ===
[36m(RouterManager pid=1850)[0m self.req_queue.waiting_req_list length: 0
[36m(RouterManager pid=1850)[0m === RouterManager iteration 161 ===
[36m(RouterManager pid=1850)[0m self.req_queue.waiting_req_list length: 0
[36m(RouterManager pid=1850)[0m === RouterManager iteration 162 ===
[36m(RouterManager pid=1850)[0m self.req_queue.waiting_req_list length: 0
[36m(RouterManager pid=1850)[0m === RouterManager iteration 163 ===
[36m(RouterManager pid=1850)[0m self.req_queue.waiting_req_list length: 0
[36m(RouterManager pid=1850)[0m === RouterManager iteration 164 ===
[36m(RouterManager pid=1850)[0m self.req_queue.waiting_req_list length: 0
[36m(RouterManager pid=1850)[0m === RouterManager iteration 165 ===
[36m(RouterManager pid=1850)[0m self.req_queue.waiting_req_list length: 0
[36m(RouterManager pid=1850)[0m === RouterManager iteration 166 ===
[36m(RouterManager pid=1850)[0m self.req_queue.waiting_req_list length: 0
[36m(RouterManager pid=1850)[0m === RouterManager iteration 167 ===
[36m(RouterManager pid=1850)[0m self.req_queue.waiting_req_list length: 0
[36m(RouterManager pid=1850)[0m === RouterManager iteration 168 ===
[36m(RouterManager pid=1850)[0m self.req_queue.waiting_req_list length: 0
[36m(RouterManager pid=1850)[0m === RouterManager iteration 169 ===
[36m(RouterManager pid=1850)[0m self.req_queue.waiting_req_list length: 0
[36m(RouterManager pid=1850)[0m === RouterManager iteration 170 ===
[36m(RouterManager pid=1850)[0m self.req_queue.waiting_req_list length: 0
[36m(RouterManager pid=1850)[0m === RouterManager iteration 171 ===
[36m(RouterManager pid=1850)[0m self.req_queue.waiting_req_list length: 0
[36m(RouterManager pid=1850)[0m === RouterManager iteration 172 ===
[36m(RouterManager pid=1850)[0m self.req_queue.waiting_req_list length: 0
[36m(RouterManager pid=1850)[0m === RouterManager iteration 173 ===
[36m(RouterManager pid=1850)[0m self.req_queue.waiting_req_list length: 0
[36m(RouterManager pid=1850)[0m === RouterManager iteration 174 ===
[36m(RouterManager pid=1850)[0m self.req_queue.waiting_req_list length: 0
[36m(RouterManager pid=1850)[0m === RouterManager iteration 175 ===
[36m(RouterManager pid=1850)[0m self.req_queue.waiting_req_list length: 0
[36m(RouterManager pid=1850)[0m === RouterManager iteration 176 ===
[36m(RouterManager pid=1850)[0m self.req_queue.waiting_req_list length: 0
[36m(RouterManager pid=1850)[0m === RouterManager iteration 177 ===
[36m(RouterManager pid=1850)[0m self.req_queue.waiting_req_list length: 0
[36m(RouterManager pid=1850)[0m === RouterManager iteration 178 ===
[36m(RouterManager pid=1850)[0m self.req_queue.waiting_req_list length: 0
[36m(RouterManager pid=1850)[0m === RouterManager iteration 179 ===
[36m(RouterManager pid=1850)[0m self.req_queue.waiting_req_list length: 0
[36m(RouterManager pid=1850)[0m === RouterManager iteration 180 ===
[36m(RouterManager pid=1850)[0m self.req_queue.waiting_req_list length: 0
[36m(RouterManager pid=1850)[0m === RouterManager iteration 181 ===
[36m(RouterManager pid=1850)[0m self.req_queue.waiting_req_list length: 0
[36m(RouterManager pid=1850)[0m === RouterManager iteration 182 ===
[36m(RouterManager pid=1850)[0m self.req_queue.waiting_req_list length: 0
[36m(RouterManager pid=1850)[0m === RouterManager iteration 183 ===
[36m(RouterManager pid=1850)[0m self.req_queue.waiting_req_list length: 0
[36m(RouterManager pid=1850)[0m === RouterManager iteration 184 ===
[36m(RouterManager pid=1850)[0m self.req_queue.waiting_req_list length: 0
[36m(RouterManager pid=1850)[0m === RouterManager iteration 185 ===
[36m(RouterManager pid=1850)[0m self.req_queue.waiting_req_list length: 0
[36m(RouterManager pid=1850)[0m === RouterManager iteration 186 ===
[36m(RouterManager pid=1850)[0m self.req_queue.waiting_req_list length: 0
[36m(RouterManager pid=1850)[0m === RouterManager iteration 187 ===
[36m(RouterManager pid=1850)[0m self.req_queue.waiting_req_list length: 0
[36m(RouterManager pid=1850)[0m === RouterManager iteration 188 ===
[36m(RouterManager pid=1850)[0m self.req_queue.waiting_req_list length: 0
[36m(RouterManager pid=1850)[0m === RouterManager iteration 189 ===
[36m(RouterManager pid=1850)[0m self.req_queue.waiting_req_list length: 0
[36m(RouterManager pid=1850)[0m === RouterManager iteration 190 ===
[36m(RouterManager pid=1850)[0m self.req_queue.waiting_req_list length: 0
[36m(RouterManager pid=1850)[0m === RouterManager iteration 191 ===
[36m(RouterManager pid=1850)[0m self.req_queue.waiting_req_list length: 0
[36m(RouterManager pid=1850)[0m === RouterManager iteration 192 ===
[36m(RouterManager pid=1850)[0m self.req_queue.waiting_req_list length: 0
[36m(RouterManager pid=1850)[0m === RouterManager iteration 193 ===
[36m(RouterManager pid=1850)[0m self.req_queue.waiting_req_list length: 0
[36m(RouterManager pid=1850)[0m === RouterManager iteration 194 ===
[36m(RouterManager pid=1850)[0m self.req_queue.waiting_req_list length: 0
[36m(RouterManager pid=1850)[0m === RouterManager iteration 195 ===
[36m(RouterManager pid=1850)[0m self.req_queue.waiting_req_list length: 0
[36m(RouterManager pid=1850)[0m === RouterManager iteration 196 ===
[36m(RouterManager pid=1850)[0m self.req_queue.waiting_req_list length: 0
[36m(RouterManager pid=1850)[0m === RouterManager iteration 197 ===
[36m(RouterManager pid=1850)[0m self.req_queue.waiting_req_list length: 0
[36m(RouterManager pid=1850)[0m === RouterManager iteration 198 ===
[36m(RouterManager pid=1850)[0m self.req_queue.waiting_req_list length: 0
[36m(RouterManager pid=1850)[0m === RouterManager iteration 199 ===
[36m(RouterManager pid=1850)[0m self.req_queue.waiting_req_list length: 0
[36m(RouterManager pid=1850)[0m === RouterManager iteration 200 ===
[36m(RouterManager pid=1850)[0m self.req_queue.waiting_req_list length: 0
[36m(RouterManager pid=1850)[0m === RouterManager iteration 201 ===
[36m(RouterManager pid=1850)[0m self.req_queue.waiting_req_list length: 0
[36m(RouterManager pid=1850)[0m === RouterManager iteration 202 ===
[36m(RouterManager pid=1850)[0m self.req_queue.waiting_req_list length: 0
[36m(RouterManager pid=1850)[0m === RouterManager iteration 203 ===
[36m(RouterManager pid=1850)[0m self.req_queue.waiting_req_list length: 0
[36m(RouterManager pid=1850)[0m === RouterManager iteration 204 ===
[36m(RouterManager pid=1850)[0m self.req_queue.waiting_req_list length: 0
[36m(RouterManager pid=1850)[0m === RouterManager iteration 205 ===
[36m(RouterManager pid=1850)[0m self.req_queue.waiting_req_list length: 0
[36m(RouterManager pid=1850)[0m === RouterManager iteration 206 ===
[36m(RouterManager pid=1850)[0m self.req_queue.waiting_req_list length: 0
[36m(RouterManager pid=1850)[0m === RouterManager iteration 207 ===
[36m(RouterManager pid=1850)[0m self.req_queue.waiting_req_list length: 0
[36m(RouterManager pid=1850)[0m === RouterManager iteration 209 ===
[36m(RouterManager pid=1850)[0m self.req_queue.waiting_req_list length: 1
[36m(RouterManager pid=1850)[0m [Router ReqQueue] Req chatcmpl-8d2443659c1c4d768b83fda6fcdd6fe6 in_time: 680096.5782, out_time: 680096.5830, total wait time: 0.0048 seconds
[36m(RouterManager pid=1850)[0m [Loongserve manager] scheduling time: 0.34 ms
[36m(RouterManager pid=1850)[0m [Loongserve manager] prefill and decoding batch scheduling results:
[36m(RouterManager pid=1850)[0m     prefill batch id: 985218221fcc43899f4f93f723d96e9c, req num: 1, occupied instances: [0, 1], batch_used_tokens_sum: 0
[36m(RouterManager pid=1850)[0m [Loongserve manager] running batch id: 985218221fcc43899f4f93f723d96e9c, req num: 1, occupied instances: [0], batch_used_tokens_sum: 1178
[36m(RouterManager pid=1850)[0m === RouterManager iteration 211 ===
[36m(RouterManager pid=1850)[0m self.req_queue.waiting_req_list length: 16
[36m(RouterManager pid=1850)[0m === RouterManager iteration 213 ===
[36m(RouterManager pid=1850)[0m self.req_queue.waiting_req_list length: 18
[36m(RouterManager pid=1850)[0m === RouterManager iteration 215 ===
[36m(RouterManager pid=1850)[0m self.req_queue.waiting_req_list length: 18
[36m(RouterManager pid=1850)[0m === RouterManager iteration 217 ===
[36m(RouterManager pid=1850)[0m self.req_queue.waiting_req_list length: 18
[36m(RouterManager pid=1850)[0m === RouterManager iteration 219 ===
[36m(RouterManager pid=1850)[0m self.req_queue.waiting_req_list length: 18
[36m(RouterManager pid=1850)[0m === RouterManager iteration 221 ===
[36m(RouterManager pid=1850)[0m self.req_queue.waiting_req_list length: 19
[36m(RouterManager pid=1850)[0m === RouterManager iteration 223 ===
[36m(RouterManager pid=1850)[0m self.req_queue.waiting_req_list length: 19
[36m(RouterManager pid=1850)[0m === RouterManager iteration 225 ===
[36m(RouterManager pid=1850)[0m self.req_queue.waiting_req_list length: 19
[36m(RouterManager pid=1850)[0m === RouterManager iteration 227 ===
[36m(RouterManager pid=1850)[0m self.req_queue.waiting_req_list length: 19
[36m(RouterManager pid=1850)[0m === RouterManager iteration 229 ===
[36m(RouterManager pid=1850)[0m self.req_queue.waiting_req_list length: 19
[36m(RouterManager pid=1850)[0m === RouterManager iteration 231 ===
[36m(RouterManager pid=1850)[0m self.req_queue.waiting_req_list length: 19
[36m(RouterManager pid=1850)[0m [Router ReqQueue] Req chatcmpl-797f2b29e4994f5abeabb538778224f2 in_time: 680096.5847, out_time: 680096.8475, total wait time: 0.2628 seconds
[36m(RouterManager pid=1850)[0m [Router ReqQueue] Req chatcmpl-6e7c052e5aae494ca0c902b7a67810ec in_time: 680096.5873, out_time: 680096.8475, total wait time: 0.2602 seconds
[36m(RouterManager pid=1850)[0m [Router ReqQueue] Req chatcmpl-bd61e93874194f03bc8bbae1459315a8 in_time: 680096.5902, out_time: 680096.8475, total wait time: 0.2573 seconds
[36m(RouterManager pid=1850)[0m [Router ReqQueue] Req chatcmpl-3789dba121a14a17a914df6d5d3d579b in_time: 680096.5919, out_time: 680096.8475, total wait time: 0.2557 seconds
[36m(RouterManager pid=1850)[0m [Router ReqQueue] Req chatcmpl-29275afa98bd457ea7025806af18337e in_time: 680096.5954, out_time: 680096.8475, total wait time: 0.2521 seconds
[36m(RouterManager pid=1850)[0m [Router ReqQueue] Req chatcmpl-8ea915ba389749f1aee301e222ceb621 in_time: 680096.5965, out_time: 680096.8475, total wait time: 0.2510 seconds
[36m(RouterManager pid=1850)[0m [Router ReqQueue] Req chatcmpl-8b13db90ee6c4ebbb4e7c07c17e517b2 in_time: 680096.5990, out_time: 680096.8476, total wait time: 0.2486 seconds
[36m(RouterManager pid=1850)[0m [Router ReqQueue] Req chatcmpl-c37bdcf2d532447dbd079dbf6fb7267b in_time: 680096.6002, out_time: 680096.8476, total wait time: 0.2474 seconds
[36m(RouterManager pid=1850)[0m [Router ReqQueue] Req chatcmpl-00a50e5e628a4a029565675e155e0e29 in_time: 680096.6029, out_time: 680096.8476, total wait time: 0.2447 seconds
[36m(RouterManager pid=1850)[0m [Router ReqQueue] Req chatcmpl-48803a3f50fc4610bf884424dbfc68cf in_time: 680096.6049, out_time: 680096.8476, total wait time: 0.2427 seconds
[36m(RouterManager pid=1850)[0m [Router ReqQueue] Req chatcmpl-7c61daf0f8ea426d94e277223f61dfad in_time: 680096.6067, out_time: 680096.8476, total wait time: 0.2409 seconds
[36m(RouterManager pid=1850)[0m [Router ReqQueue] Req chatcmpl-2832aedd4f544385a8448a25f2465781 in_time: 680096.6088, out_time: 680096.8476, total wait time: 0.2388 seconds
[36m(RouterManager pid=1850)[0m [Router ReqQueue] Req chatcmpl-beb4454968ac4901aa446da6b4a846fb in_time: 680096.6123, out_time: 680096.8476, total wait time: 0.2354 seconds
[36m(RouterManager pid=1850)[0m [Router ReqQueue] Req chatcmpl-e4f5bdaedc8a4c4da72d2d6a5bab724c in_time: 680096.6305, out_time: 680096.8476, total wait time: 0.2172 seconds
[36m(RouterManager pid=1850)[0m [Router ReqQueue] Req chatcmpl-457203e607e64869a0a3d7b8144f528a in_time: 680096.6336, out_time: 680096.8476, total wait time: 0.2140 seconds
[36m(RouterManager pid=1850)[0m [Router ReqQueue] Req chatcmpl-40ecb95e59ee41b6b0800e5b4936a07f in_time: 680096.6537, out_time: 680096.8476, total wait time: 0.1939 seconds
[36m(RouterManager pid=1850)[0m [Router ReqQueue] Req chatcmpl-bde9e907172343b098fd8ded47b4d403 in_time: 680096.6654, out_time: 680096.8477, total wait time: 0.1823 seconds
[36m(RouterManager pid=1850)[0m [Router ReqQueue] Req chatcmpl-f8ad4b0e438e4fa795c04c0a8f4e0b8e in_time: 680096.6683, out_time: 680096.8477, total wait time: 0.1794 seconds
[36m(RouterManager pid=1850)[0m [Router ReqQueue] Req chatcmpl-91d5dcaecd1849c2b73243b5646b7c34 in_time: 680096.7384, out_time: 680096.8477, total wait time: 0.1093 seconds
[36m(RouterManager pid=1850)[0m [Loongserve manager] scheduling time: 1.29 ms
[36m(RouterManager pid=1850)[0m [Loongserve manager] prefill and decoding batch scheduling results:
[36m(RouterManager pid=1850)[0m     running decode batch id: 985218221fcc43899f4f93f723d96e9c, req num: 1, occupied instances: [0], batch_used_tokens_sum: 1188
[36m(RouterManager pid=1850)[0m     prefill batch id: 7d9b12546d054239a58a5b7040dc6e45, req num: 19, occupied instances: [1, 2, 3], batch_used_tokens_sum: 0
[36m(RouterManager pid=1850)[0m [Loongserve manager] running batch id: 7d9b12546d054239a58a5b7040dc6e45, req num: 19, occupied instances: [1], batch_used_tokens_sum: 77329
[36m(RouterManager pid=1850)[0m === RouterManager iteration 232 ===
[36m(RouterManager pid=1850)[0m self.req_queue.waiting_req_list length: 0
[36m(RouterManager pid=1850)[0m === RouterManager iteration 233 ===
[36m(RouterManager pid=1850)[0m self.req_queue.waiting_req_list length: 0
[36m(RouterManager pid=1850)[0m === RouterManager iteration 234 ===
[36m(RouterManager pid=1850)[0m self.req_queue.waiting_req_list length: 0
[36m(RouterManager pid=1850)[0m === RouterManager iteration 235 ===
[36m(RouterManager pid=1850)[0m self.req_queue.waiting_req_list length: 0
[36m(RouterManager pid=1850)[0m === RouterManager iteration 236 ===
[36m(RouterManager pid=1850)[0m self.req_queue.waiting_req_list length: 0
[36m(RouterManager pid=1850)[0m === RouterManager iteration 237 ===
[36m(RouterManager pid=1850)[0m self.req_queue.waiting_req_list length: 0
[36m(RouterManager pid=1850)[0m === RouterManager iteration 238 ===
[36m(RouterManager pid=1850)[0m self.req_queue.waiting_req_list length: 0
[36m(RouterManager pid=1850)[0m === RouterManager iteration 239 ===
[36m(RouterManager pid=1850)[0m self.req_queue.waiting_req_list length: 0
[36m(RouterManager pid=1850)[0m === RouterManager iteration 240 ===
[36m(RouterManager pid=1850)[0m self.req_queue.waiting_req_list length: 0
[36m(RouterManager pid=1850)[0m === RouterManager iteration 241 ===
[36m(RouterManager pid=1850)[0m self.req_queue.waiting_req_list length: 0
[36m(RouterManager pid=1850)[0m === RouterManager iteration 242 ===
[36m(RouterManager pid=1850)[0m self.req_queue.waiting_req_list length: 0
[36m(RouterManager pid=1850)[0m === RouterManager iteration 243 ===
[36m(RouterManager pid=1850)[0m self.req_queue.waiting_req_list length: 0
[36m(RouterManager pid=1850)[0m === RouterManager iteration 244 ===
[36m(RouterManager pid=1850)[0m self.req_queue.waiting_req_list length: 0
[36m(RouterManager pid=1850)[0m === RouterManager iteration 245 ===
[36m(RouterManager pid=1850)[0m self.req_queue.waiting_req_list length: 0
[36m(RouterManager pid=1850)[0m === RouterManager iteration 246 ===
[36m(RouterManager pid=1850)[0m self.req_queue.waiting_req_list length: 0
[36m(RouterManager pid=1850)[0m === RouterManager iteration 247 ===
[36m(RouterManager pid=1850)[0m self.req_queue.waiting_req_list length: 0
[36m(RouterManager pid=1850)[0m === RouterManager iteration 248 ===
[36m(RouterManager pid=1850)[0m self.req_queue.waiting_req_list length: 0
[36m(RouterManager pid=1850)[0m === RouterManager iteration 249 ===
[36m(RouterManager pid=1850)[0m self.req_queue.waiting_req_list length: 0
[36m(RouterManager pid=1850)[0m === RouterManager iteration 250 ===
[36m(RouterManager pid=1850)[0m self.req_queue.waiting_req_list length: 0
[36m(RouterManager pid=1850)[0m === RouterManager iteration 251 ===
[36m(RouterManager pid=1850)[0m self.req_queue.waiting_req_list length: 0
[36m(RouterManager pid=1850)[0m === RouterManager iteration 252 ===
[36m(RouterManager pid=1850)[0m self.req_queue.waiting_req_list length: 0
[36m(RouterManager pid=1850)[0m === RouterManager iteration 253 ===
[36m(RouterManager pid=1850)[0m self.req_queue.waiting_req_list length: 0
[36m(RouterManager pid=1850)[0m === RouterManager iteration 254 ===
[36m(RouterManager pid=1850)[0m self.req_queue.waiting_req_list length: 0
[36m(RouterManager pid=1850)[0m === RouterManager iteration 255 ===
[36m(RouterManager pid=1850)[0m self.req_queue.waiting_req_list length: 0
[36m(RouterManager pid=1850)[0m === RouterManager iteration 256 ===
[36m(RouterManager pid=1850)[0m self.req_queue.waiting_req_list length: 0
[36m(RouterManager pid=1850)[0m === RouterManager iteration 257 ===
[36m(RouterManager pid=1850)[0m self.req_queue.waiting_req_list length: 0
[36m(RouterManager pid=1850)[0m === RouterManager iteration 258 ===
[36m(RouterManager pid=1850)[0m self.req_queue.waiting_req_list length: 0
[36m(RouterManager pid=1850)[0m === RouterManager iteration 259 ===
[36m(RouterManager pid=1850)[0m self.req_queue.waiting_req_list length: 0
[36m(RouterManager pid=1850)[0m === RouterManager iteration 260 ===
[36m(RouterManager pid=1850)[0m self.req_queue.waiting_req_list length: 0
[36m(RouterManager pid=1850)[0m === RouterManager iteration 261 ===
[36m(RouterManager pid=1850)[0m self.req_queue.waiting_req_list length: 0
[36m(RouterManager pid=1850)[0m === RouterManager iteration 262 ===
[36m(RouterManager pid=1850)[0m self.req_queue.waiting_req_list length: 0
[36m(RouterManager pid=1850)[0m === RouterManager iteration 263 ===
[36m(RouterManager pid=1850)[0m self.req_queue.waiting_req_list length: 0
[36m(RouterManager pid=1850)[0m === RouterManager iteration 264 ===
[36m(RouterManager pid=1850)[0m self.req_queue.waiting_req_list length: 0
[36m(RouterManager pid=1850)[0m === RouterManager iteration 265 ===
[36m(RouterManager pid=1850)[0m self.req_queue.waiting_req_list length: 0
[36m(RouterManager pid=1850)[0m === RouterManager iteration 266 ===
[36m(RouterManager pid=1850)[0m self.req_queue.waiting_req_list length: 0
[36m(RouterManager pid=1850)[0m === RouterManager iteration 267 ===
[36m(RouterManager pid=1850)[0m self.req_queue.waiting_req_list length: 0
[36m(RouterManager pid=1850)[0m === RouterManager iteration 268 ===
[36m(RouterManager pid=1850)[0m self.req_queue.waiting_req_list length: 0
[36m(RouterManager pid=1850)[0m === RouterManager iteration 269 ===
[36m(RouterManager pid=1850)[0m self.req_queue.waiting_req_list length: 0
[36m(RouterManager pid=1850)[0m === RouterManager iteration 270 ===
[36m(RouterManager pid=1850)[0m self.req_queue.waiting_req_list length: 0
[36m(RouterManager pid=1850)[0m === RouterManager iteration 271 ===
[36m(RouterManager pid=1850)[0m self.req_queue.waiting_req_list length: 0
[36m(RouterManager pid=1850)[0m === RouterManager iteration 272 ===
[36m(RouterManager pid=1850)[0m self.req_queue.waiting_req_list length: 0
[36m(RouterManager pid=1850)[0m === RouterManager iteration 273 ===
[36m(RouterManager pid=1850)[0m self.req_queue.waiting_req_list length: 0
[36m(RouterManager pid=1850)[0m === RouterManager iteration 274 ===
[36m(RouterManager pid=1850)[0m self.req_queue.waiting_req_list length: 0
[36m(RouterManager pid=1850)[0m === RouterManager iteration 275 ===
[36m(RouterManager pid=1850)[0m self.req_queue.waiting_req_list length: 0
[36m(RouterManager pid=1850)[0m === RouterManager iteration 276 ===
[36m(RouterManager pid=1850)[0m self.req_queue.waiting_req_list length: 0
[36m(RouterManager pid=1850)[0m === RouterManager iteration 277 ===
[36m(RouterManager pid=1850)[0m self.req_queue.waiting_req_list length: 0
[36m(RouterManager pid=1850)[0m === RouterManager iteration 278 ===
[36m(RouterManager pid=1850)[0m self.req_queue.waiting_req_list length: 0
[36m(RouterManager pid=1850)[0m === RouterManager iteration 279 ===
[36m(RouterManager pid=1850)[0m self.req_queue.waiting_req_list length: 0
[36m(RouterManager pid=1850)[0m === RouterManager iteration 280 ===
[36m(RouterManager pid=1850)[0m self.req_queue.waiting_req_list length: 0
[36m(RouterManager pid=1850)[0m === RouterManager iteration 281 ===
[36m(RouterManager pid=1850)[0m self.req_queue.waiting_req_list length: 0
[36m(RouterManager pid=1850)[0m === RouterManager iteration 282 ===
[36m(RouterManager pid=1850)[0m self.req_queue.waiting_req_list length: 0
[36m(RouterManager pid=1850)[0m === RouterManager iteration 283 ===
[36m(RouterManager pid=1850)[0m self.req_queue.waiting_req_list length: 0
[36m(RouterManager pid=1850)[0m === RouterManager iteration 284 ===
[36m(RouterManager pid=1850)[0m self.req_queue.waiting_req_list length: 0
[36m(RouterManager pid=1850)[0m === RouterManager iteration 285 ===
[36m(RouterManager pid=1850)[0m self.req_queue.waiting_req_list length: 0
[36m(RouterManager pid=1850)[0m === RouterManager iteration 286 ===
[36m(RouterManager pid=1850)[0m self.req_queue.waiting_req_list length: 0
[36m(RouterManager pid=1850)[0m === RouterManager iteration 287 ===
[36m(RouterManager pid=1850)[0m self.req_queue.waiting_req_list length: 0
[36m(RouterManager pid=1850)[0m === RouterManager iteration 288 ===
[36m(RouterManager pid=1850)[0m self.req_queue.waiting_req_list length: 0
[36m(RouterManager pid=1850)[0m === RouterManager iteration 289 ===
[36m(RouterManager pid=1850)[0m self.req_queue.waiting_req_list length: 0
[36m(RouterManager pid=1850)[0m === RouterManager iteration 290 ===
[36m(RouterManager pid=1850)[0m self.req_queue.waiting_req_list length: 0
[36m(RouterManager pid=1850)[0m === RouterManager iteration 291 ===
[36m(RouterManager pid=1850)[0m self.req_queue.waiting_req_list length: 0
[36m(RouterManager pid=1850)[0m === RouterManager iteration 292 ===
[36m(RouterManager pid=1850)[0m self.req_queue.waiting_req_list length: 0
[36m(RouterManager pid=1850)[0m === RouterManager iteration 293 ===
[36m(RouterManager pid=1850)[0m self.req_queue.waiting_req_list length: 0
[36m(RouterManager pid=1850)[0m === RouterManager iteration 294 ===
[36m(RouterManager pid=1850)[0m self.req_queue.waiting_req_list length: 0
[36m(RouterManager pid=1850)[0m === RouterManager iteration 295 ===
[36m(RouterManager pid=1850)[0m self.req_queue.waiting_req_list length: 0
[36m(RouterManager pid=1850)[0m === RouterManager iteration 296 ===
[36m(RouterManager pid=1850)[0m self.req_queue.waiting_req_list length: 0
[36m(RouterManager pid=1850)[0m === RouterManager iteration 297 ===
[36m(RouterManager pid=1850)[0m self.req_queue.waiting_req_list length: 0
[36m(RouterManager pid=1850)[0m === RouterManager iteration 298 ===
[36m(RouterManager pid=1850)[0m self.req_queue.waiting_req_list length: 0
[36m(RouterManager pid=1850)[0m === RouterManager iteration 299 ===
[36m(RouterManager pid=1850)[0m self.req_queue.waiting_req_list length: 0
[36m(RouterManager pid=1850)[0m === RouterManager iteration 300 ===
[36m(RouterManager pid=1850)[0m self.req_queue.waiting_req_list length: 0
[36m(RouterManager pid=1850)[0m === RouterManager iteration 301 ===
[36m(RouterManager pid=1850)[0m self.req_queue.waiting_req_list length: 0
[36m(RouterManager pid=1850)[0m === RouterManager iteration 302 ===
[36m(RouterManager pid=1850)[0m self.req_queue.waiting_req_list length: 0
[36m(RouterManager pid=1850)[0m === RouterManager iteration 303 ===
[36m(RouterManager pid=1850)[0m self.req_queue.waiting_req_list length: 0
[36m(RouterManager pid=1850)[0m === RouterManager iteration 304 ===
[36m(RouterManager pid=1850)[0m self.req_queue.waiting_req_list length: 0
[36m(RouterManager pid=1850)[0m === RouterManager iteration 305 ===
[36m(RouterManager pid=1850)[0m self.req_queue.waiting_req_list length: 0
[36m(RouterManager pid=1850)[0m === RouterManager iteration 306 ===
[36m(RouterManager pid=1850)[0m self.req_queue.waiting_req_list length: 0
[36m(RouterManager pid=1850)[0m === RouterManager iteration 307 ===
[36m(RouterManager pid=1850)[0m self.req_queue.waiting_req_list length: 0
[36m(RouterManager pid=1850)[0m === RouterManager iteration 308 ===
[36m(RouterManager pid=1850)[0m self.req_queue.waiting_req_list length: 0
[36m(RouterManager pid=1850)[0m === RouterManager iteration 309 ===
[36m(RouterManager pid=1850)[0m self.req_queue.waiting_req_list length: 0
[36m(RouterManager pid=1850)[0m === RouterManager iteration 310 ===
[36m(RouterManager pid=1850)[0m self.req_queue.waiting_req_list length: 0
[36m(RouterManager pid=1850)[0m === RouterManager iteration 311 ===
[36m(RouterManager pid=1850)[0m self.req_queue.waiting_req_list length: 0
[36m(RouterManager pid=1850)[0m === RouterManager iteration 312 ===
[36m(RouterManager pid=1850)[0m self.req_queue.waiting_req_list length: 0
[36m(RouterManager pid=1850)[0m === RouterManager iteration 313 ===
[36m(RouterManager pid=1850)[0m self.req_queue.waiting_req_list length: 0
[36m(RouterManager pid=1850)[0m === RouterManager iteration 314 ===
[36m(RouterManager pid=1850)[0m self.req_queue.waiting_req_list length: 0
[36m(RouterManager pid=1850)[0m === RouterManager iteration 315 ===
[36m(RouterManager pid=1850)[0m self.req_queue.waiting_req_list length: 0
[36m(RouterManager pid=1850)[0m === RouterManager iteration 316 ===
[36m(RouterManager pid=1850)[0m self.req_queue.waiting_req_list length: 0
[36m(RouterManager pid=1850)[0m === RouterManager iteration 317 ===
[36m(RouterManager pid=1850)[0m self.req_queue.waiting_req_list length: 0
[36m(RouterManager pid=1850)[0m === RouterManager iteration 318 ===
[36m(RouterManager pid=1850)[0m self.req_queue.waiting_req_list length: 0
[36m(RouterManager pid=1850)[0m === RouterManager iteration 319 ===
[36m(RouterManager pid=1850)[0m self.req_queue.waiting_req_list length: 0
[36m(RouterManager pid=1850)[0m === RouterManager iteration 320 ===
[36m(RouterManager pid=1850)[0m self.req_queue.waiting_req_list length: 0
[36m(RouterManager pid=1850)[0m === RouterManager iteration 321 ===
[36m(RouterManager pid=1850)[0m self.req_queue.waiting_req_list length: 0
[36m(RouterManager pid=1850)[0m === RouterManager iteration 322 ===
[36m(RouterManager pid=1850)[0m self.req_queue.waiting_req_list length: 0
[36m(RouterManager pid=1850)[0m === RouterManager iteration 323 ===
[36m(RouterManager pid=1850)[0m self.req_queue.waiting_req_list length: 0
[36m(RouterManager pid=1850)[0m === RouterManager iteration 324 ===
[36m(RouterManager pid=1850)[0m self.req_queue.waiting_req_list length: 0
[36m(RouterManager pid=1850)[0m === RouterManager iteration 325 ===
[36m(RouterManager pid=1850)[0m self.req_queue.waiting_req_list length: 0
[36m(RouterManager pid=1850)[0m === RouterManager iteration 326 ===
[36m(RouterManager pid=1850)[0m self.req_queue.waiting_req_list length: 0
[36m(RouterManager pid=1850)[0m === RouterManager iteration 327 ===
[36m(RouterManager pid=1850)[0m self.req_queue.waiting_req_list length: 0
[36m(RouterManager pid=1850)[0m === RouterManager iteration 328 ===
[36m(RouterManager pid=1850)[0m self.req_queue.waiting_req_list length: 0
[36m(RouterManager pid=1850)[0m === RouterManager iteration 329 ===
[36m(RouterManager pid=1850)[0m self.req_queue.waiting_req_list length: 0
[36m(RouterManager pid=1850)[0m === RouterManager iteration 330 ===
[36m(RouterManager pid=1850)[0m self.req_queue.waiting_req_list length: 0
[36m(RouterManager pid=1850)[0m === RouterManager iteration 331 ===
[36m(RouterManager pid=1850)[0m self.req_queue.waiting_req_list length: 0
[36m(RouterManager pid=1850)[0m === RouterManager iteration 332 ===
[36m(RouterManager pid=1850)[0m self.req_queue.waiting_req_list length: 0
[36m(RouterManager pid=1850)[0m === RouterManager iteration 333 ===
[36m(RouterManager pid=1850)[0m self.req_queue.waiting_req_list length: 0
[36m(RouterManager pid=1850)[0m === RouterManager iteration 334 ===
[36m(RouterManager pid=1850)[0m self.req_queue.waiting_req_list length: 0
[36m(RouterManager pid=1850)[0m === RouterManager iteration 335 ===
[36m(RouterManager pid=1850)[0m self.req_queue.waiting_req_list length: 0
[36m(RouterManager pid=1850)[0m === RouterManager iteration 336 ===
[36m(RouterManager pid=1850)[0m self.req_queue.waiting_req_list length: 0
[36m(RouterManager pid=1850)[0m === RouterManager iteration 337 ===
[36m(RouterManager pid=1850)[0m self.req_queue.waiting_req_list length: 0
[36m(RouterManager pid=1850)[0m === RouterManager iteration 338 ===
[36m(RouterManager pid=1850)[0m self.req_queue.waiting_req_list length: 0
[36m(RouterManager pid=1850)[0m === RouterManager iteration 339 ===
[36m(RouterManager pid=1850)[0m self.req_queue.waiting_req_list length: 0
[36m(RouterManager pid=1850)[0m === RouterManager iteration 340 ===
[36m(RouterManager pid=1850)[0m self.req_queue.waiting_req_list length: 0
[36m(RouterManager pid=1850)[0m === RouterManager iteration 341 ===
[36m(RouterManager pid=1850)[0m self.req_queue.waiting_req_list length: 0
[36m(RouterManager pid=1850)[0m === RouterManager iteration 342 ===
[36m(RouterManager pid=1850)[0m self.req_queue.waiting_req_list length: 0
[36m(RouterManager pid=1850)[0m === RouterManager iteration 343 ===
[36m(RouterManager pid=1850)[0m self.req_queue.waiting_req_list length: 0
[36m(RouterManager pid=1850)[0m === RouterManager iteration 344 ===
[36m(RouterManager pid=1850)[0m self.req_queue.waiting_req_list length: 0
[36m(RouterManager pid=1850)[0m === RouterManager iteration 345 ===
[36m(RouterManager pid=1850)[0m self.req_queue.waiting_req_list length: 0
[36m(RouterManager pid=1850)[0m === RouterManager iteration 346 ===
[36m(RouterManager pid=1850)[0m self.req_queue.waiting_req_list length: 0
[36m(RouterManager pid=1850)[0m === RouterManager iteration 347 ===
[36m(RouterManager pid=1850)[0m self.req_queue.waiting_req_list length: 0
[36m(RouterManager pid=1850)[0m === RouterManager iteration 348 ===
[36m(RouterManager pid=1850)[0m self.req_queue.waiting_req_list length: 0
[36m(RouterManager pid=1850)[0m === RouterManager iteration 349 ===
[36m(RouterManager pid=1850)[0m self.req_queue.waiting_req_list length: 0
[36m(RouterManager pid=1850)[0m === RouterManager iteration 350 ===
[36m(RouterManager pid=1850)[0m self.req_queue.waiting_req_list length: 0
[36m(RouterManager pid=1850)[0m === RouterManager iteration 351 ===
[36m(RouterManager pid=1850)[0m self.req_queue.waiting_req_list length: 0
[36m(RouterManager pid=1850)[0m === RouterManager iteration 352 ===
[36m(RouterManager pid=1850)[0m self.req_queue.waiting_req_list length: 0
[36m(RouterManager pid=1850)[0m === RouterManager iteration 353 ===
[36m(RouterManager pid=1850)[0m self.req_queue.waiting_req_list length: 0
[36m(RouterManager pid=1850)[0m === RouterManager iteration 354 ===
[36m(RouterManager pid=1850)[0m self.req_queue.waiting_req_list length: 0
[36m(RouterManager pid=1850)[0m === RouterManager iteration 355 ===
[36m(RouterManager pid=1850)[0m self.req_queue.waiting_req_list length: 0
[36m(RouterManager pid=1850)[0m === RouterManager iteration 356 ===
[36m(RouterManager pid=1850)[0m self.req_queue.waiting_req_list length: 0
[36m(RouterManager pid=1850)[0m === RouterManager iteration 357 ===
[36m(RouterManager pid=1850)[0m self.req_queue.waiting_req_list length: 0
[36m(RouterManager pid=1850)[0m === RouterManager iteration 358 ===
[36m(RouterManager pid=1850)[0m self.req_queue.waiting_req_list length: 0
[36m(RouterManager pid=1850)[0m === RouterManager iteration 359 ===
[36m(RouterManager pid=1850)[0m self.req_queue.waiting_req_list length: 0
[36m(RouterManager pid=1850)[0m === RouterManager iteration 360 ===
[36m(RouterManager pid=1850)[0m self.req_queue.waiting_req_list length: 0
[36m(RouterManager pid=1850)[0m === RouterManager iteration 361 ===
[36m(RouterManager pid=1850)[0m self.req_queue.waiting_req_list length: 0
[36m(RouterManager pid=1850)[0m === RouterManager iteration 362 ===
[36m(RouterManager pid=1850)[0m self.req_queue.waiting_req_list length: 0
[36m(RouterManager pid=1850)[0m === RouterManager iteration 363 ===
[36m(RouterManager pid=1850)[0m self.req_queue.waiting_req_list length: 0
[36m(RouterManager pid=1850)[0m === RouterManager iteration 364 ===
[36m(RouterManager pid=1850)[0m self.req_queue.waiting_req_list length: 0
[36m(RouterManager pid=1850)[0m === RouterManager iteration 365 ===
[36m(RouterManager pid=1850)[0m self.req_queue.waiting_req_list length: 0
[36m(RouterManager pid=1850)[0m === RouterManager iteration 366 ===
[36m(RouterManager pid=1850)[0m self.req_queue.waiting_req_list length: 0
[36m(RouterManager pid=1850)[0m === RouterManager iteration 367 ===
[36m(RouterManager pid=1850)[0m self.req_queue.waiting_req_list length: 0
[36m(RouterManager pid=1850)[0m === RouterManager iteration 368 ===
[36m(RouterManager pid=1850)[0m self.req_queue.waiting_req_list length: 0
[36m(RouterManager pid=1850)[0m === RouterManager iteration 369 ===
[36m(RouterManager pid=1850)[0m self.req_queue.waiting_req_list length: 0
[36m(RouterManager pid=1850)[0m === RouterManager iteration 370 ===
[36m(RouterManager pid=1850)[0m self.req_queue.waiting_req_list length: 0
[36m(RouterManager pid=1850)[0m === RouterManager iteration 371 ===
[36m(RouterManager pid=1850)[0m self.req_queue.waiting_req_list length: 0
[36m(RouterManager pid=1850)[0m === RouterManager iteration 372 ===
[36m(RouterManager pid=1850)[0m self.req_queue.waiting_req_list length: 0
[36m(RouterManager pid=1850)[0m === RouterManager iteration 373 ===
[36m(RouterManager pid=1850)[0m self.req_queue.waiting_req_list length: 0
[36m(RouterManager pid=1850)[0m === RouterManager iteration 374 ===
[36m(RouterManager pid=1850)[0m self.req_queue.waiting_req_list length: 0
[36m(RouterManager pid=1850)[0m === RouterManager iteration 375 ===
[36m(RouterManager pid=1850)[0m self.req_queue.waiting_req_list length: 0
[36m(RouterManager pid=1850)[0m === RouterManager iteration 376 ===
[36m(RouterManager pid=1850)[0m self.req_queue.waiting_req_list length: 0
[36m(RouterManager pid=1850)[0m === RouterManager iteration 377 ===
[36m(RouterManager pid=1850)[0m self.req_queue.waiting_req_list length: 0
[36m(RouterManager pid=1850)[0m === RouterManager iteration 378 ===
[36m(RouterManager pid=1850)[0m self.req_queue.waiting_req_list length: 0
[36m(RouterManager pid=1850)[0m === RouterManager iteration 379 ===
[36m(RouterManager pid=1850)[0m self.req_queue.waiting_req_list length: 0
[36m(RouterManager pid=1850)[0m === RouterManager iteration 380 ===
[36m(RouterManager pid=1850)[0m self.req_queue.waiting_req_list length: 0
[36m(RouterManager pid=1850)[0m === RouterManager iteration 381 ===
[36m(RouterManager pid=1850)[0m self.req_queue.waiting_req_list length: 0
[36m(RouterManager pid=1850)[0m === RouterManager iteration 382 ===
[36m(RouterManager pid=1850)[0m self.req_queue.waiting_req_list length: 0
[36m(RouterManager pid=1850)[0m === RouterManager iteration 383 ===
[36m(RouterManager pid=1850)[0m self.req_queue.waiting_req_list length: 0
[36m(RouterManager pid=1850)[0m === RouterManager iteration 384 ===
[36m(RouterManager pid=1850)[0m self.req_queue.waiting_req_list length: 0
[36m(RouterManager pid=1850)[0m === RouterManager iteration 385 ===
[36m(RouterManager pid=1850)[0m self.req_queue.waiting_req_list length: 0
[36m(RouterManager pid=1850)[0m === RouterManager iteration 386 ===
[36m(RouterManager pid=1850)[0m self.req_queue.waiting_req_list length: 0
[36m(RouterManager pid=1850)[0m === RouterManager iteration 387 ===
[36m(RouterManager pid=1850)[0m self.req_queue.waiting_req_list length: 0
[36m(RouterManager pid=1850)[0m === RouterManager iteration 388 ===
[36m(RouterManager pid=1850)[0m self.req_queue.waiting_req_list length: 0
[36m(RouterManager pid=1850)[0m === RouterManager iteration 389 ===
[36m(RouterManager pid=1850)[0m self.req_queue.waiting_req_list length: 0
[36m(RouterManager pid=1850)[0m === RouterManager iteration 390 ===
[36m(RouterManager pid=1850)[0m self.req_queue.waiting_req_list length: 0
[36m(RouterManager pid=1850)[0m === RouterManager iteration 391 ===
[36m(RouterManager pid=1850)[0m self.req_queue.waiting_req_list length: 0
[36m(RouterManager pid=1850)[0m === RouterManager iteration 392 ===
[36m(RouterManager pid=1850)[0m self.req_queue.waiting_req_list length: 0
[36m(RouterManager pid=1850)[0m === RouterManager iteration 393 ===
[36m(RouterManager pid=1850)[0m self.req_queue.waiting_req_list length: 0
[36m(RouterManager pid=1850)[0m === RouterManager iteration 394 ===
[36m(RouterManager pid=1850)[0m self.req_queue.waiting_req_list length: 0
[36m(RouterManager pid=1850)[0m === RouterManager iteration 395 ===
[36m(RouterManager pid=1850)[0m self.req_queue.waiting_req_list length: 0
[36m(RouterManager pid=1850)[0m === RouterManager iteration 396 ===
[36m(RouterManager pid=1850)[0m self.req_queue.waiting_req_list length: 0
[36m(RouterManager pid=1850)[0m === RouterManager iteration 397 ===
[36m(RouterManager pid=1850)[0m self.req_queue.waiting_req_list length: 0
[36m(RouterManager pid=1850)[0m === RouterManager iteration 398 ===
[36m(RouterManager pid=1850)[0m self.req_queue.waiting_req_list length: 0
[36m(RouterManager pid=1850)[0m === RouterManager iteration 399 ===
[36m(RouterManager pid=1850)[0m self.req_queue.waiting_req_list length: 0
[36m(RouterManager pid=1850)[0m === RouterManager iteration 400 ===
[36m(RouterManager pid=1850)[0m self.req_queue.waiting_req_list length: 0
[36m(RouterManager pid=1850)[0m === RouterManager iteration 401 ===
[36m(RouterManager pid=1850)[0m self.req_queue.waiting_req_list length: 0
[36m(RouterManager pid=1850)[0m === RouterManager iteration 402 ===
[36m(RouterManager pid=1850)[0m self.req_queue.waiting_req_list length: 0
[36m(RouterManager pid=1850)[0m === RouterManager iteration 403 ===
[36m(RouterManager pid=1850)[0m self.req_queue.waiting_req_list length: 0
[36m(RouterManager pid=1850)[0m === RouterManager iteration 404 ===
[36m(RouterManager pid=1850)[0m self.req_queue.waiting_req_list length: 0
[36m(RouterManager pid=1850)[0m === RouterManager iteration 405 ===
[36m(RouterManager pid=1850)[0m self.req_queue.waiting_req_list length: 0
[36m(RouterManager pid=1850)[0m === RouterManager iteration 406 ===
[36m(RouterManager pid=1850)[0m self.req_queue.waiting_req_list length: 0
[36m(RouterManager pid=1850)[0m === RouterManager iteration 407 ===
[36m(RouterManager pid=1850)[0m self.req_queue.waiting_req_list length: 0
[36m(RouterManager pid=1850)[0m === RouterManager iteration 408 ===
[36m(RouterManager pid=1850)[0m self.req_queue.waiting_req_list length: 0
[36m(RouterManager pid=1850)[0m === RouterManager iteration 409 ===
[36m(RouterManager pid=1850)[0m self.req_queue.waiting_req_list length: 0
[36m(RouterManager pid=1850)[0m === RouterManager iteration 410 ===
[36m(RouterManager pid=1850)[0m self.req_queue.waiting_req_list length: 0
[36m(RouterManager pid=1850)[0m === RouterManager iteration 411 ===
[36m(RouterManager pid=1850)[0m self.req_queue.waiting_req_list length: 0
[36m(RouterManager pid=1850)[0m === RouterManager iteration 412 ===
[36m(RouterManager pid=1850)[0m self.req_queue.waiting_req_list length: 0
[36m(RouterManager pid=1850)[0m === RouterManager iteration 413 ===
[36m(RouterManager pid=1850)[0m self.req_queue.waiting_req_list length: 0
[36m(RouterManager pid=1850)[0m === RouterManager iteration 414 ===
[36m(RouterManager pid=1850)[0m self.req_queue.waiting_req_list length: 0
[36m(RouterManager pid=1850)[0m === RouterManager iteration 415 ===
[36m(RouterManager pid=1850)[0m self.req_queue.waiting_req_list length: 0
[36m(RouterManager pid=1850)[0m === RouterManager iteration 416 ===
[36m(RouterManager pid=1850)[0m self.req_queue.waiting_req_list length: 0
[36m(RouterManager pid=1850)[0m === RouterManager iteration 417 ===
[36m(RouterManager pid=1850)[0m self.req_queue.waiting_req_list length: 0
[36m(RouterManager pid=1850)[0m === RouterManager iteration 418 ===
[36m(RouterManager pid=1850)[0m self.req_queue.waiting_req_list length: 0
[36m(RouterManager pid=1850)[0m === RouterManager iteration 419 ===
[36m(RouterManager pid=1850)[0m self.req_queue.waiting_req_list length: 0
[36m(RouterManager pid=1850)[0m === RouterManager iteration 420 ===
[36m(RouterManager pid=1850)[0m self.req_queue.waiting_req_list length: 0
[36m(RouterManager pid=1850)[0m === RouterManager iteration 421 ===
[36m(RouterManager pid=1850)[0m self.req_queue.waiting_req_list length: 0
[36m(RouterManager pid=1850)[0m === RouterManager iteration 422 ===
[36m(RouterManager pid=1850)[0m self.req_queue.waiting_req_list length: 0
[36m(RouterManager pid=1850)[0m === RouterManager iteration 423 ===
[36m(RouterManager pid=1850)[0m self.req_queue.waiting_req_list length: 0
[36m(RouterManager pid=1850)[0m === RouterManager iteration 424 ===
[36m(RouterManager pid=1850)[0m self.req_queue.waiting_req_list length: 0
[36m(RouterManager pid=1850)[0m === RouterManager iteration 425 ===
[36m(RouterManager pid=1850)[0m self.req_queue.waiting_req_list length: 0
[36m(RouterManager pid=1850)[0m === RouterManager iteration 426 ===
[36m(RouterManager pid=1850)[0m self.req_queue.waiting_req_list length: 0
[36m(RouterManager pid=1850)[0m === RouterManager iteration 427 ===
[36m(RouterManager pid=1850)[0m self.req_queue.waiting_req_list length: 0
[36m(RouterManager pid=1850)[0m === RouterManager iteration 428 ===
[36m(RouterManager pid=1850)[0m self.req_queue.waiting_req_list length: 0
[36m(RouterManager pid=1850)[0m === RouterManager iteration 429 ===
[36m(RouterManager pid=1850)[0m self.req_queue.waiting_req_list length: 0
[36m(RouterManager pid=1850)[0m === RouterManager iteration 430 ===
[36m(RouterManager pid=1850)[0m self.req_queue.waiting_req_list length: 0
[36m(RouterManager pid=1850)[0m === RouterManager iteration 431 ===
[36m(RouterManager pid=1850)[0m self.req_queue.waiting_req_list length: 0
[36m(RouterManager pid=1850)[0m === RouterManager iteration 432 ===
[36m(RouterManager pid=1850)[0m self.req_queue.waiting_req_list length: 0
[36m(RouterManager pid=1850)[0m === RouterManager iteration 433 ===
[36m(RouterManager pid=1850)[0m self.req_queue.waiting_req_list length: 0
[36m(RouterManager pid=1850)[0m === RouterManager iteration 434 ===
[36m(RouterManager pid=1850)[0m self.req_queue.waiting_req_list length: 0
[36m(RouterManager pid=1850)[0m === RouterManager iteration 435 ===
[36m(RouterManager pid=1850)[0m self.req_queue.waiting_req_list length: 0
[36m(RouterManager pid=1850)[0m === RouterManager iteration 436 ===
[36m(RouterManager pid=1850)[0m self.req_queue.waiting_req_list length: 0
[36m(RouterManager pid=1850)[0m === RouterManager iteration 437 ===
[36m(RouterManager pid=1850)[0m self.req_queue.waiting_req_list length: 0
[36m(RouterManager pid=1850)[0m === RouterManager iteration 438 ===
[36m(RouterManager pid=1850)[0m self.req_queue.waiting_req_list length: 0
[36m(RouterManager pid=1850)[0m === RouterManager iteration 439 ===
[36m(RouterManager pid=1850)[0m self.req_queue.waiting_req_list length: 0
[36m(RouterManager pid=1850)[0m === RouterManager iteration 440 ===
[36m(RouterManager pid=1850)[0m self.req_queue.waiting_req_list length: 0
[36m(RouterManager pid=1850)[0m === RouterManager iteration 441 ===
[36m(RouterManager pid=1850)[0m self.req_queue.waiting_req_list length: 0
[36m(RouterManager pid=1850)[0m === RouterManager iteration 442 ===
[36m(RouterManager pid=1850)[0m self.req_queue.waiting_req_list length: 0
[36m(RouterManager pid=1850)[0m === RouterManager iteration 443 ===
[36m(RouterManager pid=1850)[0m self.req_queue.waiting_req_list length: 0
[36m(RouterManager pid=1850)[0m === RouterManager iteration 444 ===
[36m(RouterManager pid=1850)[0m self.req_queue.waiting_req_list length: 0
[36m(RouterManager pid=1850)[0m === RouterManager iteration 445 ===
[36m(RouterManager pid=1850)[0m self.req_queue.waiting_req_list length: 0
[36m(RouterManager pid=1850)[0m === RouterManager iteration 446 ===
[36m(RouterManager pid=1850)[0m self.req_queue.waiting_req_list length: 0
[36m(RouterManager pid=1850)[0m === RouterManager iteration 447 ===
[36m(RouterManager pid=1850)[0m self.req_queue.waiting_req_list length: 0
[36m(RouterManager pid=1850)[0m === RouterManager iteration 448 ===
[36m(RouterManager pid=1850)[0m self.req_queue.waiting_req_list length: 0
[36m(RouterManager pid=1850)[0m === RouterManager iteration 449 ===
[36m(RouterManager pid=1850)[0m self.req_queue.waiting_req_list length: 0
[36m(RouterManager pid=1850)[0m === RouterManager iteration 450 ===
[36m(RouterManager pid=1850)[0m self.req_queue.waiting_req_list length: 0
[36m(RouterManager pid=1850)[0m === RouterManager iteration 451 ===
[36m(RouterManager pid=1850)[0m self.req_queue.waiting_req_list length: 0
[36m(RouterManager pid=1850)[0m === RouterManager iteration 452 ===
[36m(RouterManager pid=1850)[0m self.req_queue.waiting_req_list length: 0
[36m(RouterManager pid=1850)[0m === RouterManager iteration 453 ===
[36m(RouterManager pid=1850)[0m self.req_queue.waiting_req_list length: 0
[36m(RouterManager pid=1850)[0m === RouterManager iteration 454 ===
[36m(RouterManager pid=1850)[0m self.req_queue.waiting_req_list length: 0
[36m(RouterManager pid=1850)[0m === RouterManager iteration 455 ===
[36m(RouterManager pid=1850)[0m self.req_queue.waiting_req_list length: 0
[36m(RouterManager pid=1850)[0m === RouterManager iteration 456 ===
[36m(RouterManager pid=1850)[0m self.req_queue.waiting_req_list length: 0
[36m(RouterManager pid=1850)[0m === RouterManager iteration 457 ===
[36m(RouterManager pid=1850)[0m self.req_queue.waiting_req_list length: 0
[36m(RouterManager pid=1850)[0m === RouterManager iteration 458 ===
[36m(RouterManager pid=1850)[0m self.req_queue.waiting_req_list length: 0
[36m(RouterManager pid=1850)[0m === RouterManager iteration 459 ===
[36m(RouterManager pid=1850)[0m self.req_queue.waiting_req_list length: 0
[36m(RouterManager pid=1850)[0m === RouterManager iteration 460 ===
[36m(RouterManager pid=1850)[0m self.req_queue.waiting_req_list length: 0
[36m(RouterManager pid=1850)[0m === RouterManager iteration 461 ===
[36m(RouterManager pid=1850)[0m self.req_queue.waiting_req_list length: 0
[36m(RouterManager pid=1850)[0m === RouterManager iteration 463 ===
[36m(RouterManager pid=1850)[0m self.req_queue.waiting_req_list length: 1
[36m(RouterManager pid=1850)[0m [Router ReqQueue] Req chatcmpl-2ae9baaf42b74970bceadde73116d4ab in_time: 680113.2411, out_time: 680113.2425, total wait time: 0.0014 seconds
[36m(RouterManager pid=1850)[0m [Loongserve manager] scheduling time: 0.24 ms
[36m(RouterManager pid=1850)[0m [Loongserve manager] prefill and decoding batch scheduling results:
[36m(RouterManager pid=1850)[0m     prefill batch id: 7fc84be8753c41ebbd40e86dab260173, req num: 1, occupied instances: [0, 1], batch_used_tokens_sum: 0
[36m(RouterManager pid=1850)[0m [Loongserve manager] running batch id: 7fc84be8753c41ebbd40e86dab260173, req num: 1, occupied instances: [0], batch_used_tokens_sum: 1179
[36m(RouterManager pid=1850)[0m === RouterManager iteration 464 ===
[36m(RouterManager pid=1850)[0m self.req_queue.waiting_req_list length: 0
[36m(RouterManager pid=1850)[0m === RouterManager iteration 465 ===
[36m(RouterManager pid=1850)[0m self.req_queue.waiting_req_list length: 0
[36m(RouterManager pid=1850)[0m === RouterManager iteration 466 ===
[36m(RouterManager pid=1850)[0m self.req_queue.waiting_req_list length: 0
[36m(RouterManager pid=1850)[0m === RouterManager iteration 467 ===
[36m(RouterManager pid=1850)[0m self.req_queue.waiting_req_list length: 0
[36m(RouterManager pid=1850)[0m === RouterManager iteration 468 ===
[36m(RouterManager pid=1850)[0m self.req_queue.waiting_req_list length: 0
[36m(RouterManager pid=1850)[0m === RouterManager iteration 469 ===
[36m(RouterManager pid=1850)[0m self.req_queue.waiting_req_list length: 0
[36m(RouterManager pid=1850)[0m === RouterManager iteration 470 ===
[36m(RouterManager pid=1850)[0m self.req_queue.waiting_req_list length: 0
[36m(RouterManager pid=1850)[0m === RouterManager iteration 471 ===
[36m(RouterManager pid=1850)[0m self.req_queue.waiting_req_list length: 0
[36m(RouterManager pid=1850)[0m === RouterManager iteration 472 ===
[36m(RouterManager pid=1850)[0m self.req_queue.waiting_req_list length: 0
[36m(RouterManager pid=1850)[0m === RouterManager iteration 473 ===
[36m(RouterManager pid=1850)[0m self.req_queue.waiting_req_list length: 0
[36m(RouterManager pid=1850)[0m === RouterManager iteration 474 ===
[36m(RouterManager pid=1850)[0m self.req_queue.waiting_req_list length: 0
[36m(RouterManager pid=1850)[0m === RouterManager iteration 475 ===
[36m(RouterManager pid=1850)[0m self.req_queue.waiting_req_list length: 0
[36m(RouterManager pid=1850)[0m === RouterManager iteration 476 ===
[36m(RouterManager pid=1850)[0m self.req_queue.waiting_req_list length: 0
[36m(RouterManager pid=1850)[0m === RouterManager iteration 477 ===
[36m(RouterManager pid=1850)[0m self.req_queue.waiting_req_list length: 0
[36m(RouterManager pid=1850)[0m === RouterManager iteration 478 ===
[36m(RouterManager pid=1850)[0m self.req_queue.waiting_req_list length: 0
[36m(RouterManager pid=1850)[0m === RouterManager iteration 479 ===
[36m(RouterManager pid=1850)[0m self.req_queue.waiting_req_list length: 0
[36m(RouterManager pid=1850)[0m === RouterManager iteration 480 ===
[36m(RouterManager pid=1850)[0m self.req_queue.waiting_req_list length: 0
[36m(RouterManager pid=1850)[0m === RouterManager iteration 482 ===
[36m(RouterManager pid=1850)[0m self.req_queue.waiting_req_list length: 1
[36m(RouterManager pid=1850)[0m [Router ReqQueue] Req chatcmpl-7e61246dfbc64124a0194079afe4b1bd in_time: 680113.6266, out_time: 680113.6337, total wait time: 0.0071 seconds
[36m(RouterManager pid=1850)[0m [Loongserve manager] scheduling time: 0.21 ms
[36m(RouterManager pid=1850)[0m [Loongserve manager] prefill and decoding batch scheduling results:
[36m(RouterManager pid=1850)[0m     running decode batch id: 7fc84be8753c41ebbd40e86dab260173, req num: 1, occupied instances: [0], batch_used_tokens_sum: 1196
[36m(RouterManager pid=1850)[0m     prefill batch id: abd358beed954f41b0955791cac40ccd, req num: 1, occupied instances: [1, 2], batch_used_tokens_sum: 0
[36m(RouterManager pid=1850)[0m [Loongserve manager] running batch id: 7fc84be8753c41ebbd40e86dab260173, req num: 1, occupied instances: [0], batch_used_tokens_sum: 1208
[36m(RouterManager pid=1850)[0m [Loongserve manager] running batch id: abd358beed954f41b0955791cac40ccd, req num: 1, occupied instances: [1], batch_used_tokens_sum: 1179
[36m(RouterManager pid=1850)[0m === RouterManager iteration 484 ===
[36m(RouterManager pid=1850)[0m self.req_queue.waiting_req_list length: 4
[36m(RouterManager pid=1850)[0m === RouterManager iteration 486 ===
[36m(RouterManager pid=1850)[0m self.req_queue.waiting_req_list length: 4
[36m(RouterManager pid=1850)[0m === RouterManager iteration 488 ===
[36m(RouterManager pid=1850)[0m self.req_queue.waiting_req_list length: 4
[36m(RouterManager pid=1850)[0m === RouterManager iteration 490 ===
[36m(RouterManager pid=1850)[0m self.req_queue.waiting_req_list length: 4
[36m(RouterManager pid=1850)[0m === RouterManager iteration 492 ===
[36m(RouterManager pid=1850)[0m self.req_queue.waiting_req_list length: 4
[36m(RouterManager pid=1850)[0m === RouterManager iteration 494 ===
[36m(RouterManager pid=1850)[0m self.req_queue.waiting_req_list length: 4
[36m(RouterManager pid=1850)[0m === RouterManager iteration 496 ===
[36m(RouterManager pid=1850)[0m self.req_queue.waiting_req_list length: 4
[36m(RouterManager pid=1850)[0m === RouterManager iteration 498 ===
[36m(RouterManager pid=1850)[0m self.req_queue.waiting_req_list length: 4
[36m(RouterManager pid=1850)[0m === RouterManager iteration 500 ===
[36m(RouterManager pid=1850)[0m self.req_queue.waiting_req_list length: 4
[36m(RouterManager pid=1850)[0m === RouterManager iteration 502 ===
[36m(RouterManager pid=1850)[0m self.req_queue.waiting_req_list length: 4
[36m(RouterManager pid=1850)[0m === RouterManager iteration 504 ===
[36m(RouterManager pid=1850)[0m self.req_queue.waiting_req_list length: 4
[36m(RouterManager pid=1850)[0m [Router ReqQueue] Req chatcmpl-56d8459b70e9496cade3bd5bc787c0a9 in_time: 680113.6797, out_time: 680114.0476, total wait time: 0.3680 seconds
[36m(RouterManager pid=1850)[0m [Router ReqQueue] Req chatcmpl-dd364b9523b243ab846e5f8129984289 in_time: 680113.7360, out_time: 680114.0477, total wait time: 0.3117 seconds
[36m(RouterManager pid=1850)[0m [Router ReqQueue] Req chatcmpl-fc856bd0d0f144fa9767cb5ad5c1474b in_time: 680113.7400, out_time: 680114.0477, total wait time: 0.3077 seconds
[36m(RouterManager pid=1850)[0m [Router ReqQueue] Req chatcmpl-eb059aaf90f84eed8052996873982452 in_time: 680113.7709, out_time: 680114.0477, total wait time: 0.2768 seconds
[36m(RouterManager pid=1850)[0m [Loongserve manager] scheduling time: 29.73 ms
[36m(RouterManager pid=1850)[0m [Loongserve manager] prefill and decoding batch scheduling results:
[36m(RouterManager pid=1850)[0m     running decode batch id: 7fc84be8753c41ebbd40e86dab260173, req num: 2, occupied instances: [0], batch_used_tokens_sum: 2407
[36m(RouterManager pid=1850)[0m     prefill batch id: 3b10f42a45c44e77bc40e07fe41a667c, req num: 4, occupied instances: [2, 3, 1], batch_used_tokens_sum: 0
[36m(RouterManager pid=1850)[0m [Loongserve manager] running batch id: 7fc84be8753c41ebbd40e86dab260173, req num: 2, occupied instances: [0], batch_used_tokens_sum: 2537
[36m(RouterManager pid=1850)[0m [Loongserve manager] running batch id: 3b10f42a45c44e77bc40e07fe41a667c, req num: 4, occupied instances: [2], batch_used_tokens_sum: 12048
[36m(RouterManager pid=1850)[0m === RouterManager iteration 506 ===
[36m(RouterManager pid=1850)[0m self.req_queue.waiting_req_list length: 11
[36m(RouterManager pid=1850)[0m === RouterManager iteration 508 ===
[36m(RouterManager pid=1850)[0m self.req_queue.waiting_req_list length: 11
[36m(RouterManager pid=1850)[0m === RouterManager iteration 510 ===
[36m(RouterManager pid=1850)[0m self.req_queue.waiting_req_list length: 11
[36m(RouterManager pid=1850)[0m === RouterManager iteration 512 ===
[36m(RouterManager pid=1850)[0m self.req_queue.waiting_req_list length: 11
[36m(RouterManager pid=1850)[0m === RouterManager iteration 514 ===
[36m(RouterManager pid=1850)[0m self.req_queue.waiting_req_list length: 11
[36m(RouterManager pid=1850)[0m === RouterManager iteration 516 ===
[36m(RouterManager pid=1850)[0m self.req_queue.waiting_req_list length: 11
[36m(RouterManager pid=1850)[0m === RouterManager iteration 518 ===
[36m(RouterManager pid=1850)[0m self.req_queue.waiting_req_list length: 11
[36m(RouterManager pid=1850)[0m === RouterManager iteration 520 ===
[36m(RouterManager pid=1850)[0m self.req_queue.waiting_req_list length: 11
[36m(RouterManager pid=1850)[0m === RouterManager iteration 522 ===
[36m(RouterManager pid=1850)[0m self.req_queue.waiting_req_list length: 11
[36m(RouterManager pid=1850)[0m === RouterManager iteration 524 ===
[36m(RouterManager pid=1850)[0m self.req_queue.waiting_req_list length: 11
[36m(RouterManager pid=1850)[0m === RouterManager iteration 526 ===
[36m(RouterManager pid=1850)[0m self.req_queue.waiting_req_list length: 11
[36m(RouterManager pid=1850)[0m [Router ReqQueue] Req chatcmpl-5f3966d5a92f4451bd0ecac3510cc5f1 in_time: 680114.3350, out_time: 680115.5515, total wait time: 1.2165 seconds
[36m(RouterManager pid=1850)[0m [Router ReqQueue] Req chatcmpl-4bd6c5106f804738b34045a6f21322f2 in_time: 680114.4183, out_time: 680115.5515, total wait time: 1.1332 seconds
[36m(RouterManager pid=1850)[0m [Router ReqQueue] Req chatcmpl-906561488ead47829a8f2b8dc2f60343 in_time: 680114.4680, out_time: 680115.5515, total wait time: 1.0836 seconds
[36m(RouterManager pid=1850)[0m [Router ReqQueue] Req chatcmpl-d799b77457ac482da672949fcefa0b84 in_time: 680114.6257, out_time: 680115.5515, total wait time: 0.9258 seconds
[36m(RouterManager pid=1850)[0m [Router ReqQueue] Req chatcmpl-5dba3cf2fcc64646883a7ced38b5d893 in_time: 680114.7212, out_time: 680115.5516, total wait time: 0.8304 seconds
[36m(RouterManager pid=1850)[0m [Router ReqQueue] Req chatcmpl-52d8f851318e4e4497eb2054c878b246 in_time: 680114.7274, out_time: 680115.5516, total wait time: 0.8242 seconds
[36m(RouterManager pid=1850)[0m [Router ReqQueue] Req chatcmpl-6f2c28f680ba49db87bc3f2401faaed6 in_time: 680114.8585, out_time: 680115.5516, total wait time: 0.6931 seconds
[36m(RouterManager pid=1850)[0m [Router ReqQueue] Req chatcmpl-269d5d70631841068db3e0da31ab7249 in_time: 680115.0845, out_time: 680115.5516, total wait time: 0.4670 seconds
[36m(RouterManager pid=1850)[0m [Router ReqQueue] Req chatcmpl-c942d112728a4bfbb388a5cc501adc3f in_time: 680115.0978, out_time: 680115.5516, total wait time: 0.4538 seconds
[36m(RouterManager pid=1850)[0m [Router ReqQueue] Req chatcmpl-043fb1aeb63948a5996f791bbce858ba in_time: 680115.1565, out_time: 680115.5516, total wait time: 0.3951 seconds
[36m(RouterManager pid=1850)[0m [Router ReqQueue] Req chatcmpl-e94de4efde834b54a2d3a6e5b9fc5ec6 in_time: 680115.1987, out_time: 680115.5516, total wait time: 0.3529 seconds
[36m(RouterManager pid=1850)[0m [Loongserve manager] scheduling time: 129.24 ms
[36m(RouterManager pid=1850)[0m [Loongserve manager] prefill and decoding batch scheduling results:
[36m(RouterManager pid=1850)[0m     running decode batch id: 3b10f42a45c44e77bc40e07fe41a667c, req num: 6, occupied instances: [2], batch_used_tokens_sum: 14645
[36m(RouterManager pid=1850)[0m     prefill batch id: 27fa26944b9e4bc6b768a801a7b4c272, req num: 11, occupied instances: [1, 3, 0], batch_used_tokens_sum: 0
[36m(RouterManager pid=1850)[0m [Loongserve manager] running batch id: 27fa26944b9e4bc6b768a801a7b4c272, req num: 11, occupied instances: [1], batch_used_tokens_sum: 53231
[36m(RouterManager pid=1850)[0m === RouterManager iteration 528 ===
[36m(RouterManager pid=1850)[0m self.req_queue.waiting_req_list length: 29
[36m(RouterManager pid=1850)[0m === RouterManager iteration 530 ===
[36m(RouterManager pid=1850)[0m self.req_queue.waiting_req_list length: 29
[36m(RouterManager pid=1850)[0m === RouterManager iteration 532 ===
[36m(RouterManager pid=1850)[0m self.req_queue.waiting_req_list length: 29
[36m(RouterManager pid=1850)[0m === RouterManager iteration 534 ===
[36m(RouterManager pid=1850)[0m self.req_queue.waiting_req_list length: 29
[36m(RouterManager pid=1850)[0m === RouterManager iteration 536 ===
[36m(RouterManager pid=1850)[0m self.req_queue.waiting_req_list length: 29
[36m(RouterManager pid=1850)[0m === RouterManager iteration 538 ===
[36m(RouterManager pid=1850)[0m self.req_queue.waiting_req_list length: 29
[36m(RouterManager pid=1850)[0m === RouterManager iteration 540 ===
[36m(RouterManager pid=1850)[0m self.req_queue.waiting_req_list length: 29
[36m(RouterManager pid=1850)[0m === RouterManager iteration 542 ===
[36m(RouterManager pid=1850)[0m self.req_queue.waiting_req_list length: 29
[36m(RouterManager pid=1850)[0m === RouterManager iteration 544 ===
[36m(RouterManager pid=1850)[0m self.req_queue.waiting_req_list length: 29
[36m(RouterManager pid=1850)[0m === RouterManager iteration 546 ===
[36m(RouterManager pid=1850)[0m self.req_queue.waiting_req_list length: 29
[36m(RouterManager pid=1850)[0m === RouterManager iteration 548 ===
[36m(RouterManager pid=1850)[0m self.req_queue.waiting_req_list length: 29
[36m(RouterManager pid=1850)[0m [Router ReqQueue] Req chatcmpl-a79501bed01d40ac82d0caa4138a9c32 in_time: 680115.7050, out_time: 680122.1629, total wait time: 6.4579 seconds
[36m(RouterManager pid=1850)[0m [Router ReqQueue] Req chatcmpl-b5cb8ad42cb84a96b8dd7f425cb4b0c6 in_time: 680115.8154, out_time: 680122.1629, total wait time: 6.3475 seconds
[36m(RouterManager pid=1850)[0m [Router ReqQueue] Req chatcmpl-46668144783f45df9cd88ef05da88193 in_time: 680115.8187, out_time: 680122.1629, total wait time: 6.3442 seconds
[36m(RouterManager pid=1850)[0m [Router ReqQueue] Req chatcmpl-8c03b7a9cdb749d28352e9ec3bb92f8f in_time: 680115.8376, out_time: 680122.1629, total wait time: 6.3253 seconds
[36m(RouterManager pid=1850)[0m [Router ReqQueue] Req chatcmpl-57eb6ed3b3064898bdfdba0129de3f69 in_time: 680116.0511, out_time: 680122.1629, total wait time: 6.1119 seconds
[36m(RouterManager pid=1850)[0m [Router ReqQueue] Req chatcmpl-f5f6c2ca6dee41679e2a9cd558cd433f in_time: 680117.1352, out_time: 680122.1630, total wait time: 5.0277 seconds
[36m(RouterManager pid=1850)[0m [Router ReqQueue] Req chatcmpl-e008949524394f98b0485eb8118d8e92 in_time: 680117.5197, out_time: 680122.1630, total wait time: 4.6432 seconds
[36m(RouterManager pid=1850)[0m [Router ReqQueue] Req chatcmpl-acab558b71bd41b6be0d4cb0ebb37b5b in_time: 680117.6797, out_time: 680122.1630, total wait time: 4.4833 seconds
[36m(RouterManager pid=1850)[0m [Router ReqQueue] Req chatcmpl-8c8680d80be94d3ea4cd235b0e8d4000 in_time: 680117.8139, out_time: 680122.1630, total wait time: 4.3491 seconds
[36m(RouterManager pid=1850)[0m [Router ReqQueue] Req chatcmpl-b38e9b8a2d494aa5a822c48a83287fea in_time: 680117.8298, out_time: 680122.1630, total wait time: 4.3332 seconds
[36m(RouterManager pid=1850)[0m [Router ReqQueue] Req chatcmpl-67481f8c1d5a445fa0d152a5fe9df01b in_time: 680117.9537, out_time: 680122.1630, total wait time: 4.2093 seconds
[36m(RouterManager pid=1850)[0m [Router ReqQueue] Req chatcmpl-6b9d02c97eca4d6d9848e291c6627010 in_time: 680118.5463, out_time: 680122.1630, total wait time: 3.6167 seconds
[36m(RouterManager pid=1850)[0m [Router ReqQueue] Req chatcmpl-3f0aaf6f2cdc48d39728d8396a7b9e03 in_time: 680119.0123, out_time: 680122.1630, total wait time: 3.1507 seconds
[36m(RouterManager pid=1850)[0m [Router ReqQueue] Req chatcmpl-167e48fed2ef41a4aae43baecb2c032c in_time: 680119.3394, out_time: 680122.1630, total wait time: 2.8236 seconds
[36m(RouterManager pid=1850)[0m [Router ReqQueue] Req chatcmpl-4a61e4ac5adb43348e7730a664ae091b in_time: 680119.4552, out_time: 680122.1630, total wait time: 2.7079 seconds
[36m(RouterManager pid=1850)[0m [Router ReqQueue] Req chatcmpl-3f301e530f3944519d05e4c84f22cd95 in_time: 680119.4859, out_time: 680122.1630, total wait time: 2.6771 seconds
[36m(RouterManager pid=1850)[0m [Router ReqQueue] Req chatcmpl-f574b74736cc49da8c5cac7add32cbb1 in_time: 680119.6135, out_time: 680122.1631, total wait time: 2.5495 seconds
[36m(RouterManager pid=1850)[0m [Router ReqQueue] Req chatcmpl-9771d7d2f05d40a385f9d4f1e485835b in_time: 680119.8834, out_time: 680122.1631, total wait time: 2.2796 seconds
[36m(RouterManager pid=1850)[0m [Router ReqQueue] Req chatcmpl-5c90ad5bdea84e749e1598c56251da75 in_time: 680120.1101, out_time: 680122.1631, total wait time: 2.0529 seconds
[36m(RouterManager pid=1850)[0m [Router ReqQueue] Req chatcmpl-12ea5c64abc14b2f8f090005c8f17890 in_time: 680120.1142, out_time: 680122.1631, total wait time: 2.0489 seconds
[36m(RouterManager pid=1850)[0m [Router ReqQueue] Req chatcmpl-6b2a15525c4c48368117d9cd5a07182e in_time: 680120.1462, out_time: 680122.1631, total wait time: 2.0169 seconds
[36m(RouterManager pid=1850)[0m [Router ReqQueue] Req chatcmpl-3209e8fb0d974a86ac0142c4cda18a2c in_time: 680120.2731, out_time: 680122.1631, total wait time: 1.8900 seconds
[36m(RouterManager pid=1850)[0m [Router ReqQueue] Req chatcmpl-f6a2204b687a41a9934d3e17cdcd0662 in_time: 680120.3321, out_time: 680122.1631, total wait time: 1.8310 seconds
[36m(RouterManager pid=1850)[0m [Router ReqQueue] Req chatcmpl-e859339d96dc4872ac38fef12ff3f1fb in_time: 680120.3596, out_time: 680122.1631, total wait time: 1.8035 seconds
[36m(RouterManager pid=1850)[0m [Router ReqQueue] Req chatcmpl-c19ef02172cc4ed3ba901f57a1bcf55b in_time: 680120.5479, out_time: 680122.1631, total wait time: 1.6153 seconds
[36m(RouterManager pid=1850)[0m [Router ReqQueue] Req chatcmpl-cc9a7d877a6b4dfdb9339d187fdbd045 in_time: 680120.9178, out_time: 680122.1631, total wait time: 1.2453 seconds
[36m(RouterManager pid=1850)[0m [Router ReqQueue] Req chatcmpl-4225807555834869925fa5a60583a503 in_time: 680121.3690, out_time: 680122.1631, total wait time: 0.7942 seconds
[36m(RouterManager pid=1850)[0m [Router ReqQueue] Req chatcmpl-a47b50620d834be586f70e9a2ff9f544 in_time: 680121.5916, out_time: 680122.1632, total wait time: 0.5716 seconds
[36m(RouterManager pid=1850)[0m [Router ReqQueue] Req chatcmpl-5a9c0dcd99a643888e4f50ccad4ac965 in_time: 680121.7501, out_time: 680122.1632, total wait time: 0.4131 seconds
[36m(RouterManager pid=1850)[0m [Loongserve manager] scheduling time: 1.97 ms
[36m(RouterManager pid=1850)[0m [Loongserve manager] prefill and decoding batch scheduling results:
[36m(RouterManager pid=1850)[0m     running decode batch id: 27fa26944b9e4bc6b768a801a7b4c272, req num: 11, occupied instances: [1], batch_used_tokens_sum: 53341
[36m(RouterManager pid=1850)[0m     prefill batch id: decdc1b7746b49358c5488bd1beb7e87, req num: 29, occupied instances: [0, 2, 3], batch_used_tokens_sum: 0
[36m(RouterManager pid=1850)[0m [Loongserve manager] running batch id: decdc1b7746b49358c5488bd1beb7e87, req num: 29, occupied instances: [0], batch_used_tokens_sum: 89114
[36m(RouterManager pid=1850)[0m === RouterManager iteration 550 ===
[36m(RouterManager pid=1850)[0m self.req_queue.waiting_req_list length: 39
[36m(RouterManager pid=1850)[0m === RouterManager iteration 552 ===
[36m(RouterManager pid=1850)[0m self.req_queue.waiting_req_list length: 39
[36m(RouterManager pid=1850)[0m === RouterManager iteration 554 ===
[36m(RouterManager pid=1850)[0m self.req_queue.waiting_req_list length: 39
[36m(RouterManager pid=1850)[0m === RouterManager iteration 556 ===
[36m(RouterManager pid=1850)[0m self.req_queue.waiting_req_list length: 40
[36m(RouterManager pid=1850)[0m === RouterManager iteration 558 ===
[36m(RouterManager pid=1850)[0m self.req_queue.waiting_req_list length: 40
[36m(RouterManager pid=1850)[0m === RouterManager iteration 560 ===
[36m(RouterManager pid=1850)[0m self.req_queue.waiting_req_list length: 41
[36m(RouterManager pid=1850)[0m === RouterManager iteration 562 ===
[36m(RouterManager pid=1850)[0m self.req_queue.waiting_req_list length: 41
[36m(RouterManager pid=1850)[0m === RouterManager iteration 564 ===
[36m(RouterManager pid=1850)[0m self.req_queue.waiting_req_list length: 41
[36m(RouterManager pid=1850)[0m === RouterManager iteration 566 ===
[36m(RouterManager pid=1850)[0m self.req_queue.waiting_req_list length: 41
[36m(RouterManager pid=1850)[0m === RouterManager iteration 568 ===
[36m(RouterManager pid=1850)[0m self.req_queue.waiting_req_list length: 41
[36m(RouterManager pid=1850)[0m === RouterManager iteration 570 ===
[36m(RouterManager pid=1850)[0m self.req_queue.waiting_req_list length: 42
[36m(RouterManager pid=1850)[0m [Router ReqQueue] Req chatcmpl-2794c612bcca4571b090e490a1e9d398 in_time: 680122.2380, out_time: 680130.9799, total wait time: 8.7419 seconds
[36m(RouterManager pid=1850)[0m [Router ReqQueue] Req chatcmpl-2357677229b64d3889dedd427a9c7598 in_time: 680122.4486, out_time: 680130.9799, total wait time: 8.5313 seconds
[36m(RouterManager pid=1850)[0m [Router ReqQueue] Req chatcmpl-b4630423b2814371b409eb2b31abae83 in_time: 680122.7608, out_time: 680130.9799, total wait time: 8.2191 seconds
[36m(RouterManager pid=1850)[0m [Router ReqQueue] Req chatcmpl-6fa2471c01e449469105c79907d4bdc8 in_time: 680123.1658, out_time: 680130.9799, total wait time: 7.8141 seconds
[36m(RouterManager pid=1850)[0m [Router ReqQueue] Req chatcmpl-2f07d64d3dfc4299b6f6d6a158ceceae in_time: 680123.3386, out_time: 680130.9799, total wait time: 7.6413 seconds
[36m(RouterManager pid=1850)[0m [Router ReqQueue] Req chatcmpl-648e209c2ee1468dac2d1d4c71df0d34 in_time: 680123.3682, out_time: 680130.9799, total wait time: 7.6118 seconds
[36m(RouterManager pid=1850)[0m [Router ReqQueue] Req chatcmpl-45f8a8f6d8eb414389a29867a96e7b3d in_time: 680123.4859, out_time: 680130.9799, total wait time: 7.4940 seconds
[36m(RouterManager pid=1850)[0m [Router ReqQueue] Req chatcmpl-433057aa2230404ebe5982182bc09a32 in_time: 680124.0914, out_time: 680130.9799, total wait time: 6.8886 seconds
[36m(RouterManager pid=1850)[0m [Router ReqQueue] Req chatcmpl-d6d97faa4c454da4bf7913ce6fbbf1f2 in_time: 680124.1288, out_time: 680130.9800, total wait time: 6.8512 seconds
[36m(RouterManager pid=1850)[0m [Router ReqQueue] Req chatcmpl-3096869bc7614ea4a99ca5c64b39c2fd in_time: 680124.5391, out_time: 680130.9800, total wait time: 6.4409 seconds
[36m(RouterManager pid=1850)[0m [Router ReqQueue] Req chatcmpl-51f533d9383b40d794df3ddbdefbead3 in_time: 680124.8548, out_time: 680130.9800, total wait time: 6.1252 seconds
[36m(RouterManager pid=1850)[0m [Router ReqQueue] Req chatcmpl-e6535fc4780c4404866e058973546b42 in_time: 680124.9461, out_time: 680130.9800, total wait time: 6.0339 seconds
[36m(RouterManager pid=1850)[0m [Router ReqQueue] Req chatcmpl-cc758c2644654ffa8e8608547f5cd5fe in_time: 680124.9596, out_time: 680130.9800, total wait time: 6.0204 seconds
[36m(RouterManager pid=1850)[0m [Router ReqQueue] Req chatcmpl-ac7e8d0f52564845882c892a90afd272 in_time: 680125.0206, out_time: 680130.9800, total wait time: 5.9594 seconds
[36m(RouterManager pid=1850)[0m [Router ReqQueue] Req chatcmpl-4c2966eb534842eab6bb6ee7cbef055c in_time: 680125.3079, out_time: 680130.9800, total wait time: 5.6722 seconds
[36m(RouterManager pid=1850)[0m [Router ReqQueue] Req chatcmpl-3a6b16111a2f4ae48ff1c11b3375e041 in_time: 680125.3617, out_time: 680130.9800, total wait time: 5.6183 seconds
[36m(RouterManager pid=1850)[0m [Router ReqQueue] Req chatcmpl-027710c490e54b2598455d3fdce4009f in_time: 680125.5095, out_time: 680130.9800, total wait time: 5.4706 seconds
[36m(RouterManager pid=1850)[0m [Router ReqQueue] Req chatcmpl-097303bfafee4682aa1ccad8ca37e7b5 in_time: 680125.6130, out_time: 680130.9800, total wait time: 5.3671 seconds
[36m(RouterManager pid=1850)[0m [Router ReqQueue] Req chatcmpl-91bc8f5b81c94a90a1d7d80ca0eca2a2 in_time: 680125.9127, out_time: 680130.9801, total wait time: 5.0674 seconds
[36m(RouterManager pid=1850)[0m [Router ReqQueue] Req chatcmpl-970f3f8abbc94c6cb807a48e830b3ea6 in_time: 680125.9231, out_time: 680130.9801, total wait time: 5.0570 seconds
[36m(RouterManager pid=1850)[0m [Router ReqQueue] Req chatcmpl-b1953f638bb14f63811c219efd36a810 in_time: 680126.0331, out_time: 680130.9801, total wait time: 4.9470 seconds
[36m(RouterManager pid=1850)[0m [Router ReqQueue] Req chatcmpl-da04150cadf846e7ab32377e99e0019d in_time: 680126.5105, out_time: 680130.9801, total wait time: 4.4696 seconds
[36m(RouterManager pid=1850)[0m [Router ReqQueue] Req chatcmpl-a30b4a75d6ce4de9b1e57049f4a80c3a in_time: 680127.0889, out_time: 680130.9801, total wait time: 3.8912 seconds
[36m(RouterManager pid=1850)[0m [Router ReqQueue] Req chatcmpl-e29c2bcd65a541a68c3a85ff94cf3e5d in_time: 680127.2755, out_time: 680130.9801, total wait time: 3.7046 seconds
[36m(RouterManager pid=1850)[0m [Router ReqQueue] Req chatcmpl-675230fbb3154afca03b2227443c1f0c in_time: 680127.5791, out_time: 680130.9801, total wait time: 3.4010 seconds
[36m(RouterManager pid=1850)[0m [Router ReqQueue] Req chatcmpl-4171dd9443454d908b49ca755e2c49b3 in_time: 680127.6195, out_time: 680130.9801, total wait time: 3.3606 seconds
[36m(RouterManager pid=1850)[0m [Router ReqQueue] Req chatcmpl-38e7fa3d793e45c585914a8fc39a1fc9 in_time: 680128.0798, out_time: 680130.9801, total wait time: 2.9004 seconds
[36m(RouterManager pid=1850)[0m [Router ReqQueue] Req chatcmpl-e31b6f754ff6405387425f2ce4a46f21 in_time: 680128.2578, out_time: 680130.9801, total wait time: 2.7223 seconds
[36m(RouterManager pid=1850)[0m [Router ReqQueue] Req chatcmpl-d32103d1e7a24ca0b29da2e3dadc8358 in_time: 680128.4288, out_time: 680130.9802, total wait time: 2.5514 seconds
[36m(RouterManager pid=1850)[0m [Router ReqQueue] Req chatcmpl-38b90b885a884a43a746e2908810e32b in_time: 680128.4805, out_time: 680130.9802, total wait time: 2.4997 seconds
[36m(RouterManager pid=1850)[0m [Router ReqQueue] Req chatcmpl-a49d08c85b364c33aa8b38ebc8c08aaa in_time: 680128.5342, out_time: 680130.9802, total wait time: 2.4460 seconds
[36m(RouterManager pid=1850)[0m [Router ReqQueue] Req chatcmpl-4bb6f2dfdb5d4964810dd61c5c29fef0 in_time: 680128.5908, out_time: 680130.9802, total wait time: 2.3894 seconds
[36m(RouterManager pid=1850)[0m [Router ReqQueue] Req chatcmpl-3ab95c0f3435446989d24fb6a935a974 in_time: 680128.7701, out_time: 680130.9802, total wait time: 2.2101 seconds
[36m(RouterManager pid=1850)[0m [Router ReqQueue] Req chatcmpl-23e156e22a6e4c59acf7a30de392b6fa in_time: 680128.7986, out_time: 680130.9802, total wait time: 2.1816 seconds
[36m(RouterManager pid=1850)[0m [Router ReqQueue] Req chatcmpl-f844ce18338a4721b738b915ca90f885 in_time: 680128.9029, out_time: 680130.9802, total wait time: 2.0773 seconds
[36m(RouterManager pid=1850)[0m [Router ReqQueue] Req chatcmpl-e13b914179f94783a0ffa2361fce5522 in_time: 680129.0865, out_time: 680130.9802, total wait time: 1.8937 seconds
[36m(RouterManager pid=1850)[0m [Router ReqQueue] Req chatcmpl-9f2cf2ca19cf4663a6e92ca73c4d15f8 in_time: 680129.6159, out_time: 680130.9802, total wait time: 1.3644 seconds
[36m(RouterManager pid=1850)[0m [Router ReqQueue] Req chatcmpl-052eb5ae1261431ea6b13f3b79882379 in_time: 680129.8013, out_time: 680130.9802, total wait time: 1.1790 seconds
[36m(RouterManager pid=1850)[0m [Router ReqQueue] Req chatcmpl-add8d8ad8f6c46579b7a5778a450b465 in_time: 680130.0720, out_time: 680130.9802, total wait time: 0.9082 seconds
[36m(RouterManager pid=1850)[0m [Router ReqQueue] Req chatcmpl-15720c6ec7924dd3843ae94fefb3240d in_time: 680130.7129, out_time: 680130.9803, total wait time: 0.2673 seconds
[36m(RouterManager pid=1850)[0m [Router ReqQueue] Req chatcmpl-725de746b7cc4ca0b3d178f193541c23 in_time: 680130.7840, out_time: 680130.9803, total wait time: 0.1962 seconds
[36m(RouterManager pid=1850)[0m [Router ReqQueue] Req chatcmpl-ec42c82a51894d80a8eec65dc6dffe99 in_time: 680130.9664, out_time: 680130.9803, total wait time: 0.0138 seconds
[36m(RouterManager pid=1850)[0m [Loongserve manager] scheduling time: 2.18 ms
[36m(RouterManager pid=1850)[0m [Loongserve manager] prefill and decoding batch scheduling results:
[36m(RouterManager pid=1850)[0m     running decode batch id: decdc1b7746b49358c5488bd1beb7e87, req num: 29, occupied instances: [0], batch_used_tokens_sum: 89404
[36m(RouterManager pid=1850)[0m     prefill batch id: a9abe523ecaf475583408947e2bf2f42, req num: 42, occupied instances: [1, 2, 3], batch_used_tokens_sum: 0
[36m(RouterManager pid=1850)[0m [Loongserve manager] running batch id: a9abe523ecaf475583408947e2bf2f42, req num: 42, occupied instances: [1], batch_used_tokens_sum: 159233
[36m(RouterManager pid=1850)[0m === RouterManager iteration 572 ===
[36m(RouterManager pid=1850)[0m self.req_queue.waiting_req_list length: 97
[36m(RouterManager pid=1850)[0m === RouterManager iteration 574 ===
[36m(RouterManager pid=1850)[0m self.req_queue.waiting_req_list length: 101
[36m(RouterManager pid=1850)[0m === RouterManager iteration 576 ===
[36m(RouterManager pid=1850)[0m self.req_queue.waiting_req_list length: 101
[36m(RouterManager pid=1850)[0m === RouterManager iteration 578 ===
[36m(RouterManager pid=1850)[0m self.req_queue.waiting_req_list length: 101
[36m(RouterManager pid=1850)[0m === RouterManager iteration 580 ===
[36m(RouterManager pid=1850)[0m self.req_queue.waiting_req_list length: 101
[36m(RouterManager pid=1850)[0m === RouterManager iteration 582 ===
[36m(RouterManager pid=1850)[0m self.req_queue.waiting_req_list length: 101
[36m(RouterManager pid=1850)[0m === RouterManager iteration 584 ===
[36m(RouterManager pid=1850)[0m self.req_queue.waiting_req_list length: 101
[36m(RouterManager pid=1850)[0m === RouterManager iteration 586 ===
[36m(RouterManager pid=1850)[0m self.req_queue.waiting_req_list length: 102
[36m(RouterManager pid=1850)[0m === RouterManager iteration 588 ===
[36m(RouterManager pid=1850)[0m self.req_queue.waiting_req_list length: 103
[36m(RouterManager pid=1850)[0m === RouterManager iteration 590 ===
[36m(RouterManager pid=1850)[0m self.req_queue.waiting_req_list length: 103
[36m(RouterManager pid=1850)[0m === RouterManager iteration 592 ===
[36m(RouterManager pid=1850)[0m self.req_queue.waiting_req_list length: 103
[36m(RouterManager pid=1850)[0m [Router ReqQueue] Req chatcmpl-0120a955c4f641b39c2fa95761c482c1 in_time: 680133.6538, out_time: 680150.1997, total wait time: 16.5459 seconds
[36m(RouterManager pid=1850)[0m [Router ReqQueue] Req chatcmpl-f8091fd93b72493587da5b802e614988 in_time: 680133.7975, out_time: 680150.1997, total wait time: 16.4022 seconds
[36m(RouterManager pid=1850)[0m [Router ReqQueue] Req chatcmpl-93fc9b1cd8504dc1b5ba75dba907ada9 in_time: 680133.8539, out_time: 680150.1997, total wait time: 16.3459 seconds
[36m(RouterManager pid=1850)[0m [Router ReqQueue] Req chatcmpl-c6cf590f95ff4bc9a80ea6c153a9217b in_time: 680133.9198, out_time: 680150.1997, total wait time: 16.2799 seconds
[36m(RouterManager pid=1850)[0m [Router ReqQueue] Req chatcmpl-9e9db640415a467d9d1214dcbd8b2432 in_time: 680133.9325, out_time: 680150.1997, total wait time: 16.2673 seconds
[36m(RouterManager pid=1850)[0m [Router ReqQueue] Req chatcmpl-588544f88a504c2a9a5c368a03344933 in_time: 680133.9672, out_time: 680150.1997, total wait time: 16.2325 seconds
[36m(RouterManager pid=1850)[0m [Router ReqQueue] Req chatcmpl-da4cf4b900b94146ac54185a0a4fc669 in_time: 680134.2250, out_time: 680150.1998, total wait time: 15.9747 seconds
[36m(RouterManager pid=1850)[0m [Router ReqQueue] Req chatcmpl-2a60d21d361c485d9db5d2763b48c6d7 in_time: 680134.5153, out_time: 680150.1998, total wait time: 15.6845 seconds
[36m(RouterManager pid=1850)[0m [Router ReqQueue] Req chatcmpl-a2091460232c431185af128564ec271e in_time: 680134.5349, out_time: 680150.1998, total wait time: 15.6649 seconds
[36m(RouterManager pid=1850)[0m [Router ReqQueue] Req chatcmpl-744b7e9dc5a848439c6b47cdd4014f47 in_time: 680134.5601, out_time: 680150.1998, total wait time: 15.6396 seconds
[36m(RouterManager pid=1850)[0m [Router ReqQueue] Req chatcmpl-143dbc72261143c586800db16434296f in_time: 680134.6426, out_time: 680150.1998, total wait time: 15.5572 seconds
[36m(RouterManager pid=1850)[0m [Router ReqQueue] Req chatcmpl-9d4c5df988fc4a5fa5a9898d834a10e2 in_time: 680134.8133, out_time: 680150.1998, total wait time: 15.3865 seconds
[36m(RouterManager pid=1850)[0m [Router ReqQueue] Req chatcmpl-c3d94429cb00483a972116065cc97c43 in_time: 680134.8525, out_time: 680150.1998, total wait time: 15.3474 seconds
[36m(RouterManager pid=1850)[0m [Router ReqQueue] Req chatcmpl-9fecd83fe3eb4815b996b280ab3a8dc8 in_time: 680135.0354, out_time: 680150.1998, total wait time: 15.1644 seconds
[36m(RouterManager pid=1850)[0m [Router ReqQueue] Req chatcmpl-9640935f15ec4633b52fd35940000d17 in_time: 680135.2072, out_time: 680150.1998, total wait time: 14.9927 seconds
[36m(RouterManager pid=1850)[0m [Router ReqQueue] Req chatcmpl-c8f561232840472097355678a31313ac in_time: 680135.2775, out_time: 680150.1998, total wait time: 14.9223 seconds
[36m(RouterManager pid=1850)[0m [Router ReqQueue] Req chatcmpl-84c2570b0e0549e98d1748499e0466a2 in_time: 680135.4876, out_time: 680150.1998, total wait time: 14.7123 seconds
[36m(RouterManager pid=1850)[0m [Router ReqQueue] Req chatcmpl-8e870924757a4b7aa9693e3821b10f8c in_time: 680135.5294, out_time: 680150.1999, total wait time: 14.6704 seconds
[36m(RouterManager pid=1850)[0m [Router ReqQueue] Req chatcmpl-412d73e1873f4896a9e0312754659175 in_time: 680135.5516, out_time: 680150.1999, total wait time: 14.6482 seconds
[36m(RouterManager pid=1850)[0m [Router ReqQueue] Req chatcmpl-4e61738c3d27436ab919a1804ccd6076 in_time: 680135.6703, out_time: 680150.1999, total wait time: 14.5296 seconds
[36m(RouterManager pid=1850)[0m [Router ReqQueue] Req chatcmpl-19f3d440947f4931949125b8ad1a25cf in_time: 680135.7090, out_time: 680150.1999, total wait time: 14.4909 seconds
[36m(RouterManager pid=1850)[0m [Router ReqQueue] Req chatcmpl-4107c62c17254a3faff35a15a004955e in_time: 680135.7123, out_time: 680150.1999, total wait time: 14.4876 seconds
[36m(RouterManager pid=1850)[0m [Router ReqQueue] Req chatcmpl-4ecb595a768545f9b3a76af5f6f848cf in_time: 680135.9470, out_time: 680150.1999, total wait time: 14.2529 seconds
[36m(RouterManager pid=1850)[0m [Router ReqQueue] Req chatcmpl-db6586b6e25b4507885436e46b50ae0f in_time: 680136.1761, out_time: 680150.1999, total wait time: 14.0238 seconds
[36m(RouterManager pid=1850)[0m [Router ReqQueue] Req chatcmpl-57c4abdad38a4acb8d56f6fcc683ef90 in_time: 680136.2551, out_time: 680150.1999, total wait time: 13.9448 seconds
[36m(RouterManager pid=1850)[0m [Router ReqQueue] Req chatcmpl-6cbbb5862de54fedba92934c84f9fb87 in_time: 680136.3970, out_time: 680150.1999, total wait time: 13.8030 seconds
[36m(RouterManager pid=1850)[0m [Router ReqQueue] Req chatcmpl-7196770776954194b363d2fc3c6a5bcf in_time: 680136.4050, out_time: 680150.1999, total wait time: 13.7949 seconds
[36m(RouterManager pid=1850)[0m [Router ReqQueue] Req chatcmpl-487e8af73d2b47eaac2d827097ca0c4e in_time: 680136.5164, out_time: 680150.1999, total wait time: 13.6836 seconds
[36m(RouterManager pid=1850)[0m [Router ReqQueue] Req chatcmpl-97f3c38cde89416e90bdb96eb3e55066 in_time: 680136.5813, out_time: 680150.2000, total wait time: 13.6186 seconds
[36m(RouterManager pid=1850)[0m [Router ReqQueue] Req chatcmpl-2a4766aba2d443f79bdd64b824aef7e2 in_time: 680136.7238, out_time: 680150.2000, total wait time: 13.4762 seconds
[36m(RouterManager pid=1850)[0m [Router ReqQueue] Req chatcmpl-4e2882f7b08249e5ad1bad68bfb0179e in_time: 680136.8063, out_time: 680150.2000, total wait time: 13.3937 seconds
[36m(RouterManager pid=1850)[0m [Router ReqQueue] Req chatcmpl-a59d0fc1f33a4160ad06a0872e523f45 in_time: 680136.8836, out_time: 680150.2000, total wait time: 13.3164 seconds
[36m(RouterManager pid=1850)[0m [Router ReqQueue] Req chatcmpl-ee66ac06c4a346d0a25e712b7fed8c74 in_time: 680137.0913, out_time: 680150.2000, total wait time: 13.1087 seconds
[36m(RouterManager pid=1850)[0m [Router ReqQueue] Req chatcmpl-dd05bb84c9954136bcc279af94ad5e35 in_time: 680137.3984, out_time: 680150.2000, total wait time: 12.8016 seconds
[36m(RouterManager pid=1850)[0m [Router ReqQueue] Req chatcmpl-1731b3fd7ad64a6f9d5e897c9b9b9589 in_time: 680137.4306, out_time: 680150.2000, total wait time: 12.7695 seconds
[36m(RouterManager pid=1850)[0m [Router ReqQueue] Req chatcmpl-edb66e6b557e4a30b7af0c5cee98aedd in_time: 680137.4981, out_time: 680150.2000, total wait time: 12.7019 seconds
[36m(RouterManager pid=1850)[0m [Router ReqQueue] Req chatcmpl-6cf813b560a24e118838e5872916cc45 in_time: 680137.7189, out_time: 680150.2000, total wait time: 12.4811 seconds
[36m(RouterManager pid=1850)[0m [Router ReqQueue] Req chatcmpl-683dbed02b2643cda34a498faeb8cbd3 in_time: 680138.1987, out_time: 680150.2001, total wait time: 12.0014 seconds
[36m(RouterManager pid=1850)[0m [Router ReqQueue] Req chatcmpl-a58c695c15ac45bd8f8246757f497c96 in_time: 680138.2233, out_time: 680150.2001, total wait time: 11.9768 seconds
[36m(RouterManager pid=1850)[0m [Router ReqQueue] Req chatcmpl-5952b71b20124831bb31cf844b4cafe8 in_time: 680138.9052, out_time: 680150.2001, total wait time: 11.2949 seconds
[36m(RouterManager pid=1850)[0m [Router ReqQueue] Req chatcmpl-1f49cfa5f8cd46459e542f5a90f12a45 in_time: 680139.3097, out_time: 680150.2001, total wait time: 10.8904 seconds
[36m(RouterManager pid=1850)[0m [Router ReqQueue] Req chatcmpl-d5b080fef31b45a7b7ce664cb98cbd78 in_time: 680139.3624, out_time: 680150.2001, total wait time: 10.8377 seconds
[36m(RouterManager pid=1850)[0m [Router ReqQueue] Req chatcmpl-a7af66e426154cfaacbd432f6216604e in_time: 680139.5312, out_time: 680150.2001, total wait time: 10.6689 seconds
[36m(RouterManager pid=1850)[0m [Router ReqQueue] Req chatcmpl-f21dd1b10b464353bb5f704741716ee7 in_time: 680139.7603, out_time: 680150.2001, total wait time: 10.4399 seconds
[36m(RouterManager pid=1850)[0m [Router ReqQueue] Req chatcmpl-32a69e874d204488955ad741085d2aea in_time: 680139.7969, out_time: 680150.2001, total wait time: 10.4032 seconds
[36m(RouterManager pid=1850)[0m [Router ReqQueue] Req chatcmpl-8e1529dbd7be4422a9a7c15fbf490b43 in_time: 680139.8281, out_time: 680150.2001, total wait time: 10.3720 seconds
[36m(RouterManager pid=1850)[0m [Router ReqQueue] Req chatcmpl-624cff8191fb42969f4a68323efbbc5d in_time: 680140.1912, out_time: 680150.2001, total wait time: 10.0090 seconds
[36m(RouterManager pid=1850)[0m [Router ReqQueue] Req chatcmpl-c11a97c360374d37a4015106a0442e81 in_time: 680140.4620, out_time: 680150.2001, total wait time: 9.7382 seconds
[36m(RouterManager pid=1850)[0m [Router ReqQueue] Req chatcmpl-bc734e9aa83848788460d1867b3ab9dc in_time: 680140.5476, out_time: 680150.2002, total wait time: 9.6526 seconds
[36m(RouterManager pid=1850)[0m [Router ReqQueue] Req chatcmpl-2092e640d25846338dcde80ead9f7082 in_time: 680140.7405, out_time: 680150.2002, total wait time: 9.4597 seconds
[36m(RouterManager pid=1850)[0m [Router ReqQueue] Req chatcmpl-3fd6e461b73c4afaac0f40f48770f555 in_time: 680140.9199, out_time: 680150.2002, total wait time: 9.2803 seconds
[36m(RouterManager pid=1850)[0m [Router ReqQueue] Req chatcmpl-1960427c5d6544d3a8b37e442c0704cd in_time: 680141.1919, out_time: 680150.2002, total wait time: 9.0083 seconds
[36m(RouterManager pid=1850)[0m [Router ReqQueue] Req chatcmpl-a541e37502d24d99a4b82d4294d903bc in_time: 680141.3191, out_time: 680150.2002, total wait time: 8.8811 seconds
[36m(RouterManager pid=1850)[0m [Router ReqQueue] Req chatcmpl-86a825569dbc4c7b8bbeba6b3a5b348f in_time: 680141.3826, out_time: 680150.2002, total wait time: 8.8176 seconds
[36m(RouterManager pid=1850)[0m [Router ReqQueue] Req chatcmpl-cf608d5f620748e998896fd1d8fae6c4 in_time: 680141.4086, out_time: 680150.2002, total wait time: 8.7916 seconds
[36m(RouterManager pid=1850)[0m [Router ReqQueue] Req chatcmpl-8eace2c458e9424781259ec5b7141347 in_time: 680141.4746, out_time: 680150.2002, total wait time: 8.7256 seconds
[36m(RouterManager pid=1850)[0m [Router ReqQueue] Req chatcmpl-cca5672865c24c61a6e2d1139ac69c02 in_time: 680141.4981, out_time: 680150.2002, total wait time: 8.7022 seconds
[36m(RouterManager pid=1850)[0m [Router ReqQueue] Req chatcmpl-2bd9db8984064156b749962a7e775cc8 in_time: 680141.5529, out_time: 680150.2002, total wait time: 8.6473 seconds
[36m(RouterManager pid=1850)[0m [Router ReqQueue] Req chatcmpl-1c17b00ffb3a472f96d1685a341c01b6 in_time: 680141.6851, out_time: 680150.2003, total wait time: 8.5151 seconds
[36m(RouterManager pid=1850)[0m [Router ReqQueue] Req chatcmpl-81ba906d3cdd4679a54973b6c7351626 in_time: 680141.8106, out_time: 680150.2003, total wait time: 8.3897 seconds
[36m(RouterManager pid=1850)[0m [Router ReqQueue] Req chatcmpl-63db5946b35642e59bafd1ada5cfa58e in_time: 680141.8268, out_time: 680150.2003, total wait time: 8.3735 seconds
[36m(RouterManager pid=1850)[0m [Router ReqQueue] Req chatcmpl-6b856c0b7ab24e118e040a3f4b7d9135 in_time: 680142.0264, out_time: 680150.2003, total wait time: 8.1739 seconds
[36m(RouterManager pid=1850)[0m [Router ReqQueue] Req chatcmpl-b621cff88d83456db94cbd79e6e75f75 in_time: 680142.0957, out_time: 680150.2003, total wait time: 8.1046 seconds
[36m(RouterManager pid=1850)[0m [Router ReqQueue] Req chatcmpl-ec9684a5e2514c5588297d7c99ccd98f in_time: 680142.5515, out_time: 680150.2003, total wait time: 7.6488 seconds
[36m(RouterManager pid=1850)[0m [Router ReqQueue] Req chatcmpl-afd55ec4b455413abf83e98408b584cb in_time: 680143.0332, out_time: 680150.2003, total wait time: 7.1671 seconds
[36m(RouterManager pid=1850)[0m [Router ReqQueue] Req chatcmpl-909d8ee13fc94ceb8f70d513337594a9 in_time: 680143.1434, out_time: 680150.2003, total wait time: 7.0569 seconds
[36m(RouterManager pid=1850)[0m [Router ReqQueue] Req chatcmpl-a7645f9976254864ad97a1e7eb460e0e in_time: 680143.2309, out_time: 680150.2003, total wait time: 6.9695 seconds
[36m(RouterManager pid=1850)[0m [Router ReqQueue] Req chatcmpl-b8baa1cc1b534158b043e4d7d6a7a353 in_time: 680143.3972, out_time: 680150.2003, total wait time: 6.8031 seconds
[36m(RouterManager pid=1850)[0m [Router ReqQueue] Req chatcmpl-29d371ae67934da1b811c4aa7b1d1364 in_time: 680143.6520, out_time: 680150.2003, total wait time: 6.5483 seconds
[36m(RouterManager pid=1850)[0m [Router ReqQueue] Req chatcmpl-c190e862f82d4986908f40e3af889c7b in_time: 680144.0908, out_time: 680150.2003, total wait time: 6.1096 seconds
[36m(RouterManager pid=1850)[0m [Router ReqQueue] Req chatcmpl-a9659b07d7a548388ea992d28ff8fe4a in_time: 680144.2672, out_time: 680150.2004, total wait time: 5.9332 seconds
[36m(RouterManager pid=1850)[0m [Router ReqQueue] Req chatcmpl-405a71f215234f7b90c40f78564977d4 in_time: 680144.3339, out_time: 680150.2004, total wait time: 5.8665 seconds
[36m(RouterManager pid=1850)[0m [Router ReqQueue] Req chatcmpl-4004d35db5954a9cb85f9b683a7443c1 in_time: 680144.6523, out_time: 680150.2004, total wait time: 5.5481 seconds
[36m(RouterManager pid=1850)[0m [Router ReqQueue] Req chatcmpl-d922dea3d4764b899606c5c22d1859a8 in_time: 680144.6683, out_time: 680150.2004, total wait time: 5.5321 seconds
[36m(RouterManager pid=1850)[0m [Router ReqQueue] Req chatcmpl-06c7746c5faa40729a336a7e01b21312 in_time: 680144.7875, out_time: 680150.2004, total wait time: 5.4129 seconds
[36m(RouterManager pid=1850)[0m [Router ReqQueue] Req chatcmpl-b0b775f8c5044159a6bc55ad6c938dbb in_time: 680145.0056, out_time: 680150.2004, total wait time: 5.1948 seconds
[36m(RouterManager pid=1850)[0m [Router ReqQueue] Req chatcmpl-295abd6075ac4b088a2f719dbdb43c9a in_time: 680145.7406, out_time: 680150.2004, total wait time: 4.4598 seconds
[36m(RouterManager pid=1850)[0m [Router ReqQueue] Req chatcmpl-4a0916587eea4e1f8851c799072d71a6 in_time: 680145.7976, out_time: 680150.2004, total wait time: 4.4028 seconds
[36m(RouterManager pid=1850)[0m [Router ReqQueue] Req chatcmpl-2a98fdf0187e4251badfd1b248e91daf in_time: 680146.0414, out_time: 680150.2004, total wait time: 4.1590 seconds
[36m(RouterManager pid=1850)[0m [Router ReqQueue] Req chatcmpl-aee157ca3e1848349bdb557bdc693bc1 in_time: 680146.1415, out_time: 680150.2004, total wait time: 4.0590 seconds
[36m(RouterManager pid=1850)[0m [Router ReqQueue] Req chatcmpl-6f5326f9f02848da92cf4debd1bfbda0 in_time: 680146.2370, out_time: 680150.2004, total wait time: 3.9634 seconds
[36m(RouterManager pid=1850)[0m [Router ReqQueue] Req chatcmpl-d9833c60461a4a4ba64cd8dfbdc531c9 in_time: 680146.4173, out_time: 680150.2005, total wait time: 3.7831 seconds
[36m(RouterManager pid=1850)[0m [Router ReqQueue] Req chatcmpl-8022e6135c514f769bb1c83b846a1c8c in_time: 680146.4192, out_time: 680150.2005, total wait time: 3.7813 seconds
[36m(RouterManager pid=1850)[0m [Router ReqQueue] Req chatcmpl-ea71432856d84103ba1d469f43684102 in_time: 680146.4746, out_time: 680150.2005, total wait time: 3.7259 seconds
[36m(RouterManager pid=1850)[0m [Router ReqQueue] Req chatcmpl-b65861a0174c468790850163a792b35f in_time: 680146.7368, out_time: 680150.2005, total wait time: 3.4637 seconds
[36m(RouterManager pid=1850)[0m [Router ReqQueue] Req chatcmpl-d062b7868bc34fb5914ed149b05c423e in_time: 680146.7756, out_time: 680150.2005, total wait time: 3.4249 seconds
[36m(RouterManager pid=1850)[0m [Router ReqQueue] Req chatcmpl-5d2daba2869c4360a79d416919b8a0b4 in_time: 680146.8685, out_time: 680150.2005, total wait time: 3.3320 seconds
[36m(RouterManager pid=1850)[0m [Router ReqQueue] Req chatcmpl-be62ca1807f143a2831d73f1c64013bc in_time: 680147.0067, out_time: 680150.2005, total wait time: 3.1938 seconds
[36m(RouterManager pid=1850)[0m [Router ReqQueue] Req chatcmpl-7d6af709f39a4696954888aa5dc6bb26 in_time: 680147.0319, out_time: 680150.2005, total wait time: 3.1686 seconds
[36m(RouterManager pid=1850)[0m [Router ReqQueue] Req chatcmpl-5ca62704a234448aa7b44704816f3b5c in_time: 680147.2019, out_time: 680150.2005, total wait time: 2.9986 seconds
[36m(RouterManager pid=1850)[0m [Router ReqQueue] Req chatcmpl-6692fe26b49544349b85fa767cbf00f9 in_time: 680147.3586, out_time: 680150.2005, total wait time: 2.8419 seconds
[36m(RouterManager pid=1850)[0m [Router ReqQueue] Req chatcmpl-fa7bece3fe0f4212b0cf448e28dceedc in_time: 680147.3770, out_time: 680150.2006, total wait time: 2.8236 seconds
[36m(RouterManager pid=1850)[0m [Router ReqQueue] Req chatcmpl-fade21d38c9146439f85a58d539f95d3 in_time: 680147.5707, out_time: 680150.2006, total wait time: 2.6299 seconds
[36m(RouterManager pid=1850)[0m [Router ReqQueue] Req chatcmpl-ed16b805f2324103a690c8b1491ad67d in_time: 680148.6319, out_time: 680150.2006, total wait time: 1.5686 seconds
[36m(RouterManager pid=1850)[0m [Router ReqQueue] Req chatcmpl-fd6641d9735040fba4833d0e77d6fd40 in_time: 680148.6692, out_time: 680150.2006, total wait time: 1.5313 seconds
[36m(RouterManager pid=1850)[0m [Router ReqQueue] Req chatcmpl-76a6805bb8f241958e0a4eecd0c46d71 in_time: 680148.7388, out_time: 680150.2006, total wait time: 1.4618 seconds
[36m(RouterManager pid=1850)[0m [Router ReqQueue] Req chatcmpl-288fbf548d4c4abab8dce3a92d2046e4 in_time: 680148.8307, out_time: 680150.2006, total wait time: 1.3699 seconds
[36m(RouterManager pid=1850)[0m [Router ReqQueue] Req chatcmpl-f197b377d7744134a2160e6b8ff37026 in_time: 680149.0170, out_time: 680150.2006, total wait time: 1.1836 seconds
[36m(RouterManager pid=1850)[0m [Router ReqQueue] Req chatcmpl-a197f09a64fb41afaf3c299c26d1a880 in_time: 680149.3682, out_time: 680150.2006, total wait time: 0.8324 seconds
[36m(RouterManager pid=1850)[0m [Router ReqQueue] Req chatcmpl-3f72acece455469faace84cb93b9d1db in_time: 680149.3935, out_time: 680150.2006, total wait time: 0.8072 seconds
[36m(RouterManager pid=1850)[0m [Router ReqQueue] Req chatcmpl-07ab86c8e97b4c70b05db1723dec1f37 in_time: 680149.5840, out_time: 680150.2006, total wait time: 0.6166 seconds
[36m(RouterManager pid=1850)[0m [Router ReqQueue] Req chatcmpl-0515de866baf46e3ab2bf0fe8c9aa4eb in_time: 680150.0154, out_time: 680150.2006, total wait time: 0.1853 seconds
[36m(RouterManager pid=1850)[0m [Router ReqQueue] Req chatcmpl-10f8a8291b2d4ce2a195dbe1d0bba48a in_time: 680150.0738, out_time: 680150.2006, total wait time: 0.1269 seconds
[36m(RouterManager pid=1850)[0m [Loongserve manager] scheduling time: 6.24 ms
[36m(RouterManager pid=1850)[0m [Loongserve manager] prefill and decoding batch scheduling results:
[36m(RouterManager pid=1850)[0m     running decode batch id: a9abe523ecaf475583408947e2bf2f42, req num: 42, occupied instances: [1], batch_used_tokens_sum: 159653
[36m(RouterManager pid=1850)[0m     prefill batch id: 059536473b514df2aa275ead3270e4e1, req num: 103, occupied instances: [0, 2, 3], batch_used_tokens_sum: 0
[36m(RouterManager pid=1850)[0m [Loongserve manager] running batch id: 059536473b514df2aa275ead3270e4e1, req num: 103, occupied instances: [0, 2], batch_used_tokens_sum: 395494
[36m(RouterManager pid=1850)[0m === RouterManager iteration 594 ===
[36m(RouterManager pid=1850)[0m self.req_queue.waiting_req_list length: 160
[36m(RouterManager pid=1850)[0m === RouterManager iteration 596 ===
[36m(RouterManager pid=1850)[0m self.req_queue.waiting_req_list length: 161
[36m(RouterManager pid=1850)[0m === RouterManager iteration 598 ===
[36m(RouterManager pid=1850)[0m self.req_queue.waiting_req_list length: 161
[36m(RouterManager pid=1850)[0m === RouterManager iteration 600 ===
[36m(RouterManager pid=1850)[0m self.req_queue.waiting_req_list length: 161
[36m(RouterManager pid=1850)[0m === RouterManager iteration 602 ===
[36m(RouterManager pid=1850)[0m self.req_queue.waiting_req_list length: 161
[36m(RouterManager pid=1850)[0m === RouterManager iteration 604 ===
[36m(RouterManager pid=1850)[0m self.req_queue.waiting_req_list length: 161
[36m(RouterManager pid=1850)[0m === RouterManager iteration 606 ===
[36m(RouterManager pid=1850)[0m self.req_queue.waiting_req_list length: 163
[36m(RouterManager pid=1850)[0m === RouterManager iteration 608 ===
[36m(RouterManager pid=1850)[0m self.req_queue.waiting_req_list length: 163
[36m(RouterManager pid=1850)[0m === RouterManager iteration 610 ===
[36m(RouterManager pid=1850)[0m self.req_queue.waiting_req_list length: 163
[36m(RouterManager pid=1850)[0m === RouterManager iteration 612 ===
[36m(RouterManager pid=1850)[0m self.req_queue.waiting_req_list length: 163
[36m(RouterManager pid=1850)[0m === RouterManager iteration 614 ===
[36m(RouterManager pid=1850)[0m self.req_queue.waiting_req_list length: 163
[36m(RouterManager pid=1850)[0m [Router ReqQueue] Req chatcmpl-42e221366d8e42b9ae3f3e8d286ec4c5 in_time: 680154.1171, out_time: 680190.6081, total wait time: 36.4910 seconds
[36m(RouterManager pid=1850)[0m [Router ReqQueue] Req chatcmpl-956cf0d8636b4e93a28ecc13393bea63 in_time: 680154.6952, out_time: 680190.6082, total wait time: 35.9130 seconds
[36m(RouterManager pid=1850)[0m [Router ReqQueue] Req chatcmpl-f2190a8f25a9451aa4af4db4d7fd33b5 in_time: 680154.9752, out_time: 680190.6082, total wait time: 35.6330 seconds
[36m(RouterManager pid=1850)[0m [Router ReqQueue] Req chatcmpl-e54b5f8ae7f34c88bc7069b35fe6e89c in_time: 680156.5741, out_time: 680190.6082, total wait time: 34.0340 seconds
[36m(RouterManager pid=1850)[0m [Router ReqQueue] Req chatcmpl-8dc2c5d2a75a4d50ac54c8e00f93d856 in_time: 680156.8491, out_time: 680190.6082, total wait time: 33.7591 seconds
[36m(RouterManager pid=1850)[0m [Router ReqQueue] Req chatcmpl-6eb322df6d354d83bc146075fcebe570 in_time: 680157.5233, out_time: 680190.6082, total wait time: 33.0849 seconds
[36m(RouterManager pid=1850)[0m [Router ReqQueue] Req chatcmpl-0a2fc143e36c472a8fb56ab1c850c839 in_time: 680157.8009, out_time: 680190.6082, total wait time: 32.8074 seconds
[36m(RouterManager pid=1850)[0m [Router ReqQueue] Req chatcmpl-bd817f7c3563479592a05104091c9280 in_time: 680158.2223, out_time: 680190.6082, total wait time: 32.3860 seconds
[36m(RouterManager pid=1850)[0m [Router ReqQueue] Req chatcmpl-f55cc4cddeb44127ade350d4cfa0ffd5 in_time: 680158.2586, out_time: 680190.6082, total wait time: 32.3497 seconds
[36m(RouterManager pid=1850)[0m [Router ReqQueue] Req chatcmpl-88928db0d9c84a478b0fb44e974d9e2d in_time: 680158.3060, out_time: 680190.6082, total wait time: 32.3022 seconds
[36m(RouterManager pid=1850)[0m [Router ReqQueue] Req chatcmpl-b2a162bf9fc54927a045f1e3c3b8b23d in_time: 680158.4876, out_time: 680190.6083, total wait time: 32.1206 seconds
[36m(RouterManager pid=1850)[0m [Router ReqQueue] Req chatcmpl-1b4a6a9e2a4f4ab8920fcb83fd9c0aee in_time: 680158.6557, out_time: 680190.6083, total wait time: 31.9526 seconds
[36m(RouterManager pid=1850)[0m [Router ReqQueue] Req chatcmpl-b36294a93a254ca384d996bb88a1417b in_time: 680158.8051, out_time: 680190.6083, total wait time: 31.8032 seconds
[36m(RouterManager pid=1850)[0m [Router ReqQueue] Req chatcmpl-f3b65962f4004145a1aa64633cb39c93 in_time: 680158.8397, out_time: 680190.6083, total wait time: 31.7685 seconds
[36m(RouterManager pid=1850)[0m [Router ReqQueue] Req chatcmpl-7d66818e9f214d32ae005353e1bd7d57 in_time: 680159.0237, out_time: 680190.6083, total wait time: 31.5846 seconds
[36m(RouterManager pid=1850)[0m [Router ReqQueue] Req chatcmpl-c0cc322cbbef4d0a81eb0121669b6424 in_time: 680159.4867, out_time: 680190.6083, total wait time: 31.1216 seconds
[36m(RouterManager pid=1850)[0m [Router ReqQueue] Req chatcmpl-3f02a21aa2d847d8813a71eeb73f24fd in_time: 680159.6252, out_time: 680190.6083, total wait time: 30.9831 seconds
[36m(RouterManager pid=1850)[0m [Router ReqQueue] Req chatcmpl-85398a461fd443f9810a909b5e26d76b in_time: 680159.6885, out_time: 680190.6083, total wait time: 30.9199 seconds
[36m(RouterManager pid=1850)[0m [Router ReqQueue] Req chatcmpl-34ad15d0d9664abbb0164f3b216a41e7 in_time: 680159.9857, out_time: 680190.6083, total wait time: 30.6226 seconds
[36m(RouterManager pid=1850)[0m [Router ReqQueue] Req chatcmpl-799c4759a1674bf288ec4d673eb5e27c in_time: 680160.4162, out_time: 680190.6083, total wait time: 30.1922 seconds
[36m(RouterManager pid=1850)[0m [Router ReqQueue] Req chatcmpl-81b7fa68b00649a4bffa4777f49784cf in_time: 680160.4259, out_time: 680190.6083, total wait time: 30.1825 seconds
[36m(RouterManager pid=1850)[0m [Router ReqQueue] Req chatcmpl-0b47be9fdc364467a6d505b32880314b in_time: 680160.8476, out_time: 680190.6084, total wait time: 29.7607 seconds
[36m(RouterManager pid=1850)[0m [Router ReqQueue] Req chatcmpl-e1ab46fb52c54488a8a425a6abe9817a in_time: 680160.9222, out_time: 680190.6084, total wait time: 29.6862 seconds
[36m(RouterManager pid=1850)[0m [Router ReqQueue] Req chatcmpl-092f267c05ac495aa02cf3a6589a8b2e in_time: 680161.2379, out_time: 680190.6084, total wait time: 29.3705 seconds
[36m(RouterManager pid=1850)[0m [Router ReqQueue] Req chatcmpl-8010dd881d1b4a37acf4247d5c6acb03 in_time: 680162.1907, out_time: 680190.6084, total wait time: 28.4177 seconds
[36m(RouterManager pid=1850)[0m [Router ReqQueue] Req chatcmpl-8b4300e160d74558adaccac4e3c81c0f in_time: 680163.1264, out_time: 680190.6084, total wait time: 27.4820 seconds
[36m(RouterManager pid=1850)[0m [Router ReqQueue] Req chatcmpl-b038b405c7404237a85fa12b02fcf784 in_time: 680163.9917, out_time: 680190.6084, total wait time: 26.6167 seconds
[36m(RouterManager pid=1850)[0m [Router ReqQueue] Req chatcmpl-a05bccce012e46d98b242abb6224fc1d in_time: 680164.6045, out_time: 680190.6084, total wait time: 26.0039 seconds
[36m(RouterManager pid=1850)[0m [Router ReqQueue] Req chatcmpl-083449a9ec1e463e915d9d6f136fe266 in_time: 680164.6063, out_time: 680190.6084, total wait time: 26.0022 seconds
[36m(RouterManager pid=1850)[0m [Router ReqQueue] Req chatcmpl-28e768c53c6842f082d0d27de395b1b4 in_time: 680164.7330, out_time: 680190.6084, total wait time: 25.8755 seconds
[36m(RouterManager pid=1850)[0m [Router ReqQueue] Req chatcmpl-6bbcf6b96b214805ad5985feebd1b1a8 in_time: 680164.8955, out_time: 680190.6084, total wait time: 25.7129 seconds
[36m(RouterManager pid=1850)[0m [Router ReqQueue] Req chatcmpl-7952a7ce9dec4fdea7eff5eecbd1d527 in_time: 680165.0041, out_time: 680190.6085, total wait time: 25.6043 seconds
[36m(RouterManager pid=1850)[0m [Router ReqQueue] Req chatcmpl-4aee92e9b984451899498d0a9ca52c1e in_time: 680165.0939, out_time: 680190.6085, total wait time: 25.5145 seconds
[36m(RouterManager pid=1850)[0m [Router ReqQueue] Req chatcmpl-4bb959b8f5064bc592873ed98806a0c2 in_time: 680165.1430, out_time: 680190.6085, total wait time: 25.4655 seconds
[36m(RouterManager pid=1850)[0m [Router ReqQueue] Req chatcmpl-857bacf48be44043bae6767e149c7124 in_time: 680165.1927, out_time: 680190.6085, total wait time: 25.4157 seconds
[36m(RouterManager pid=1850)[0m [Router ReqQueue] Req chatcmpl-50947b758b124fc788e12437f8712d44 in_time: 680165.2898, out_time: 680190.6085, total wait time: 25.3187 seconds
[36m(RouterManager pid=1850)[0m [Router ReqQueue] Req chatcmpl-f1b8d2d187004e28948ff4c1ab18e3b1 in_time: 680165.4167, out_time: 680190.6085, total wait time: 25.1918 seconds
[36m(RouterManager pid=1850)[0m [Router ReqQueue] Req chatcmpl-8b56e96471334aa3a7b076f65a8d86e5 in_time: 680165.6350, out_time: 680190.6085, total wait time: 24.9735 seconds
[36m(RouterManager pid=1850)[0m [Router ReqQueue] Req chatcmpl-67a7056ab7fa4df69ccb8ea3c6345058 in_time: 680165.8243, out_time: 680190.6085, total wait time: 24.7843 seconds
[36m(RouterManager pid=1850)[0m [Router ReqQueue] Req chatcmpl-1bc4e26dec6c43efab528b576fae3705 in_time: 680165.9897, out_time: 680190.6085, total wait time: 24.6188 seconds
[36m(RouterManager pid=1850)[0m [Router ReqQueue] Req chatcmpl-f51a8dc31e0b4261b2f5eef77740c918 in_time: 680166.1408, out_time: 680190.6085, total wait time: 24.4677 seconds
[36m(RouterManager pid=1850)[0m [Router ReqQueue] Req chatcmpl-a682bf25bc564af190c1afc8060593de in_time: 680166.4021, out_time: 680190.6085, total wait time: 24.2064 seconds
[36m(RouterManager pid=1850)[0m [Router ReqQueue] Req chatcmpl-89da60ed7ef845a19a8cb07020ed1063 in_time: 680166.5281, out_time: 680190.6086, total wait time: 24.0805 seconds
[36m(RouterManager pid=1850)[0m [Router ReqQueue] Req chatcmpl-7b3cc0497fcc428186f176443953ab1e in_time: 680166.6688, out_time: 680190.6086, total wait time: 23.9398 seconds
[36m(RouterManager pid=1850)[0m [Router ReqQueue] Req chatcmpl-4fb447442aaa490b86856da47313dd0b in_time: 680166.7016, out_time: 680190.6086, total wait time: 23.9069 seconds
[36m(RouterManager pid=1850)[0m [Router ReqQueue] Req chatcmpl-d45d0662a9904e0aad527469eccaef67 in_time: 680167.0359, out_time: 680190.6086, total wait time: 23.5727 seconds
[36m(RouterManager pid=1850)[0m [Router ReqQueue] Req chatcmpl-f7625bfab388456d88e1c401b8d75d83 in_time: 680167.2792, out_time: 680190.6086, total wait time: 23.3294 seconds
[36m(RouterManager pid=1850)[0m [Router ReqQueue] Req chatcmpl-2178b4da06ef49f2b5f5976780dbc4a9 in_time: 680167.3420, out_time: 680190.6086, total wait time: 23.2666 seconds
[36m(RouterManager pid=1850)[0m [Router ReqQueue] Req chatcmpl-ca72eddfa2d340c2aa0772354bde5d9b in_time: 680167.3824, out_time: 680190.6086, total wait time: 23.2262 seconds
[36m(RouterManager pid=1850)[0m [Router ReqQueue] Req chatcmpl-40aa473b1e4e42aba5fac8a538d74337 in_time: 680167.3860, out_time: 680190.6086, total wait time: 23.2226 seconds
[36m(RouterManager pid=1850)[0m [Router ReqQueue] Req chatcmpl-32842de7f1534deb92f986d53466b43a in_time: 680167.4574, out_time: 680190.6086, total wait time: 23.1512 seconds
[36m(RouterManager pid=1850)[0m [Router ReqQueue] Req chatcmpl-1c841ce5f5a2461b88c634c12855aecd in_time: 680167.7993, out_time: 680190.6086, total wait time: 22.8093 seconds
[36m(RouterManager pid=1850)[0m [Router ReqQueue] Req chatcmpl-972013585c92442eaee9925deb4186c7 in_time: 680167.8723, out_time: 680190.6086, total wait time: 22.7363 seconds
[36m(RouterManager pid=1850)[0m [Router ReqQueue] Req chatcmpl-ec274187b780405889c02d99d8f7e69d in_time: 680168.4702, out_time: 680190.6087, total wait time: 22.1385 seconds
[36m(RouterManager pid=1850)[0m [Router ReqQueue] Req chatcmpl-a93035c7b2ce4c42aafc873dc3e11d28 in_time: 680168.5139, out_time: 680190.6087, total wait time: 22.0947 seconds
[36m(RouterManager pid=1850)[0m [Router ReqQueue] Req chatcmpl-dcf17cdd7f0f4b42bab7d4a211895e9c in_time: 680168.9003, out_time: 680190.6087, total wait time: 21.7083 seconds
[36m(RouterManager pid=1850)[0m [Router ReqQueue] Req chatcmpl-351c1d61de8f4df7b304321f81296a48 in_time: 680169.1498, out_time: 680190.6087, total wait time: 21.4589 seconds
[36m(RouterManager pid=1850)[0m [Router ReqQueue] Req chatcmpl-6a80411ea86d48a68704655d01b32ba9 in_time: 680169.3308, out_time: 680190.6087, total wait time: 21.2778 seconds
[36m(RouterManager pid=1850)[0m [Router ReqQueue] Req chatcmpl-75d2568fbeef415e8f93f54f95450571 in_time: 680169.4893, out_time: 680190.6087, total wait time: 21.1194 seconds
[36m(RouterManager pid=1850)[0m [Router ReqQueue] Req chatcmpl-91d6e666d5ab4a698e7e098825f9ab6c in_time: 680169.5561, out_time: 680190.6087, total wait time: 21.0526 seconds
[36m(RouterManager pid=1850)[0m [Router ReqQueue] Req chatcmpl-7bd60a04eea3490d87205beb8a3b7777 in_time: 680169.6057, out_time: 680190.6087, total wait time: 21.0031 seconds
[36m(RouterManager pid=1850)[0m [Router ReqQueue] Req chatcmpl-6cb85faff9514733992233557d47de9e in_time: 680169.6455, out_time: 680190.6087, total wait time: 20.9632 seconds
[36m(RouterManager pid=1850)[0m [Router ReqQueue] Req chatcmpl-de3e4f73605e44c4bdcae050d693665c in_time: 680169.6490, out_time: 680190.6087, total wait time: 20.9597 seconds
[36m(RouterManager pid=1850)[0m [Router ReqQueue] Req chatcmpl-6af80ece197344c0b47a9942e38d97ec in_time: 680169.7492, out_time: 680190.6087, total wait time: 20.8595 seconds
[36m(RouterManager pid=1850)[0m [Router ReqQueue] Req chatcmpl-4fc00d445e0a4cd2bb274a9dadaff2d9 in_time: 680169.7773, out_time: 680190.6088, total wait time: 20.8315 seconds
[36m(RouterManager pid=1850)[0m [Router ReqQueue] Req chatcmpl-f41b99904168401b889650b9066e96f8 in_time: 680169.8904, out_time: 680190.6088, total wait time: 20.7184 seconds
[36m(RouterManager pid=1850)[0m [Router ReqQueue] Req chatcmpl-68eb821a7d474d2fb98fa90fa8e9f916 in_time: 680170.0966, out_time: 680190.6088, total wait time: 20.5122 seconds
[36m(RouterManager pid=1850)[0m [Router ReqQueue] Req chatcmpl-e713458046c142a09d6524e303e3c793 in_time: 680170.1590, out_time: 680190.6088, total wait time: 20.4498 seconds
[36m(RouterManager pid=1850)[0m [Router ReqQueue] Req chatcmpl-ea1bac6fa67947048f3fe2232023648e in_time: 680170.2283, out_time: 680190.6088, total wait time: 20.3805 seconds
[36m(RouterManager pid=1850)[0m [Router ReqQueue] Req chatcmpl-e84a2959dd524dc2919843d187a1e024 in_time: 680170.4185, out_time: 680190.6088, total wait time: 20.1903 seconds
[36m(RouterManager pid=1850)[0m [Router ReqQueue] Req chatcmpl-89e090cd72024370b3dec9d5e327a7c7 in_time: 680170.6914, out_time: 680190.6088, total wait time: 19.9174 seconds
[36m(RouterManager pid=1850)[0m [Router ReqQueue] Req chatcmpl-bb10196fcd524e8b9076f4ddc2a96b2e in_time: 680171.6918, out_time: 680190.6088, total wait time: 18.9170 seconds
[36m(RouterManager pid=1850)[0m [Router ReqQueue] Req chatcmpl-eb170321d3a7439d9c87ac863b3f76f5 in_time: 680171.9182, out_time: 680190.6088, total wait time: 18.6906 seconds
[36m(RouterManager pid=1850)[0m [Router ReqQueue] Req chatcmpl-c0389092deca47d5ad53716751b265c9 in_time: 680171.9893, out_time: 680190.6088, total wait time: 18.6196 seconds
[36m(RouterManager pid=1850)[0m [Router ReqQueue] Req chatcmpl-bb75b5b68fa94328a76fe8cbbca7300d in_time: 680171.9924, out_time: 680190.6088, total wait time: 18.6165 seconds
[36m(RouterManager pid=1850)[0m [Router ReqQueue] Req chatcmpl-186289a07a5d4db6b2a463ee4be9505a in_time: 680172.0875, out_time: 680190.6089, total wait time: 18.5214 seconds
[36m(RouterManager pid=1850)[0m [Router ReqQueue] Req chatcmpl-506abfa4122c472f8d368ada94a97b9f in_time: 680172.2612, out_time: 680190.6089, total wait time: 18.3476 seconds
[36m(RouterManager pid=1850)[0m [Router ReqQueue] Req chatcmpl-fd28b6a730d14953b6267d13d0cbefa9 in_time: 680172.4603, out_time: 680190.6089, total wait time: 18.1486 seconds
[36m(RouterManager pid=1850)[0m [Router ReqQueue] Req chatcmpl-cdfad534c5834ee49d7f4753753f5d39 in_time: 680172.6945, out_time: 680190.6089, total wait time: 17.9143 seconds
[36m(RouterManager pid=1850)[0m [Router ReqQueue] Req chatcmpl-4cee3b0cc8c3429284ffadbf04d98396 in_time: 680172.9358, out_time: 680190.6089, total wait time: 17.6731 seconds
[36m(RouterManager pid=1850)[0m [Router ReqQueue] Req chatcmpl-4ca6ee98583e4ef0ac7cb565b1f6efe1 in_time: 680173.4303, out_time: 680190.6089, total wait time: 17.1786 seconds
[36m(RouterManager pid=1850)[0m [Router ReqQueue] Req chatcmpl-bd2de31bb773445d8ec63f1c6d6cf568 in_time: 680173.4668, out_time: 680190.6089, total wait time: 17.1421 seconds
[36m(RouterManager pid=1850)[0m [Router ReqQueue] Req chatcmpl-bcd76847e038470a8c837d2ed80ad9ca in_time: 680173.5399, out_time: 680190.6089, total wait time: 17.0690 seconds
[36m(RouterManager pid=1850)[0m [Router ReqQueue] Req chatcmpl-4d2db353ff524417b4c5a080e66a1b3e in_time: 680173.5566, out_time: 680190.6089, total wait time: 17.0524 seconds
[36m(RouterManager pid=1850)[0m [Router ReqQueue] Req chatcmpl-420cd11c66d7438a87a893586886497d in_time: 680173.7024, out_time: 680190.6089, total wait time: 16.9066 seconds
[36m(RouterManager pid=1850)[0m [Router ReqQueue] Req chatcmpl-63c9a23ec5614ca0857abcaa0b099e89 in_time: 680173.8968, out_time: 680190.6089, total wait time: 16.7121 seconds
[36m(RouterManager pid=1850)[0m [Router ReqQueue] Req chatcmpl-c1857c17c53848ef8115035d8aab261c in_time: 680173.8980, out_time: 680190.6090, total wait time: 16.7110 seconds
[36m(RouterManager pid=1850)[0m [Router ReqQueue] Req chatcmpl-205607e4461e4aa79cd39dd525425a30 in_time: 680174.0855, out_time: 680190.6090, total wait time: 16.5235 seconds
[36m(RouterManager pid=1850)[0m [Router ReqQueue] Req chatcmpl-6bc7642537f045e7992635dc143bd804 in_time: 680174.1628, out_time: 680190.6090, total wait time: 16.4462 seconds
[36m(RouterManager pid=1850)[0m [Router ReqQueue] Req chatcmpl-c206c71da4934a75a48a069ff0ebceb6 in_time: 680174.3452, out_time: 680190.6090, total wait time: 16.2637 seconds
[36m(RouterManager pid=1850)[0m [Router ReqQueue] Req chatcmpl-ce297f68289e4c32a15f47808fab0dee in_time: 680174.8094, out_time: 680190.6090, total wait time: 15.7996 seconds
[36m(RouterManager pid=1850)[0m [Router ReqQueue] Req chatcmpl-c37ee70996e147df902c365deab43a0e in_time: 680175.0369, out_time: 680190.6090, total wait time: 15.5721 seconds
[36m(RouterManager pid=1850)[0m [Router ReqQueue] Req chatcmpl-76613c6bbf654ebab16e58abc86ee778 in_time: 680175.3340, out_time: 680190.6090, total wait time: 15.2750 seconds
[36m(RouterManager pid=1850)[0m [Router ReqQueue] Req chatcmpl-85490a784c72488bb1cdd221b7d11d60 in_time: 680175.5093, out_time: 680190.6090, total wait time: 15.0997 seconds
[36m(RouterManager pid=1850)[0m [Router ReqQueue] Req chatcmpl-cd6d22b33f5940b783dbf04c9a5e0d9f in_time: 680175.5642, out_time: 680190.6090, total wait time: 15.0448 seconds
[36m(RouterManager pid=1850)[0m [Router ReqQueue] Req chatcmpl-3b87b79751cd49c497f95c14ede08b4e in_time: 680175.7261, out_time: 680190.6090, total wait time: 14.8829 seconds
[36m(RouterManager pid=1850)[0m [Router ReqQueue] Req chatcmpl-46d8e859cca84778a2885f3cebd5c495 in_time: 680175.8180, out_time: 680190.6090, total wait time: 14.7910 seconds
[36m(RouterManager pid=1850)[0m [Router ReqQueue] Req chatcmpl-537ca8f1acd54e68b4f55b557158b5b5 in_time: 680176.0069, out_time: 680190.6091, total wait time: 14.6022 seconds
[36m(RouterManager pid=1850)[0m [Router ReqQueue] Req chatcmpl-b81a5de646df4dc4a60cefc6ff404de6 in_time: 680176.4080, out_time: 680190.6091, total wait time: 14.2011 seconds
[36m(RouterManager pid=1850)[0m [Router ReqQueue] Req chatcmpl-7dd17770087e4a9998086baecff56427 in_time: 680176.5008, out_time: 680190.6091, total wait time: 14.1083 seconds
[36m(RouterManager pid=1850)[0m [Router ReqQueue] Req chatcmpl-f303549f923042c88cec5e04248fd96a in_time: 680176.6348, out_time: 680190.6091, total wait time: 13.9743 seconds
[36m(RouterManager pid=1850)[0m [Router ReqQueue] Req chatcmpl-1a78c238ba3e420db4a068c9759d74a3 in_time: 680176.6438, out_time: 680190.6091, total wait time: 13.9653 seconds
[36m(RouterManager pid=1850)[0m [Router ReqQueue] Req chatcmpl-3101724b6213404fb9ebdda6c3ebede8 in_time: 680176.8420, out_time: 680190.6091, total wait time: 13.7671 seconds
[36m(RouterManager pid=1850)[0m [Router ReqQueue] Req chatcmpl-ee3043e3865a4b71af6951b7dacbd091 in_time: 680177.0809, out_time: 680190.6091, total wait time: 13.5282 seconds
[36m(RouterManager pid=1850)[0m [Router ReqQueue] Req chatcmpl-7ee7b8c256024e54b4f5fbea5e9d7926 in_time: 680177.2063, out_time: 680190.6091, total wait time: 13.4028 seconds
[36m(RouterManager pid=1850)[0m [Router ReqQueue] Req chatcmpl-fe334417f48b4daca2f6ac67aa092997 in_time: 680177.7290, out_time: 680190.6091, total wait time: 12.8801 seconds
[36m(RouterManager pid=1850)[0m [Router ReqQueue] Req chatcmpl-880b2f2bdc284a4a8c28e7d6814e75ed in_time: 680177.9064, out_time: 680190.6091, total wait time: 12.7027 seconds
[36m(RouterManager pid=1850)[0m [Router ReqQueue] Req chatcmpl-415ad558f33243ec9b0bed867aee05f6 in_time: 680177.9777, out_time: 680190.6091, total wait time: 12.6314 seconds
[36m(RouterManager pid=1850)[0m [Router ReqQueue] Req chatcmpl-776a07cfd90c41039e581f1a76dba62a in_time: 680178.1346, out_time: 680190.6092, total wait time: 12.4746 seconds
[36m(RouterManager pid=1850)[0m [Router ReqQueue] Req chatcmpl-44254f95997746eaa27068622218d7e2 in_time: 680178.1892, out_time: 680190.6092, total wait time: 12.4199 seconds
[36m(RouterManager pid=1850)[0m [Router ReqQueue] Req chatcmpl-370a53ffd4fc426b9edf3ff25ff096a0 in_time: 680178.2728, out_time: 680190.6092, total wait time: 12.3363 seconds
[36m(RouterManager pid=1850)[0m [Router ReqQueue] Req chatcmpl-19e9e55ce2264352b4fdf90e2359bf55 in_time: 680178.3902, out_time: 680190.6092, total wait time: 12.2189 seconds
[36m(RouterManager pid=1850)[0m [Router ReqQueue] Req chatcmpl-d3e59e09f4674debaf96d170a0d3cd7b in_time: 680178.4505, out_time: 680190.6092, total wait time: 12.1587 seconds
[36m(RouterManager pid=1850)[0m [Router ReqQueue] Req chatcmpl-fef72da8fffb4f8db58dd4e88c3d34d6 in_time: 680178.5216, out_time: 680190.6092, total wait time: 12.0876 seconds
[36m(RouterManager pid=1850)[0m [Router ReqQueue] Req chatcmpl-70e539ae0c764389ae965539745a6d55 in_time: 680178.6749, out_time: 680190.6092, total wait time: 11.9343 seconds
[36m(RouterManager pid=1850)[0m [Router ReqQueue] Req chatcmpl-3484688110c442b8b595a7cdb5f1b18f in_time: 680179.1966, out_time: 680190.6092, total wait time: 11.4126 seconds
[36m(RouterManager pid=1850)[0m [Router ReqQueue] Req chatcmpl-ba44dd9aff6f482290f10693e5d60606 in_time: 680179.2808, out_time: 680190.6092, total wait time: 11.3285 seconds
[36m(RouterManager pid=1850)[0m [Router ReqQueue] Req chatcmpl-0918b82f700c4721a53feb1605e4382c in_time: 680179.4908, out_time: 680190.6092, total wait time: 11.1184 seconds
[36m(RouterManager pid=1850)[0m [Router ReqQueue] Req chatcmpl-c395672af33e4d0f8cb7dc4af0f9e74b in_time: 680179.6862, out_time: 680190.6092, total wait time: 10.9230 seconds
[36m(RouterManager pid=1850)[0m [Router ReqQueue] Req chatcmpl-c9a3b1864837478cb2aca26fd53b56b2 in_time: 680179.8528, out_time: 680190.6093, total wait time: 10.7564 seconds
[36m(RouterManager pid=1850)[0m [Router ReqQueue] Req chatcmpl-bd981af125d749a9a4ef3950df346f4a in_time: 680180.1238, out_time: 680190.6093, total wait time: 10.4855 seconds
[36m(RouterManager pid=1850)[0m [Router ReqQueue] Req chatcmpl-08c9749f267f4dc78d16084235eeff3a in_time: 680180.1386, out_time: 680190.6093, total wait time: 10.4707 seconds
[36m(RouterManager pid=1850)[0m [Router ReqQueue] Req chatcmpl-e10aa1de7c724ccca47b84bf6e052da4 in_time: 680180.2760, out_time: 680190.6093, total wait time: 10.3332 seconds
[36m(RouterManager pid=1850)[0m [Loongserve manager] scheduling time: 27.79 ms
[36m(RouterManager pid=1850)[0m [Loongserve manager] prefill and decoding batch scheduling results:
[36m(RouterManager pid=1850)[0m     running decode batch id: 059536473b514df2aa275ead3270e4e1, req num: 103, occupied instances: [2, 0], batch_used_tokens_sum: 396524
[36m(RouterManager pid=1850)[0m     prefill batch id: f4679b7256f64b229daaba8f840254cd, req num: 123, occupied instances: [1, 3], batch_used_tokens_sum: 0
[36m(RouterManager pid=1850)[0m [Loongserve manager] running batch id: f4679b7256f64b229daaba8f840254cd, req num: 123, occupied instances: [1, 3], batch_used_tokens_sum: 423100
[36m(RouterManager pid=1850)[0m === RouterManager iteration 616 ===
[36m(RouterManager pid=1850)[0m self.req_queue.waiting_req_list length: 230
[36m(RouterManager pid=1850)[0m === RouterManager iteration 618 ===
[36m(RouterManager pid=1850)[0m self.req_queue.waiting_req_list length: 231
[36m(RouterManager pid=1850)[0m === RouterManager iteration 620 ===
[36m(RouterManager pid=1850)[0m self.req_queue.waiting_req_list length: 231
[36m(RouterManager pid=1850)[0m === RouterManager iteration 622 ===
[36m(RouterManager pid=1850)[0m self.req_queue.waiting_req_list length: 231
[36m(RouterManager pid=1850)[0m === RouterManager iteration 624 ===
[36m(RouterManager pid=1850)[0m self.req_queue.waiting_req_list length: 231
[36m(RouterManager pid=1850)[0m === RouterManager iteration 626 ===
[36m(RouterManager pid=1850)[0m self.req_queue.waiting_req_list length: 231
[36m(RouterManager pid=1850)[0m === RouterManager iteration 628 ===
[36m(RouterManager pid=1850)[0m self.req_queue.waiting_req_list length: 231
[36m(RouterManager pid=1850)[0m === RouterManager iteration 630 ===
[36m(RouterManager pid=1850)[0m self.req_queue.waiting_req_list length: 232
[36m(RouterManager pid=1850)[0m === RouterManager iteration 632 ===
[36m(RouterManager pid=1850)[0m self.req_queue.waiting_req_list length: 232
[36m(RouterManager pid=1850)[0m === RouterManager iteration 634 ===
[36m(RouterManager pid=1850)[0m self.req_queue.waiting_req_list length: 232
[36m(RouterManager pid=1850)[0m === RouterManager iteration 636 ===
[36m(RouterManager pid=1850)[0m self.req_queue.waiting_req_list length: 232
[36m(RouterManager pid=1850)[0m [Router ReqQueue] Req chatcmpl-52f93323246e4284b508974d965894c6 in_time: 680193.5652, out_time: 680239.5066, total wait time: 45.9414 seconds
[36m(RouterManager pid=1850)[0m [Router ReqQueue] Req chatcmpl-a48f87bea9294e80a7e3ee448100f097 in_time: 680193.5724, out_time: 680239.5067, total wait time: 45.9342 seconds
[36m(RouterManager pid=1850)[0m [Router ReqQueue] Req chatcmpl-a57fe9bac82548539b1e9f807125d233 in_time: 680193.6277, out_time: 680239.5067, total wait time: 45.8790 seconds
[36m(RouterManager pid=1850)[0m [Router ReqQueue] Req chatcmpl-163b06d1954d4d3fb7af2dc1304eb701 in_time: 680193.6325, out_time: 680239.5067, total wait time: 45.8742 seconds
[36m(RouterManager pid=1850)[0m [Router ReqQueue] Req chatcmpl-27d855ea506546e2a0b7cef11f7f2d7e in_time: 680193.9785, out_time: 680239.5067, total wait time: 45.5282 seconds
[36m(RouterManager pid=1850)[0m [Router ReqQueue] Req chatcmpl-108cd91f6b62420087fefb5315b0db77 in_time: 680194.1252, out_time: 680239.5067, total wait time: 45.3815 seconds
[36m(RouterManager pid=1850)[0m [Router ReqQueue] Req chatcmpl-2936c20ed1b04ea6bb1785f432103df4 in_time: 680194.2126, out_time: 680239.5067, total wait time: 45.2941 seconds
[36m(RouterManager pid=1850)[0m [Router ReqQueue] Req chatcmpl-8cc1186fceb9413e859d2c7573fd327c in_time: 680194.2373, out_time: 680239.5067, total wait time: 45.2695 seconds
[36m(RouterManager pid=1850)[0m [Router ReqQueue] Req chatcmpl-6895cc52e662418ab69891d9febcf105 in_time: 680194.2688, out_time: 680239.5067, total wait time: 45.2379 seconds
[36m(RouterManager pid=1850)[0m [Router ReqQueue] Req chatcmpl-fd3b67aa3bc0420ba3ef010db193199e in_time: 680194.4766, out_time: 680239.5067, total wait time: 45.0302 seconds
[36m(RouterManager pid=1850)[0m [Router ReqQueue] Req chatcmpl-e2cc285261b44224a98af4a9f71f9c25 in_time: 680194.4952, out_time: 680239.5068, total wait time: 45.0116 seconds
[36m(RouterManager pid=1850)[0m [Router ReqQueue] Req chatcmpl-1c0706c7ce014595a1e8d89bc67f3a8e in_time: 680195.1275, out_time: 680239.5068, total wait time: 44.3793 seconds
[36m(RouterManager pid=1850)[0m [Router ReqQueue] Req chatcmpl-d2b18eb97c424d52ab199cba559d3c1c in_time: 680195.1290, out_time: 680239.5068, total wait time: 44.3778 seconds
[36m(RouterManager pid=1850)[0m [Router ReqQueue] Req chatcmpl-7b6536f7093c44e8968f6ac3b732f4fa in_time: 680195.5605, out_time: 680239.5068, total wait time: 43.9463 seconds
[36m(RouterManager pid=1850)[0m [Router ReqQueue] Req chatcmpl-e82c6f6873fb4d67a3cae6d7280b6ccc in_time: 680195.7245, out_time: 680239.5068, total wait time: 43.7823 seconds
[36m(RouterManager pid=1850)[0m [Router ReqQueue] Req chatcmpl-3556d7d38b324d8086293a07a50d0543 in_time: 680196.0416, out_time: 680239.5068, total wait time: 43.4652 seconds
[36m(RouterManager pid=1850)[0m [Router ReqQueue] Req chatcmpl-03417c777e644444a131f94e876cdd53 in_time: 680196.2748, out_time: 680239.5068, total wait time: 43.2321 seconds
[36m(RouterManager pid=1850)[0m [Router ReqQueue] Req chatcmpl-b62ceea5829046d3a4b78bcd5c68b1b4 in_time: 680196.4862, out_time: 680239.5068, total wait time: 43.0206 seconds
[36m(RouterManager pid=1850)[0m [Router ReqQueue] Req chatcmpl-451e5cb8764e47d59324897c495c6af7 in_time: 680197.1239, out_time: 680239.5069, total wait time: 42.3829 seconds
[36m(RouterManager pid=1850)[0m [Router ReqQueue] Req chatcmpl-5b2d9a6cdfde4f16bd07c81599b833e6 in_time: 680197.1341, out_time: 680239.5069, total wait time: 42.3728 seconds
[36m(RouterManager pid=1850)[0m [Router ReqQueue] Req chatcmpl-87b92600764640b5a27e1aa38c947f6a in_time: 680197.4811, out_time: 680239.5069, total wait time: 42.0258 seconds
[36m(RouterManager pid=1850)[0m [Router ReqQueue] Req chatcmpl-51c58ced3f2e4b289e2954b39344498d in_time: 680197.7021, out_time: 680239.5069, total wait time: 41.8048 seconds
[36m(RouterManager pid=1850)[0m [Router ReqQueue] Req chatcmpl-c59a313466c3480b9a3c8511bb6d8310 in_time: 680198.1092, out_time: 680239.5069, total wait time: 41.3977 seconds
[36m(RouterManager pid=1850)[0m [Router ReqQueue] Req chatcmpl-398200589c8c4b26a63a26e711a7fb8c in_time: 680198.3351, out_time: 680239.5069, total wait time: 41.1718 seconds
[36m(RouterManager pid=1850)[0m [Router ReqQueue] Req chatcmpl-e27afc9a28c14b16914998f61dd7e478 in_time: 680198.3967, out_time: 680239.5069, total wait time: 41.1102 seconds
[36m(RouterManager pid=1850)[0m [Router ReqQueue] Req chatcmpl-12370eacd79e4ee6951cd2ef0e1d99a1 in_time: 680198.4201, out_time: 680239.5069, total wait time: 41.0868 seconds
[36m(RouterManager pid=1850)[0m [Router ReqQueue] Req chatcmpl-a4bc9438b8d84792875df4a518907424 in_time: 680198.8354, out_time: 680239.5069, total wait time: 40.6715 seconds
[36m(RouterManager pid=1850)[0m [Router ReqQueue] Req chatcmpl-31e003bcfe2640b186d18c4b6731fe95 in_time: 680199.0392, out_time: 680239.5069, total wait time: 40.4677 seconds
[36m(RouterManager pid=1850)[0m [Router ReqQueue] Req chatcmpl-ee84ed1ccdec416cb3cbbb1b33c27e2d in_time: 680199.2163, out_time: 680239.5069, total wait time: 40.2907 seconds
[36m(RouterManager pid=1850)[0m [Router ReqQueue] Req chatcmpl-67a0ad566d6844cdb869ff5e65f38b1c in_time: 680199.4466, out_time: 680239.5070, total wait time: 40.0604 seconds
[36m(RouterManager pid=1850)[0m [Router ReqQueue] Req chatcmpl-a7c3e34083e145e091eeb057ea9f2913 in_time: 680199.8158, out_time: 680239.5070, total wait time: 39.6912 seconds
[36m(RouterManager pid=1850)[0m [Router ReqQueue] Req chatcmpl-7c5cf7cb6b8141248614ee6f0cee75f0 in_time: 680199.8975, out_time: 680239.5070, total wait time: 39.6095 seconds
[36m(RouterManager pid=1850)[0m [Router ReqQueue] Req chatcmpl-39be868df33c4db89e56622b93e46d40 in_time: 680199.9272, out_time: 680239.5070, total wait time: 39.5798 seconds
[36m(RouterManager pid=1850)[0m [Router ReqQueue] Req chatcmpl-4b9ad491aa8a4c38bf354494fa964b3c in_time: 680200.1801, out_time: 680239.5070, total wait time: 39.3269 seconds
[36m(RouterManager pid=1850)[0m [Router ReqQueue] Req chatcmpl-2001f99700cf44d2a1477b38204e2148 in_time: 680200.2593, out_time: 680239.5070, total wait time: 39.2477 seconds
[36m(RouterManager pid=1850)[0m [Router ReqQueue] Req chatcmpl-2748cfb077eb44e88c8625ec6f8cedfc in_time: 680200.6476, out_time: 680239.5070, total wait time: 38.8594 seconds
[36m(RouterManager pid=1850)[0m [Router ReqQueue] Req chatcmpl-e4dc7e967d55437fbba9a9eceafae66d in_time: 680201.1041, out_time: 680239.5070, total wait time: 38.4029 seconds
[36m(RouterManager pid=1850)[0m [Router ReqQueue] Req chatcmpl-3af8d7bdf30a4b8c9a11ef0b538b39e8 in_time: 680201.5389, out_time: 680239.5070, total wait time: 37.9681 seconds
[36m(RouterManager pid=1850)[0m [Router ReqQueue] Req chatcmpl-be64bbb49f324959beaa4892d99c8290 in_time: 680202.0042, out_time: 680239.5070, total wait time: 37.5028 seconds
[36m(RouterManager pid=1850)[0m [Router ReqQueue] Req chatcmpl-316992bca08b4802bf6071f894e55774 in_time: 680202.0107, out_time: 680239.5071, total wait time: 37.4963 seconds
[36m(RouterManager pid=1850)[0m [Router ReqQueue] Req chatcmpl-37c71501530046ada6abf45093ece764 in_time: 680202.0748, out_time: 680239.5071, total wait time: 37.4323 seconds
[36m(RouterManager pid=1850)[0m [Router ReqQueue] Req chatcmpl-99fe0c26ad11462ca6d21c3306c57c8b in_time: 680202.1045, out_time: 680239.5071, total wait time: 37.4026 seconds
[36m(RouterManager pid=1850)[0m [Router ReqQueue] Req chatcmpl-15028dddca794500b29c607934ea07b3 in_time: 680202.5522, out_time: 680239.5071, total wait time: 36.9549 seconds
[36m(RouterManager pid=1850)[0m [Router ReqQueue] Req chatcmpl-5f6cba9f5f4e49498e43849f5431ba9a in_time: 680202.6937, out_time: 680239.5071, total wait time: 36.8134 seconds
[36m(RouterManager pid=1850)[0m [Router ReqQueue] Req chatcmpl-d1b69b011bad47aaa20a842f56e1195b in_time: 680202.7160, out_time: 680239.5071, total wait time: 36.7911 seconds
[36m(RouterManager pid=1850)[0m [Router ReqQueue] Req chatcmpl-dfd712b0b7724f688e50721ad03d5780 in_time: 680202.7430, out_time: 680239.5071, total wait time: 36.7641 seconds
[36m(RouterManager pid=1850)[0m [Router ReqQueue] Req chatcmpl-4b7280a46b1341e1b41705ef1d2b8938 in_time: 680202.7781, out_time: 680239.5071, total wait time: 36.7291 seconds
[36m(RouterManager pid=1850)[0m [Router ReqQueue] Req chatcmpl-e96389de6a374197be41c45da728ac52 in_time: 680202.9259, out_time: 680239.5071, total wait time: 36.5813 seconds
[36m(RouterManager pid=1850)[0m [Router ReqQueue] Req chatcmpl-9861e55f10ca4b828ba69c5b1524ff2d in_time: 680203.1446, out_time: 680239.5071, total wait time: 36.3625 seconds
[36m(RouterManager pid=1850)[0m [Router ReqQueue] Req chatcmpl-d2060360529c4f7e9c7bfe31987d29f1 in_time: 680203.2445, out_time: 680239.5072, total wait time: 36.2626 seconds
[36m(RouterManager pid=1850)[0m [Router ReqQueue] Req chatcmpl-5aea394e1bac427989c547ac37e88421 in_time: 680203.4177, out_time: 680239.5072, total wait time: 36.0894 seconds
[36m(RouterManager pid=1850)[0m [Router ReqQueue] Req chatcmpl-453a43729c0042a4aa4b41a021412e7f in_time: 680203.4526, out_time: 680239.5072, total wait time: 36.0546 seconds
[36m(RouterManager pid=1850)[0m [Router ReqQueue] Req chatcmpl-dbda9f67cac343e5a7875e5e7511cfcb in_time: 680203.8584, out_time: 680239.5072, total wait time: 35.6488 seconds
[36m(RouterManager pid=1850)[0m [Router ReqQueue] Req chatcmpl-7e5406d3121e459e9d68affd5c5e4f97 in_time: 680203.9021, out_time: 680239.5072, total wait time: 35.6051 seconds
[36m(RouterManager pid=1850)[0m [Router ReqQueue] Req chatcmpl-af161f40d9344dd7955810a96fbbd09d in_time: 680204.1166, out_time: 680239.5072, total wait time: 35.3906 seconds
[36m(RouterManager pid=1850)[0m [Router ReqQueue] Req chatcmpl-cc0c4fde53024c1ab749debff0453e52 in_time: 680204.4331, out_time: 680239.5072, total wait time: 35.0741 seconds
[36m(RouterManager pid=1850)[0m [Router ReqQueue] Req chatcmpl-44b76832371a4ff9bcc75084568ea34c in_time: 680204.4653, out_time: 680239.5072, total wait time: 35.0419 seconds
[36m(RouterManager pid=1850)[0m [Router ReqQueue] Req chatcmpl-16a42d399ba34df88fa92590171465d6 in_time: 680204.5730, out_time: 680239.5072, total wait time: 34.9343 seconds
[36m(RouterManager pid=1850)[0m [Router ReqQueue] Req chatcmpl-650d9451558b4644a6d0a21ca3585d5d in_time: 680205.1403, out_time: 680239.5072, total wait time: 34.3670 seconds
[36m(RouterManager pid=1850)[0m [Router ReqQueue] Req chatcmpl-ad08631e03bc492a82c3a2c190d1661d in_time: 680205.6418, out_time: 680239.5073, total wait time: 33.8655 seconds
[36m(RouterManager pid=1850)[0m [Router ReqQueue] Req chatcmpl-d55bc8eb4f6845028c34de7f4a04fcd5 in_time: 680205.6649, out_time: 680239.5073, total wait time: 33.8424 seconds
[36m(RouterManager pid=1850)[0m [Router ReqQueue] Req chatcmpl-ff06676e549b4a97bef8f368ed614471 in_time: 680205.9522, out_time: 680239.5073, total wait time: 33.5551 seconds
[36m(RouterManager pid=1850)[0m [Router ReqQueue] Req chatcmpl-8cd2279f77d6494b9df15c6c1dbb8d11 in_time: 680206.0053, out_time: 680239.5073, total wait time: 33.5019 seconds
[36m(RouterManager pid=1850)[0m [Router ReqQueue] Req chatcmpl-15ae6d5ed0f24b5ca5b48e0692710aef in_time: 680206.2208, out_time: 680239.5073, total wait time: 33.2865 seconds
[36m(RouterManager pid=1850)[0m [Router ReqQueue] Req chatcmpl-3ec2b6b44e994525ad6da63ebf8cb652 in_time: 680206.2926, out_time: 680239.5073, total wait time: 33.2147 seconds
[36m(RouterManager pid=1850)[0m [Router ReqQueue] Req chatcmpl-baaf03d3a6fc427d942d21e05027a1d9 in_time: 680206.3227, out_time: 680239.5073, total wait time: 33.1846 seconds
[36m(RouterManager pid=1850)[0m [Router ReqQueue] Req chatcmpl-f0c772d5950a4659950501802ffa3536 in_time: 680206.5063, out_time: 680239.5073, total wait time: 33.0011 seconds
[36m(RouterManager pid=1850)[0m [Router ReqQueue] Req chatcmpl-1f41dbfd5f584b4c837f4d6b87e5b9b7 in_time: 680206.9919, out_time: 680239.5073, total wait time: 32.5154 seconds
[36m(RouterManager pid=1850)[0m [Router ReqQueue] Req chatcmpl-4dcc04b9c70d4d61af15b8a671a37f31 in_time: 680207.0646, out_time: 680239.5073, total wait time: 32.4428 seconds
[36m(RouterManager pid=1850)[0m [Router ReqQueue] Req chatcmpl-99226b5318164510b06da82d8404a531 in_time: 680207.3654, out_time: 680239.5074, total wait time: 32.1420 seconds
[36m(RouterManager pid=1850)[0m [Router ReqQueue] Req chatcmpl-f5351c2f6580461b98b45f0818ecd5f2 in_time: 680207.3845, out_time: 680239.5074, total wait time: 32.1229 seconds
[36m(RouterManager pid=1850)[0m [Router ReqQueue] Req chatcmpl-2ba23d83dcba4e20816f4e7856858ff9 in_time: 680207.6218, out_time: 680239.5074, total wait time: 31.8856 seconds
[36m(RouterManager pid=1850)[0m [Router ReqQueue] Req chatcmpl-f49710836b534810bb01350fcb740741 in_time: 680207.7493, out_time: 680239.5074, total wait time: 31.7581 seconds
[36m(RouterManager pid=1850)[0m [Router ReqQueue] Req chatcmpl-66ee95369e1049338b2c12610664300f in_time: 680208.3424, out_time: 680239.5074, total wait time: 31.1650 seconds
[36m(RouterManager pid=1850)[0m [Router ReqQueue] Req chatcmpl-b05c7699fd0247dab11957d35adc4761 in_time: 680208.5399, out_time: 680239.5074, total wait time: 30.9675 seconds
[36m(RouterManager pid=1850)[0m [Router ReqQueue] Req chatcmpl-a747bd0bbb8f4815b1f68eff9e831f00 in_time: 680208.7710, out_time: 680239.5074, total wait time: 30.7364 seconds
[36m(RouterManager pid=1850)[0m [Router ReqQueue] Req chatcmpl-ce1e1fe001e740b3ba8512d7bb46d06e in_time: 680209.1652, out_time: 680239.5074, total wait time: 30.3422 seconds
[36m(RouterManager pid=1850)[0m [Router ReqQueue] Req chatcmpl-c89f98d23f904c38959e884baff1b95c in_time: 680209.5363, out_time: 680239.5074, total wait time: 29.9711 seconds
[36m(RouterManager pid=1850)[0m [Router ReqQueue] Req chatcmpl-5d10ab85051a40618fe3c0bb8d296670 in_time: 680209.5576, out_time: 680239.5074, total wait time: 29.9498 seconds
[36m(RouterManager pid=1850)[0m [Router ReqQueue] Req chatcmpl-34ee3ba17a2c4225aff2b09be8f80872 in_time: 680209.6742, out_time: 680239.5074, total wait time: 29.8333 seconds
[36m(RouterManager pid=1850)[0m [Router ReqQueue] Req chatcmpl-6fa8050ca5f04fadb9ea0bb472f48a04 in_time: 680209.8156, out_time: 680239.5075, total wait time: 29.6919 seconds
[36m(RouterManager pid=1850)[0m [Router ReqQueue] Req chatcmpl-d44f063ec02242f7bec186787eb1758f in_time: 680209.8633, out_time: 680239.5075, total wait time: 29.6442 seconds
[36m(RouterManager pid=1850)[0m [Router ReqQueue] Req chatcmpl-3bd711fb25bf43c6a0ffa31fdaffe953 in_time: 680210.1558, out_time: 680239.5075, total wait time: 29.3517 seconds
[36m(RouterManager pid=1850)[0m [Router ReqQueue] Req chatcmpl-921c6816861942a9afd8790bfebaf437 in_time: 680210.3571, out_time: 680239.5075, total wait time: 29.1503 seconds
[36m(RouterManager pid=1850)[0m [Router ReqQueue] Req chatcmpl-06540cdb9e3943b99c3f4c21094d316b in_time: 680210.5930, out_time: 680239.5075, total wait time: 28.9145 seconds
[36m(RouterManager pid=1850)[0m [Router ReqQueue] Req chatcmpl-dc4d1ce287df4b0c968e7aedda865f4c in_time: 680210.7334, out_time: 680239.5075, total wait time: 28.7741 seconds
[36m(RouterManager pid=1850)[0m [Router ReqQueue] Req chatcmpl-2e3110ecdbdc48d48ac86eea980e2cb9 in_time: 680210.8495, out_time: 680239.5075, total wait time: 28.6580 seconds
[36m(RouterManager pid=1850)[0m [Router ReqQueue] Req chatcmpl-acea5b12f21d4c9a81d73de16229d1e5 in_time: 680211.1785, out_time: 680239.5075, total wait time: 28.3290 seconds
[36m(RouterManager pid=1850)[0m [Router ReqQueue] Req chatcmpl-b80752c0c0ba4d5e966f0486a443c9b9 in_time: 680211.2151, out_time: 680239.5075, total wait time: 28.2924 seconds
[36m(RouterManager pid=1850)[0m [Router ReqQueue] Req chatcmpl-a4926bbdf8134e52bcdfaf50dd12b0b0 in_time: 680211.2909, out_time: 680239.5075, total wait time: 28.2166 seconds
[36m(RouterManager pid=1850)[0m [Router ReqQueue] Req chatcmpl-cf784257fe5b4f66b1d3aa0a84d8ccf8 in_time: 680211.3690, out_time: 680239.5075, total wait time: 28.1385 seconds
[36m(RouterManager pid=1850)[0m [Router ReqQueue] Req chatcmpl-3269f57256af4d908d13a81b14c252d5 in_time: 680211.3916, out_time: 680239.5076, total wait time: 28.1160 seconds
[36m(RouterManager pid=1850)[0m [Router ReqQueue] Req chatcmpl-7201f08c9aa847579aa6ee5271dcc125 in_time: 680211.6039, out_time: 680239.5076, total wait time: 27.9036 seconds
[36m(RouterManager pid=1850)[0m [Router ReqQueue] Req chatcmpl-3466f749eb6f4557ad195e8cec4b565d in_time: 680211.6419, out_time: 680239.5076, total wait time: 27.8657 seconds
[36m(RouterManager pid=1850)[0m [Router ReqQueue] Req chatcmpl-8ca066ebf94645d68db97da41dbcea5d in_time: 680211.7864, out_time: 680239.5076, total wait time: 27.7212 seconds
[36m(RouterManager pid=1850)[0m [Router ReqQueue] Req chatcmpl-852d6ed575444f25bb29504227c443e2 in_time: 680212.0496, out_time: 680239.5076, total wait time: 27.4580 seconds
[36m(RouterManager pid=1850)[0m [Router ReqQueue] Req chatcmpl-baca2f827d4049fabc1ef07f4e52a18e in_time: 680212.4179, out_time: 680239.5076, total wait time: 27.0897 seconds
[36m(RouterManager pid=1850)[0m [Router ReqQueue] Req chatcmpl-bb4dc805bf2a46db8f4d3ac602c606f9 in_time: 680212.4511, out_time: 680239.5076, total wait time: 27.0565 seconds
[36m(RouterManager pid=1850)[0m [Router ReqQueue] Req chatcmpl-12e239d7b1794d23ae94223094794f35 in_time: 680212.9512, out_time: 680239.5076, total wait time: 26.5564 seconds
[36m(RouterManager pid=1850)[0m [Router ReqQueue] Req chatcmpl-64ae684f9dbb4491b093b258ce8938cb in_time: 680213.1098, out_time: 680239.5076, total wait time: 26.3979 seconds
[36m(RouterManager pid=1850)[0m [Router ReqQueue] Req chatcmpl-ee14760a1bb4404cb947b5358a98b53e in_time: 680213.1900, out_time: 680239.5088, total wait time: 26.3187 seconds
[36m(RouterManager pid=1850)[0m [Router ReqQueue] Req chatcmpl-795a08f6693e4d13bc3ae29e2b17d891 in_time: 680213.4413, out_time: 680239.5088, total wait time: 26.0674 seconds
[36m(RouterManager pid=1850)[0m [Router ReqQueue] Req chatcmpl-dc4406b462da4b2b948212f3866950d6 in_time: 680213.5193, out_time: 680239.5088, total wait time: 25.9895 seconds
[36m(RouterManager pid=1850)[0m [Router ReqQueue] Req chatcmpl-bef75e173bec47358ea08457dba79f6a in_time: 680213.6678, out_time: 680239.5088, total wait time: 25.8410 seconds
[36m(RouterManager pid=1850)[0m [Router ReqQueue] Req chatcmpl-211530e10d014a4a957474b36db21b3b in_time: 680213.7357, out_time: 680239.5088, total wait time: 25.7731 seconds
[36m(RouterManager pid=1850)[0m [Router ReqQueue] Req chatcmpl-8c0f83f6c38041e4b2a79ec57801a660 in_time: 680213.8057, out_time: 680239.5088, total wait time: 25.7031 seconds
[36m(RouterManager pid=1850)[0m [Router ReqQueue] Req chatcmpl-02f0981679954ae19d67a357f757aa70 in_time: 680214.2333, out_time: 680239.5088, total wait time: 25.2755 seconds
[36m(RouterManager pid=1850)[0m [Router ReqQueue] Req chatcmpl-17b04f95c3ae4dd983a347741be8fc39 in_time: 680214.2487, out_time: 680239.5088, total wait time: 25.2602 seconds
[36m(RouterManager pid=1850)[0m [Router ReqQueue] Req chatcmpl-0298c3db0933477abf8955a9f00d52b2 in_time: 680214.8145, out_time: 680239.5088, total wait time: 24.6944 seconds
[36m(RouterManager pid=1850)[0m [Router ReqQueue] Req chatcmpl-a38219adba5a4d5a8eb1338b139fd6dd in_time: 680214.9079, out_time: 680239.5089, total wait time: 24.6009 seconds
[36m(RouterManager pid=1850)[0m [Router ReqQueue] Req chatcmpl-4f7548e8ae634d57922ce03149c5cd98 in_time: 680215.0169, out_time: 680239.5089, total wait time: 24.4920 seconds
[36m(RouterManager pid=1850)[0m [Router ReqQueue] Req chatcmpl-528858e71ec64b7697e999f71670f281 in_time: 680215.3374, out_time: 680239.5089, total wait time: 24.1715 seconds
[36m(RouterManager pid=1850)[0m [Router ReqQueue] Req chatcmpl-6f240e4eae5640fc9b33f972f6b326a1 in_time: 680215.3868, out_time: 680239.5089, total wait time: 24.1221 seconds
[36m(RouterManager pid=1850)[0m [Router ReqQueue] Req chatcmpl-bb64630177d64ca99d6731e0f883d153 in_time: 680216.5517, out_time: 680239.5089, total wait time: 22.9572 seconds
[36m(RouterManager pid=1850)[0m [Router ReqQueue] Req chatcmpl-ac0f5584b57a4fd99ee2ea0a2e4f993d in_time: 680216.5553, out_time: 680239.5089, total wait time: 22.9536 seconds
[36m(RouterManager pid=1850)[0m [Router ReqQueue] Req chatcmpl-ae60109f4a4149fa83d67641697c586b in_time: 680216.6770, out_time: 680239.5089, total wait time: 22.8320 seconds
[36m(RouterManager pid=1850)[0m [Router ReqQueue] Req chatcmpl-ceb3847ac1c24e9baeed77ccada12081 in_time: 680217.1327, out_time: 680239.5089, total wait time: 22.3763 seconds
[36m(RouterManager pid=1850)[0m [Router ReqQueue] Req chatcmpl-a193e0d6e1a542669c9242040603eed8 in_time: 680217.3029, out_time: 680239.5089, total wait time: 22.2060 seconds
[36m(RouterManager pid=1850)[0m [Router ReqQueue] Req chatcmpl-2edbe016123d4e9d97f921554da701c8 in_time: 680217.4004, out_time: 680239.5089, total wait time: 22.1085 seconds
[36m(RouterManager pid=1850)[0m [Router ReqQueue] Req chatcmpl-13d7d8a21b5b4c368d2029fa18910e8c in_time: 680217.5324, out_time: 680239.5089, total wait time: 21.9766 seconds
[36m(RouterManager pid=1850)[0m [Router ReqQueue] Req chatcmpl-aca21a0a42e24581847ac4658c389e01 in_time: 680218.0990, out_time: 680239.5090, total wait time: 21.4100 seconds
[36m(RouterManager pid=1850)[0m [Router ReqQueue] Req chatcmpl-1c1451fc672247d69f1a7dda21c1b7fe in_time: 680218.4982, out_time: 680239.5090, total wait time: 21.0107 seconds
[36m(RouterManager pid=1850)[0m [Router ReqQueue] Req chatcmpl-0eda6b6a74794a209048deca5d374947 in_time: 680218.6123, out_time: 680239.5090, total wait time: 20.8967 seconds
[36m(RouterManager pid=1850)[0m [Router ReqQueue] Req chatcmpl-b0a9076bf4474a65898c4ef609caa19a in_time: 680218.6445, out_time: 680239.5090, total wait time: 20.8645 seconds
[36m(RouterManager pid=1850)[0m [Router ReqQueue] Req chatcmpl-ddf8f60a6b2249c18265cc9a62378029 in_time: 680218.6597, out_time: 680239.5090, total wait time: 20.8493 seconds
[36m(RouterManager pid=1850)[0m [Router ReqQueue] Req chatcmpl-027397d552364ccfa11dc8f167cf271e in_time: 680218.6615, out_time: 680239.5090, total wait time: 20.8475 seconds
[36m(RouterManager pid=1850)[0m [Router ReqQueue] Req chatcmpl-ff35494491b74b64bc0b77142063b0e8 in_time: 680219.0794, out_time: 680239.5090, total wait time: 20.4296 seconds
[36m(RouterManager pid=1850)[0m [Router ReqQueue] Req chatcmpl-0c8f83e738054452b3aef5de5d0b551b in_time: 680219.1149, out_time: 680239.5090, total wait time: 20.3942 seconds
[36m(RouterManager pid=1850)[0m [Router ReqQueue] Req chatcmpl-69cca0d3405148678cb9936803abe72b in_time: 680219.2157, out_time: 680239.5090, total wait time: 20.2934 seconds
[36m(RouterManager pid=1850)[0m [Router ReqQueue] Req chatcmpl-45bf95b73ed6498aaebec84965c45dbd in_time: 680219.3820, out_time: 680239.5090, total wait time: 20.1270 seconds
[36m(RouterManager pid=1850)[0m [Router ReqQueue] Req chatcmpl-77d84604221a46cc9d191c33f8e1d332 in_time: 680219.4909, out_time: 680239.5091, total wait time: 20.0181 seconds
[36m(RouterManager pid=1850)[0m [Router ReqQueue] Req chatcmpl-52a9b9933e664e5a9fb687edeadc622d in_time: 680219.5320, out_time: 680239.5091, total wait time: 19.9770 seconds
[36m(RouterManager pid=1850)[0m [Router ReqQueue] Req chatcmpl-2b8c1489b68144e3b581b28652810282 in_time: 680219.6271, out_time: 680239.5091, total wait time: 19.8819 seconds
[36m(RouterManager pid=1850)[0m [Router ReqQueue] Req chatcmpl-375ee1fd33934fc3aeaca234a28fdb8c in_time: 680219.6383, out_time: 680239.5091, total wait time: 19.8708 seconds
[36m(RouterManager pid=1850)[0m [Router ReqQueue] Req chatcmpl-4c5ca06ec6224bea8bf103c54098deb0 in_time: 680219.6600, out_time: 680239.5091, total wait time: 19.8491 seconds
[36m(RouterManager pid=1850)[0m [Router ReqQueue] Req chatcmpl-d1350a46f75a4e77aad25d57b0b9ec04 in_time: 680219.7119, out_time: 680239.5091, total wait time: 19.7972 seconds
[36m(RouterManager pid=1850)[0m [Router ReqQueue] Req chatcmpl-a8f68d1e7d7b457392473f583c4a7e03 in_time: 680220.2122, out_time: 680239.5091, total wait time: 19.2969 seconds
[36m(RouterManager pid=1850)[0m [Router ReqQueue] Req chatcmpl-818c3aa3067e44f8bee98c8e75f78f64 in_time: 680220.3229, out_time: 680239.5091, total wait time: 19.1862 seconds
[36m(RouterManager pid=1850)[0m [Router ReqQueue] Req chatcmpl-3ecf4df66a8141009722e492290a97ec in_time: 680220.8469, out_time: 680239.5091, total wait time: 18.6622 seconds
[36m(RouterManager pid=1850)[0m [Router ReqQueue] Req chatcmpl-4cc2ab37bf5e420984ba37bbe08d1cce in_time: 680220.9018, out_time: 680239.5091, total wait time: 18.6073 seconds
[36m(RouterManager pid=1850)[0m [Router ReqQueue] Req chatcmpl-b91ebaa27de24bd58355b07c6f14df30 in_time: 680220.9430, out_time: 680239.5091, total wait time: 18.5662 seconds
[36m(RouterManager pid=1850)[0m [Router ReqQueue] Req chatcmpl-7df9b08c37b24249afc54d607e1240a7 in_time: 680221.0227, out_time: 680239.5091, total wait time: 18.4864 seconds
[36m(RouterManager pid=1850)[0m [Router ReqQueue] Req chatcmpl-c58ca4bd401641559cf5ed33f78f584c in_time: 680221.0892, out_time: 680239.5092, total wait time: 18.4199 seconds
[36m(RouterManager pid=1850)[0m [Router ReqQueue] Req chatcmpl-6c2f815e0bc541f29b734c3517a4df82 in_time: 680221.2580, out_time: 680239.5092, total wait time: 18.2511 seconds
[36m(RouterManager pid=1850)[0m [Router ReqQueue] Req chatcmpl-4cdcad8abdab416cbbedaaa9560a27f2 in_time: 680221.3763, out_time: 680239.5092, total wait time: 18.1329 seconds
[36m(RouterManager pid=1850)[0m [Router ReqQueue] Req chatcmpl-8218e14b108d4a508ee6ff5f44724e84 in_time: 680221.3896, out_time: 680239.5092, total wait time: 18.1195 seconds
[36m(RouterManager pid=1850)[0m [Loongserve manager] scheduling time: 22.74 ms
[36m(RouterManager pid=1850)[0m [Loongserve manager] prefill and decoding batch scheduling results:
[36m(RouterManager pid=1850)[0m     running decode batch id: f4679b7256f64b229daaba8f840254cd, req num: 123, occupied instances: [3, 1], batch_used_tokens_sum: 424330
[36m(RouterManager pid=1850)[0m     prefill batch id: dcdf62f04db94a09995cf747908e2f5c, req num: 146, occupied instances: [0, 2], batch_used_tokens_sum: 0
[36m(RouterManager pid=1850)[0m [Loongserve manager] running batch id: dcdf62f04db94a09995cf747908e2f5c, req num: 146, occupied instances: [0, 2], batch_used_tokens_sum: 424625
[36m(RouterManager pid=1850)[0m === RouterManager iteration 638 ===
[36m(RouterManager pid=1850)[0m self.req_queue.waiting_req_list length: 300
[36m(RouterManager pid=1850)[0m === RouterManager iteration 640 ===
[36m(RouterManager pid=1850)[0m self.req_queue.waiting_req_list length: 300
[36m(RouterManager pid=1850)[0m === RouterManager iteration 642 ===
[36m(RouterManager pid=1850)[0m self.req_queue.waiting_req_list length: 303
[36m(RouterManager pid=1850)[0m === RouterManager iteration 644 ===
[36m(RouterManager pid=1850)[0m self.req_queue.waiting_req_list length: 303
[36m(RouterManager pid=1850)[0m === RouterManager iteration 646 ===
[36m(RouterManager pid=1850)[0m self.req_queue.waiting_req_list length: 304
[36m(RouterManager pid=1850)[0m === RouterManager iteration 648 ===
[36m(RouterManager pid=1850)[0m self.req_queue.waiting_req_list length: 304
[36m(RouterManager pid=1850)[0m === RouterManager iteration 650 ===
[36m(RouterManager pid=1850)[0m self.req_queue.waiting_req_list length: 304
[36m(RouterManager pid=1850)[0m === RouterManager iteration 652 ===
[36m(RouterManager pid=1850)[0m self.req_queue.waiting_req_list length: 304
[36m(RouterManager pid=1850)[0m === RouterManager iteration 654 ===
[36m(RouterManager pid=1850)[0m self.req_queue.waiting_req_list length: 304
[36m(RouterManager pid=1850)[0m === RouterManager iteration 656 ===
[36m(RouterManager pid=1850)[0m self.req_queue.waiting_req_list length: 305
[36m(RouterManager pid=1850)[0m === RouterManager iteration 658 ===
[36m(RouterManager pid=1850)[0m self.req_queue.waiting_req_list length: 305
[36m(RouterManager pid=1850)[0m [Router ReqQueue] Req chatcmpl-3a7e7e33adf34ca592d4a48d71c0646d in_time: 680226.5911, out_time: 680284.1351, total wait time: 57.5440 seconds
[36m(RouterManager pid=1850)[0m [Router ReqQueue] Req chatcmpl-f3dd11b0a151436086c60c42c0149d5c in_time: 680227.0298, out_time: 680284.1352, total wait time: 57.1054 seconds
[36m(RouterManager pid=1850)[0m [Router ReqQueue] Req chatcmpl-5f92ec78ed7e4bb79517c99ccd903497 in_time: 680227.2707, out_time: 680284.1352, total wait time: 56.8645 seconds
[36m(RouterManager pid=1850)[0m [Router ReqQueue] Req chatcmpl-c6e4a72035cf47e6b357f12c3233e5ac in_time: 680227.9506, out_time: 680284.1352, total wait time: 56.1846 seconds
[36m(RouterManager pid=1850)[0m [Router ReqQueue] Req chatcmpl-8750ab25f9634c46b36eb7e940272b57 in_time: 680228.1279, out_time: 680284.1352, total wait time: 56.0073 seconds
[36m(RouterManager pid=1850)[0m [Router ReqQueue] Req chatcmpl-011cd4e7e64e497fbe6e93039439cae8 in_time: 680228.1804, out_time: 680284.1352, total wait time: 55.9548 seconds
[36m(RouterManager pid=1850)[0m [Router ReqQueue] Req chatcmpl-dc4e8cc765974abba85d585c8532e0bb in_time: 680228.3328, out_time: 680284.1352, total wait time: 55.8025 seconds
[36m(RouterManager pid=1850)[0m [Router ReqQueue] Req chatcmpl-f9432f8632cf436f86a52e445295d81b in_time: 680228.3900, out_time: 680284.1352, total wait time: 55.7452 seconds
[36m(RouterManager pid=1850)[0m [Router ReqQueue] Req chatcmpl-7a8dffa80e804077b4cd326a59d242b7 in_time: 680228.4832, out_time: 680284.1352, total wait time: 55.6520 seconds
[36m(RouterManager pid=1850)[0m [Router ReqQueue] Req chatcmpl-c006f4d8bb6849a9a43e3d74aef1e9c6 in_time: 680228.5346, out_time: 680284.1353, total wait time: 55.6007 seconds
[36m(RouterManager pid=1850)[0m [Router ReqQueue] Req chatcmpl-14bcddc3330349d3bfbb0406439f8aca in_time: 680228.9725, out_time: 680284.1353, total wait time: 55.1627 seconds
[36m(RouterManager pid=1850)[0m [Router ReqQueue] Req chatcmpl-9c2765931bdd4d0cbdcd58798c880406 in_time: 680229.0588, out_time: 680284.1353, total wait time: 55.0765 seconds
[36m(RouterManager pid=1850)[0m [Router ReqQueue] Req chatcmpl-a4cd3db16e2f4931a84252f0ecd8c4d3 in_time: 680229.5522, out_time: 680284.1353, total wait time: 54.5831 seconds
[36m(RouterManager pid=1850)[0m [Router ReqQueue] Req chatcmpl-dd45644b92dc4491acd416559e8fabb1 in_time: 680229.5634, out_time: 680284.1353, total wait time: 54.5719 seconds
[36m(RouterManager pid=1850)[0m [Router ReqQueue] Req chatcmpl-705f28b280024cb08e811c2133971f8b in_time: 680229.8207, out_time: 680284.1353, total wait time: 54.3146 seconds
[36m(RouterManager pid=1850)[0m [Router ReqQueue] Req chatcmpl-a2ba913f51a24ad6873027556cec3ed5 in_time: 680229.8240, out_time: 680284.1353, total wait time: 54.3113 seconds
[36m(RouterManager pid=1850)[0m [Router ReqQueue] Req chatcmpl-655a5adfd4ca485cb55a3708de1316c7 in_time: 680230.2764, out_time: 680284.1353, total wait time: 53.8589 seconds
[36m(RouterManager pid=1850)[0m [Router ReqQueue] Req chatcmpl-d9441b4ad974413c9f9e72cc876c335d in_time: 680230.3440, out_time: 680284.1353, total wait time: 53.7914 seconds
[36m(RouterManager pid=1850)[0m [Router ReqQueue] Req chatcmpl-5085c95c8ccc463a80b913c3135d0fe1 in_time: 680230.4188, out_time: 680284.1353, total wait time: 53.7165 seconds
[36m(RouterManager pid=1850)[0m [Router ReqQueue] Req chatcmpl-6bb1f3b2db1446b7ba5ce338231f87d6 in_time: 680230.4273, out_time: 680284.1354, total wait time: 53.7081 seconds
[36m(RouterManager pid=1850)[0m [Router ReqQueue] Req chatcmpl-4723cc3b4ca64b8db92fb3d58895bfd8 in_time: 680230.5223, out_time: 680284.1354, total wait time: 53.6130 seconds
[36m(RouterManager pid=1850)[0m [Router ReqQueue] Req chatcmpl-6998360eff0747b198a4398a070065d8 in_time: 680230.5430, out_time: 680284.1354, total wait time: 53.5924 seconds
[36m(RouterManager pid=1850)[0m [Router ReqQueue] Req chatcmpl-71ac82c2014c49e4adb1556fa82bd99a in_time: 680230.9171, out_time: 680284.1354, total wait time: 53.2183 seconds
[36m(RouterManager pid=1850)[0m [Router ReqQueue] Req chatcmpl-e85860f8f35043c5b1a2b1c86e87431a in_time: 680231.2822, out_time: 680284.1354, total wait time: 52.8532 seconds
[36m(RouterManager pid=1850)[0m [Router ReqQueue] Req chatcmpl-50f104234c174f7482fbc0e4c29c9626 in_time: 680231.8799, out_time: 680284.1354, total wait time: 52.2555 seconds
[36m(RouterManager pid=1850)[0m [Router ReqQueue] Req chatcmpl-7fb6ddb6155241999524d8489ac97d5c in_time: 680231.9103, out_time: 680284.1354, total wait time: 52.2251 seconds
[36m(RouterManager pid=1850)[0m [Router ReqQueue] Req chatcmpl-d54f1ceb7ea04a2b8ce4b56dc2b2cfc1 in_time: 680232.0034, out_time: 680284.1354, total wait time: 52.1320 seconds
[36m(RouterManager pid=1850)[0m [Router ReqQueue] Req chatcmpl-6ae0d2e5332943c5969dad7f859a5cb2 in_time: 680232.0113, out_time: 680284.1354, total wait time: 52.1241 seconds
[36m(RouterManager pid=1850)[0m [Router ReqQueue] Req chatcmpl-e49882ddf6cf4f95ac71fa6fbbce0714 in_time: 680232.4579, out_time: 680284.1354, total wait time: 51.6775 seconds
[36m(RouterManager pid=1850)[0m [Router ReqQueue] Req chatcmpl-eaaa5b63b569475ca101f2ffba166ba4 in_time: 680232.5257, out_time: 680284.1355, total wait time: 51.6098 seconds
[36m(RouterManager pid=1850)[0m [Router ReqQueue] Req chatcmpl-9a25067bf2f44dc683286c6e9a0717be in_time: 680232.7774, out_time: 680284.1355, total wait time: 51.3581 seconds
[36m(RouterManager pid=1850)[0m [Router ReqQueue] Req chatcmpl-0d1d13d8f03f4c9cb20c4b6d7bf5cba8 in_time: 680232.9840, out_time: 680284.1355, total wait time: 51.1515 seconds
[36m(RouterManager pid=1850)[0m [Router ReqQueue] Req chatcmpl-ae615080fef24fb3a985ffecfb9422da in_time: 680233.0169, out_time: 680284.1355, total wait time: 51.1186 seconds
[36m(RouterManager pid=1850)[0m [Router ReqQueue] Req chatcmpl-69dc12d03284466ea5deb2289bbd390e in_time: 680233.3773, out_time: 680284.1355, total wait time: 50.7582 seconds
[36m(RouterManager pid=1850)[0m [Router ReqQueue] Req chatcmpl-6b291357c70a4211aa397ae820c047a7 in_time: 680233.5681, out_time: 680284.1355, total wait time: 50.5674 seconds
[36m(RouterManager pid=1850)[0m [Router ReqQueue] Req chatcmpl-ead871b04bc4416dbf4f2af76ce8f8c7 in_time: 680233.7131, out_time: 680284.1355, total wait time: 50.4224 seconds
[36m(RouterManager pid=1850)[0m [Router ReqQueue] Req chatcmpl-268668c3de0246ef94352f4627d7b8c9 in_time: 680233.7308, out_time: 680284.1355, total wait time: 50.4047 seconds
[36m(RouterManager pid=1850)[0m [Router ReqQueue] Req chatcmpl-aee7e6541fd546b78abee3de73194108 in_time: 680233.8188, out_time: 680284.1355, total wait time: 50.3167 seconds
[36m(RouterManager pid=1850)[0m [Router ReqQueue] Req chatcmpl-6ab620115a5f4acaa28d5cd7d6227bb8 in_time: 680233.8291, out_time: 680284.1355, total wait time: 50.3064 seconds
[36m(RouterManager pid=1850)[0m [Router ReqQueue] Req chatcmpl-908794a192e64112878efbf2b4d5cf16 in_time: 680234.0956, out_time: 680284.1356, total wait time: 50.0399 seconds
[36m(RouterManager pid=1850)[0m [Router ReqQueue] Req chatcmpl-ab0d8eb217b44826957af2a038f4383e in_time: 680234.4402, out_time: 680284.1356, total wait time: 49.6953 seconds
[36m(RouterManager pid=1850)[0m [Router ReqQueue] Req chatcmpl-68a7d2df04ac411cb6e35752892a9000 in_time: 680234.6580, out_time: 680284.1356, total wait time: 49.4776 seconds
[36m(RouterManager pid=1850)[0m [Router ReqQueue] Req chatcmpl-b8e645b6fe22456d9ea9f051bfbe850c in_time: 680234.7883, out_time: 680284.1356, total wait time: 49.3473 seconds
[36m(RouterManager pid=1850)[0m [Router ReqQueue] Req chatcmpl-12be0383ab7641b685b68aec8c548dc0 in_time: 680235.3495, out_time: 680284.1356, total wait time: 48.7861 seconds
[36m(RouterManager pid=1850)[0m [Router ReqQueue] Req chatcmpl-5ce97986ec7f494bbf3a240261bc5c9d in_time: 680235.5961, out_time: 680284.1356, total wait time: 48.5396 seconds
[36m(RouterManager pid=1850)[0m [Router ReqQueue] Req chatcmpl-14c8f15b5d084575a18e39ff1c2e8e2f in_time: 680235.6848, out_time: 680284.1356, total wait time: 48.4508 seconds
[36m(RouterManager pid=1850)[0m [Router ReqQueue] Req chatcmpl-54b2f3f517314df0bde9e5289082baf0 in_time: 680236.7598, out_time: 680284.1356, total wait time: 47.3758 seconds
[36m(RouterManager pid=1850)[0m [Router ReqQueue] Req chatcmpl-f5b37913fe564e5a91658d44937dd565 in_time: 680236.8973, out_time: 680284.1356, total wait time: 47.2384 seconds
[36m(RouterManager pid=1850)[0m [Router ReqQueue] Req chatcmpl-d6547674badb484a98e8897fe0b8232f in_time: 680237.0488, out_time: 680284.1356, total wait time: 47.0869 seconds
[36m(RouterManager pid=1850)[0m [Router ReqQueue] Req chatcmpl-a12f2484841340519cec38f17aec0579 in_time: 680237.7469, out_time: 680284.1357, total wait time: 46.3888 seconds
[36m(RouterManager pid=1850)[0m [Router ReqQueue] Req chatcmpl-b9ff140a588d4ff88e25530a7681e6e4 in_time: 680238.0736, out_time: 680284.1357, total wait time: 46.0621 seconds
[36m(RouterManager pid=1850)[0m [Router ReqQueue] Req chatcmpl-29191cf08c4b47a6b5231bbc8e7274cb in_time: 680238.1001, out_time: 680284.1357, total wait time: 46.0355 seconds
[36m(RouterManager pid=1850)[0m [Router ReqQueue] Req chatcmpl-2d9166c6f0af4538a8f429d177229e6a in_time: 680238.1852, out_time: 680284.1357, total wait time: 45.9505 seconds
[36m(RouterManager pid=1850)[0m [Router ReqQueue] Req chatcmpl-1b5b1229bca543289751085d12d90e01 in_time: 680238.1915, out_time: 680284.1357, total wait time: 45.9442 seconds
[36m(RouterManager pid=1850)[0m [Router ReqQueue] Req chatcmpl-3e0a72217df64a49a9660b07146c82d7 in_time: 680238.2937, out_time: 680284.1357, total wait time: 45.8420 seconds
[36m(RouterManager pid=1850)[0m [Router ReqQueue] Req chatcmpl-90b16df6b583467ea165d544f848187d in_time: 680238.3191, out_time: 680284.1357, total wait time: 45.8166 seconds
[36m(RouterManager pid=1850)[0m [Router ReqQueue] Req chatcmpl-96875a787aa14c139017d9357f27719f in_time: 680238.3775, out_time: 680284.1357, total wait time: 45.7582 seconds
[36m(RouterManager pid=1850)[0m [Router ReqQueue] Req chatcmpl-8857f1f3ec18422bbfd396362518122e in_time: 680238.4392, out_time: 680284.1357, total wait time: 45.6965 seconds
[36m(RouterManager pid=1850)[0m [Router ReqQueue] Req chatcmpl-58977bfd12a348d19ab816848caf4f43 in_time: 680238.4775, out_time: 680284.1357, total wait time: 45.6582 seconds
[36m(RouterManager pid=1850)[0m [Router ReqQueue] Req chatcmpl-145cd68b6cfa4a65a54a50df99bb7481 in_time: 680238.4839, out_time: 680284.1358, total wait time: 45.6518 seconds
[36m(RouterManager pid=1850)[0m [Router ReqQueue] Req chatcmpl-91fc9a9514e64da78d9aa613dec6e9d6 in_time: 680238.6340, out_time: 680284.1358, total wait time: 45.5017 seconds
[36m(RouterManager pid=1850)[0m [Router ReqQueue] Req chatcmpl-26e29b09ddf1475fb1200bb3a7628474 in_time: 680239.1285, out_time: 680284.1358, total wait time: 45.0073 seconds
[36m(RouterManager pid=1850)[0m [Router ReqQueue] Req chatcmpl-a6dd1d96e7c4416194ba0725270edacd in_time: 680239.6024, out_time: 680284.1358, total wait time: 44.5333 seconds
[36m(RouterManager pid=1850)[0m [Router ReqQueue] Req chatcmpl-726c3b44aff74f16b2a5bc66819e8a77 in_time: 680239.6772, out_time: 680284.1358, total wait time: 44.4586 seconds
[36m(RouterManager pid=1850)[0m [Router ReqQueue] Req chatcmpl-425fce7b6f684c5190a0cc38280e3023 in_time: 680239.7907, out_time: 680284.1358, total wait time: 44.3451 seconds
[36m(RouterManager pid=1850)[0m [Router ReqQueue] Req chatcmpl-eba8fb2130b24a71adc5a21516ee84ac in_time: 680239.8718, out_time: 680284.1358, total wait time: 44.2640 seconds
[36m(RouterManager pid=1850)[0m [Router ReqQueue] Req chatcmpl-2e1979d2e91f44248c12d14b03d22c46 in_time: 680240.1008, out_time: 680284.1358, total wait time: 44.0350 seconds
[36m(RouterManager pid=1850)[0m [Router ReqQueue] Req chatcmpl-88150d89c4f942d2956ac152701a957a in_time: 680240.2492, out_time: 680284.1358, total wait time: 43.8866 seconds
[36m(RouterManager pid=1850)[0m [Router ReqQueue] Req chatcmpl-78df18d346bf441c95445ef4bd43f1f5 in_time: 680240.7926, out_time: 680284.1358, total wait time: 43.3432 seconds
[36m(RouterManager pid=1850)[0m [Router ReqQueue] Req chatcmpl-7a4e290149f246ec88adb1c86945c604 in_time: 680241.2232, out_time: 680284.1358, total wait time: 42.9127 seconds
[36m(RouterManager pid=1850)[0m [Router ReqQueue] Req chatcmpl-fc842a9a9ca349888302340f2ae70d36 in_time: 680241.2662, out_time: 680284.1359, total wait time: 42.8697 seconds
[36m(RouterManager pid=1850)[0m [Router ReqQueue] Req chatcmpl-e7f820a61de942c788e263e66c8aaca4 in_time: 680241.4446, out_time: 680284.1359, total wait time: 42.6913 seconds
[36m(RouterManager pid=1850)[0m [Router ReqQueue] Req chatcmpl-07042f68e5104de6978a190dac8982b5 in_time: 680241.7622, out_time: 680284.1359, total wait time: 42.3737 seconds
[36m(RouterManager pid=1850)[0m [Router ReqQueue] Req chatcmpl-d648c72210444e1396f9763012784e03 in_time: 680241.9442, out_time: 680284.1359, total wait time: 42.1917 seconds
[36m(RouterManager pid=1850)[0m [Router ReqQueue] Req chatcmpl-89bacd9350494de7bdcdcd0155984941 in_time: 680242.3174, out_time: 680284.1359, total wait time: 41.8185 seconds
[36m(RouterManager pid=1850)[0m [Router ReqQueue] Req chatcmpl-de256266bd13498498b036277a286ef8 in_time: 680242.4910, out_time: 680284.1359, total wait time: 41.6449 seconds
[36m(RouterManager pid=1850)[0m [Router ReqQueue] Req chatcmpl-dd447a39dd1742bb868a7cb6f4728b93 in_time: 680242.4983, out_time: 680284.1359, total wait time: 41.6376 seconds
[36m(RouterManager pid=1850)[0m [Router ReqQueue] Req chatcmpl-d09d21f7ed65439e823ad3d910f1c7f9 in_time: 680242.7496, out_time: 680284.1359, total wait time: 41.3863 seconds
[36m(RouterManager pid=1850)[0m [Router ReqQueue] Req chatcmpl-1b5d31aac1ec49ab8c8b7279e220f6aa in_time: 680243.1559, out_time: 680284.1359, total wait time: 40.9800 seconds
[36m(RouterManager pid=1850)[0m [Router ReqQueue] Req chatcmpl-154f3359757c497ca213c0fde6c2a5a1 in_time: 680243.2291, out_time: 680284.1359, total wait time: 40.9068 seconds
[36m(RouterManager pid=1850)[0m [Router ReqQueue] Req chatcmpl-aa86afff9d30472182da7f1f748b3c57 in_time: 680243.4349, out_time: 680284.1359, total wait time: 40.7010 seconds
[36m(RouterManager pid=1850)[0m [Router ReqQueue] Req chatcmpl-431ed1933e22430bbef69013912ae447 in_time: 680243.8326, out_time: 680284.1360, total wait time: 40.3034 seconds
[36m(RouterManager pid=1850)[0m [Router ReqQueue] Req chatcmpl-7f525877ec054a23a2d92ea2ffbd727b in_time: 680244.2349, out_time: 680284.1360, total wait time: 39.9010 seconds
[36m(RouterManager pid=1850)[0m [Router ReqQueue] Req chatcmpl-61267795360c433e877f8bc186caae63 in_time: 680244.3838, out_time: 680284.1360, total wait time: 39.7522 seconds
[36m(RouterManager pid=1850)[0m [Router ReqQueue] Req chatcmpl-d94aa85b104b4cb6b3e926c996233771 in_time: 680244.4536, out_time: 680284.1360, total wait time: 39.6824 seconds
[36m(RouterManager pid=1850)[0m [Router ReqQueue] Req chatcmpl-a9e6cc44e5ff4ffc8b6f6e3ac37528f0 in_time: 680244.4990, out_time: 680284.1360, total wait time: 39.6370 seconds
[36m(RouterManager pid=1850)[0m [Router ReqQueue] Req chatcmpl-d0d944da01ff48e38fafc7b0fc1388db in_time: 680244.6498, out_time: 680284.1360, total wait time: 39.4862 seconds
[36m(RouterManager pid=1850)[0m [Router ReqQueue] Req chatcmpl-672bdb5de6fc4937ab7b16ce643e5fe3 in_time: 680244.7597, out_time: 680284.1360, total wait time: 39.3763 seconds
[36m(RouterManager pid=1850)[0m [Router ReqQueue] Req chatcmpl-f0f3d0cdcdb047a2adb399b34325f61b in_time: 680244.7616, out_time: 680284.1360, total wait time: 39.3744 seconds
[36m(RouterManager pid=1850)[0m [Router ReqQueue] Req chatcmpl-cf635c71ece54aa9a3455b5502b4216d in_time: 680244.7831, out_time: 680284.1360, total wait time: 39.3529 seconds
[36m(RouterManager pid=1850)[0m [Router ReqQueue] Req chatcmpl-becb2e719eb544d785283c4ed9801840 in_time: 680245.9609, out_time: 680284.1360, total wait time: 38.1751 seconds
[36m(RouterManager pid=1850)[0m [Router ReqQueue] Req chatcmpl-e36331e358274c249d026e2a2733a0ee in_time: 680246.0709, out_time: 680284.1361, total wait time: 38.0652 seconds
[36m(RouterManager pid=1850)[0m [Router ReqQueue] Req chatcmpl-137214cef27d40ffb5eeeb001fd15443 in_time: 680246.4955, out_time: 680284.1361, total wait time: 37.6405 seconds
[36m(RouterManager pid=1850)[0m [Router ReqQueue] Req chatcmpl-ea68cdc2a67b445c927fff1620b018d1 in_time: 680246.8256, out_time: 680284.1361, total wait time: 37.3105 seconds
[36m(RouterManager pid=1850)[0m [Router ReqQueue] Req chatcmpl-eb33282dfbdd4ebca38ec802bdec3249 in_time: 680246.8460, out_time: 680284.1361, total wait time: 37.2901 seconds
[36m(RouterManager pid=1850)[0m [Router ReqQueue] Req chatcmpl-aa7da893147340cebe0f50d4316a7200 in_time: 680247.2891, out_time: 680284.1361, total wait time: 36.8470 seconds
[36m(RouterManager pid=1850)[0m [Router ReqQueue] Req chatcmpl-692ba4aa706e4f26a9f82ed43ca9796b in_time: 680247.3854, out_time: 680284.1361, total wait time: 36.7507 seconds
[36m(RouterManager pid=1850)[0m [Router ReqQueue] Req chatcmpl-6b0f942d3fb74353b40ef8c993fc1fc7 in_time: 680247.5795, out_time: 680284.1361, total wait time: 36.5566 seconds
[36m(RouterManager pid=1850)[0m [Router ReqQueue] Req chatcmpl-34298c97a1304489a58c6efe3cc476e0 in_time: 680247.6002, out_time: 680284.1361, total wait time: 36.5359 seconds
[36m(RouterManager pid=1850)[0m [Router ReqQueue] Req chatcmpl-0d50b088d9274493acf043bbc6c3cbd3 in_time: 680247.6196, out_time: 680284.1361, total wait time: 36.5165 seconds
[36m(RouterManager pid=1850)[0m [Router ReqQueue] Req chatcmpl-deb4ed3789824b97bacbfa7d65e21bb0 in_time: 680247.8310, out_time: 680284.1361, total wait time: 36.3052 seconds
[36m(RouterManager pid=1850)[0m [Router ReqQueue] Req chatcmpl-e9a6e1a4b97543b5ba91284a5d92018c in_time: 680248.1007, out_time: 680284.1361, total wait time: 36.0354 seconds
[36m(RouterManager pid=1850)[0m [Router ReqQueue] Req chatcmpl-60323eef4ae74739ba7751690dec6815 in_time: 680248.2239, out_time: 680284.1362, total wait time: 35.9122 seconds
[36m(RouterManager pid=1850)[0m [Router ReqQueue] Req chatcmpl-eb9e40c08bf74e9caed4def0300a1a48 in_time: 680248.4337, out_time: 680284.1362, total wait time: 35.7025 seconds
[36m(RouterManager pid=1850)[0m [Router ReqQueue] Req chatcmpl-493668c852814a26a3f7f8d05d3ab3da in_time: 680248.5972, out_time: 680284.1362, total wait time: 35.5390 seconds
[36m(RouterManager pid=1850)[0m [Router ReqQueue] Req chatcmpl-ea3439e46721413fa513d3fa4f5f0456 in_time: 680248.6725, out_time: 680284.1362, total wait time: 35.4637 seconds
[36m(RouterManager pid=1850)[0m [Router ReqQueue] Req chatcmpl-4aaed6fd421144bba1206996b40e5bc2 in_time: 680248.7259, out_time: 680284.1362, total wait time: 35.4103 seconds
[36m(RouterManager pid=1850)[0m [Loongserve manager] scheduling time: 22.39 ms
[36m(RouterManager pid=1850)[0m [Loongserve manager] prefill and decoding batch scheduling results:
[36m(RouterManager pid=1850)[0m     running decode batch id: dcdf62f04db94a09995cf747908e2f5c, req num: 146, occupied instances: [2, 0], batch_used_tokens_sum: 426085
[36m(RouterManager pid=1850)[0m     prefill batch id: 765a4c0fb9f046e58dfbef6cb006cdd4, req num: 107, occupied instances: [1, 3], batch_used_tokens_sum: 0
[36m(RouterManager pid=1850)[0m [Loongserve manager] running batch id: 765a4c0fb9f046e58dfbef6cb006cdd4, req num: 107, occupied instances: [1, 3], batch_used_tokens_sum: 411582
[36m(RouterManager pid=1850)[0m === RouterManager iteration 660 ===
[36m(RouterManager pid=1850)[0m self.req_queue.waiting_req_list length: 411
[36m(RouterManager pid=1850)[0m === RouterManager iteration 662 ===
[36m(RouterManager pid=1850)[0m self.req_queue.waiting_req_list length: 411
[36m(RouterManager pid=1850)[0m === RouterManager iteration 664 ===
[36m(RouterManager pid=1850)[0m self.req_queue.waiting_req_list length: 411
[36m(RouterManager pid=1850)[0m === RouterManager iteration 666 ===
[36m(RouterManager pid=1850)[0m self.req_queue.waiting_req_list length: 411
[36m(RouterManager pid=1850)[0m === RouterManager iteration 668 ===
[36m(RouterManager pid=1850)[0m self.req_queue.waiting_req_list length: 411
[36m(RouterManager pid=1850)[0m === RouterManager iteration 670 ===
[36m(RouterManager pid=1850)[0m self.req_queue.waiting_req_list length: 411
[36m(RouterManager pid=1850)[0m === RouterManager iteration 672 ===
[36m(RouterManager pid=1850)[0m self.req_queue.waiting_req_list length: 414
[36m(RouterManager pid=1850)[0m === RouterManager iteration 674 ===
[36m(RouterManager pid=1850)[0m self.req_queue.waiting_req_list length: 414
[36m(RouterManager pid=1850)[0m === RouterManager iteration 676 ===
[36m(RouterManager pid=1850)[0m self.req_queue.waiting_req_list length: 414
[36m(RouterManager pid=1850)[0m === RouterManager iteration 678 ===
[36m(RouterManager pid=1850)[0m self.req_queue.waiting_req_list length: 414
[36m(RouterManager pid=1850)[0m === RouterManager iteration 680 ===
[36m(RouterManager pid=1850)[0m self.req_queue.waiting_req_list length: 414
[36m(RouterManager pid=1850)[0m [Router ReqQueue] Req chatcmpl-7843659a6a1648fe8049a358601767f8 in_time: 680253.5461, out_time: 680331.2903, total wait time: 77.7442 seconds
[36m(RouterManager pid=1850)[0m [Router ReqQueue] Req chatcmpl-afa196ce1ff94d13a75e83ac2a654f84 in_time: 680254.7848, out_time: 680331.2903, total wait time: 76.5055 seconds
[36m(RouterManager pid=1850)[0m [Router ReqQueue] Req chatcmpl-54fef45bbe8e42b7970c4ef7b0dba0f2 in_time: 680254.9502, out_time: 680331.2904, total wait time: 76.3401 seconds
[36m(RouterManager pid=1850)[0m [Router ReqQueue] Req chatcmpl-9e61adcf7a4f460c8b27c9cc62788898 in_time: 680255.2019, out_time: 680331.2904, total wait time: 76.0884 seconds
[36m(RouterManager pid=1850)[0m [Router ReqQueue] Req chatcmpl-b2ec0ff508de4049ba24deca3a4520e1 in_time: 680255.2462, out_time: 680331.2904, total wait time: 76.0442 seconds
[36m(RouterManager pid=1850)[0m [Router ReqQueue] Req chatcmpl-7e07ae55d1d44f15924d4b151457439a in_time: 680255.2502, out_time: 680331.2904, total wait time: 76.0402 seconds
[36m(RouterManager pid=1850)[0m [Router ReqQueue] Req chatcmpl-c84c0cdc3be44e9588ec3053a60e7652 in_time: 680255.2749, out_time: 680331.2904, total wait time: 76.0155 seconds
[36m(RouterManager pid=1850)[0m [Router ReqQueue] Req chatcmpl-290147a767f448958f69bd99b6fe3a3d in_time: 680255.6507, out_time: 680331.2904, total wait time: 75.6397 seconds
[36m(RouterManager pid=1850)[0m [Router ReqQueue] Req chatcmpl-f676bfd07c2e4885b65b8f6173f6a3a0 in_time: 680255.7857, out_time: 680331.2904, total wait time: 75.5047 seconds
[36m(RouterManager pid=1850)[0m [Router ReqQueue] Req chatcmpl-aef66b814bb54b52acd6394b67f96418 in_time: 680255.9241, out_time: 680331.2904, total wait time: 75.3664 seconds
[36m(RouterManager pid=1850)[0m [Router ReqQueue] Req chatcmpl-7bab59a6715e448282b73cb5456e987f in_time: 680255.9649, out_time: 680331.2904, total wait time: 75.3255 seconds
[36m(RouterManager pid=1850)[0m [Router ReqQueue] Req chatcmpl-f85f3740741f42f6828e48ffe209cff3 in_time: 680256.1252, out_time: 680331.2904, total wait time: 75.1652 seconds
[36m(RouterManager pid=1850)[0m [Router ReqQueue] Req chatcmpl-7b014870918043b6953b932f5a5f37d8 in_time: 680256.1277, out_time: 680331.2905, total wait time: 75.1627 seconds
[36m(RouterManager pid=1850)[0m [Router ReqQueue] Req chatcmpl-74b9ba632d8a43e2b1535aeba8bc8494 in_time: 680256.2753, out_time: 680331.2905, total wait time: 75.0151 seconds
[36m(RouterManager pid=1850)[0m [Router ReqQueue] Req chatcmpl-43bd8e3ea8644570aa6b5ed6a3f509bc in_time: 680256.7547, out_time: 680331.2905, total wait time: 74.5357 seconds
[36m(RouterManager pid=1850)[0m [Router ReqQueue] Req chatcmpl-b0cc27249bd1441092c50b3b5523865a in_time: 680257.0906, out_time: 680331.2905, total wait time: 74.1998 seconds
[36m(RouterManager pid=1850)[0m [Router ReqQueue] Req chatcmpl-3ed1b108ed934ea7b44cac13daf9b926 in_time: 680257.1181, out_time: 680331.2905, total wait time: 74.1724 seconds
[36m(RouterManager pid=1850)[0m [Router ReqQueue] Req chatcmpl-94c9dca1c75740448c27391ae76bf275 in_time: 680257.2635, out_time: 680331.2905, total wait time: 74.0270 seconds
[36m(RouterManager pid=1850)[0m [Router ReqQueue] Req chatcmpl-d4ef88132cc24527a81caba331fde1ff in_time: 680257.2976, out_time: 680331.2905, total wait time: 73.9929 seconds
[36m(RouterManager pid=1850)[0m [Router ReqQueue] Req chatcmpl-09c445c334324c549f46b789708c1f8d in_time: 680257.4170, out_time: 680331.2905, total wait time: 73.8735 seconds
[36m(RouterManager pid=1850)[0m [Router ReqQueue] Req chatcmpl-d4e541eec8e741319e69164cce08e145 in_time: 680257.5633, out_time: 680331.2905, total wait time: 73.7273 seconds
[36m(RouterManager pid=1850)[0m [Router ReqQueue] Req chatcmpl-c1911cac4e004df58cc7daf805b06593 in_time: 680257.9555, out_time: 680331.2905, total wait time: 73.3351 seconds
[36m(RouterManager pid=1850)[0m [Router ReqQueue] Req chatcmpl-570c638d164e46a1a649fc84f4931617 in_time: 680257.9791, out_time: 680331.2905, total wait time: 73.3114 seconds
[36m(RouterManager pid=1850)[0m [Router ReqQueue] Req chatcmpl-110c2f1dfe92437f99cc7c6c23ef817b in_time: 680258.0430, out_time: 680331.2906, total wait time: 73.2476 seconds
[36m(RouterManager pid=1850)[0m [Router ReqQueue] Req chatcmpl-6f23a5a5bb7b438795f9950a8bfc6ba0 in_time: 680258.5617, out_time: 680331.2906, total wait time: 72.7289 seconds
[36m(RouterManager pid=1850)[0m [Router ReqQueue] Req chatcmpl-bb41011a85b44c7b844afa8c995e6d80 in_time: 680258.6447, out_time: 680331.2906, total wait time: 72.6458 seconds
[36m(RouterManager pid=1850)[0m [Router ReqQueue] Req chatcmpl-350f2d24159d4c7b9d663f7770188ad6 in_time: 680258.6517, out_time: 680331.2906, total wait time: 72.6389 seconds
[36m(RouterManager pid=1850)[0m [Router ReqQueue] Req chatcmpl-582e26553c2f4252a70de4c11c0bbcee in_time: 680258.7398, out_time: 680331.2906, total wait time: 72.5508 seconds
[36m(RouterManager pid=1850)[0m [Router ReqQueue] Req chatcmpl-1277f91bb3bd46868103c2a611152828 in_time: 680259.1768, out_time: 680331.2906, total wait time: 72.1138 seconds
[36m(RouterManager pid=1850)[0m [Router ReqQueue] Req chatcmpl-3268b8db26b140c6ad80400dd76b1371 in_time: 680259.3073, out_time: 680331.2906, total wait time: 71.9833 seconds
[36m(RouterManager pid=1850)[0m [Router ReqQueue] Req chatcmpl-96ced8eb16524f73a191fdc6cab97923 in_time: 680259.7376, out_time: 680331.2906, total wait time: 71.5531 seconds
[36m(RouterManager pid=1850)[0m [Router ReqQueue] Req chatcmpl-378b6eb0d15c4e75ad38e3468f50c1b2 in_time: 680259.7489, out_time: 680331.2906, total wait time: 71.5417 seconds
[36m(RouterManager pid=1850)[0m [Router ReqQueue] Req chatcmpl-a5fc369e6b0c46cea5a5cd0bc3aa5343 in_time: 680260.8347, out_time: 680331.2907, total wait time: 70.4559 seconds
[36m(RouterManager pid=1850)[0m [Router ReqQueue] Req chatcmpl-8ef83024316c443ba0ce23226fa222a9 in_time: 680260.9085, out_time: 680331.2907, total wait time: 70.3821 seconds
[36m(RouterManager pid=1850)[0m [Router ReqQueue] Req chatcmpl-1759842a30ca48cc90e56a9cf4c33081 in_time: 680261.1304, out_time: 680331.2907, total wait time: 70.1603 seconds
[36m(RouterManager pid=1850)[0m [Router ReqQueue] Req chatcmpl-102996e5ff6f42e0a98888add49a42ca in_time: 680261.1724, out_time: 680331.2907, total wait time: 70.1182 seconds
[36m(RouterManager pid=1850)[0m [Router ReqQueue] Req chatcmpl-cbcc2658b2744b209a5854c6509721cd in_time: 680261.4717, out_time: 680331.2907, total wait time: 69.8190 seconds
[36m(RouterManager pid=1850)[0m [Router ReqQueue] Req chatcmpl-fe38c8e546594a38918a8b684051b85c in_time: 680261.5117, out_time: 680331.2907, total wait time: 69.7790 seconds
[36m(RouterManager pid=1850)[0m [Router ReqQueue] Req chatcmpl-9b5c68a3c5974ede83654de3c9d2038e in_time: 680261.5394, out_time: 680331.2907, total wait time: 69.7513 seconds
[36m(RouterManager pid=1850)[0m [Router ReqQueue] Req chatcmpl-f82d8fc8991f49eea1a2f3ec6b0917ff in_time: 680261.6920, out_time: 680331.2907, total wait time: 69.5987 seconds
[36m(RouterManager pid=1850)[0m [Router ReqQueue] Req chatcmpl-3a01bd2729184efaa4d862f0999745bb in_time: 680261.9480, out_time: 680331.2907, total wait time: 69.3427 seconds
[36m(RouterManager pid=1850)[0m [Router ReqQueue] Req chatcmpl-8e4775ee50b04464b214594cf46dd03b in_time: 680261.9924, out_time: 680331.2907, total wait time: 69.2983 seconds
[36m(RouterManager pid=1850)[0m [Router ReqQueue] Req chatcmpl-2e7b02089f354a63ab2cd00fa6bf484a in_time: 680262.4274, out_time: 680331.2907, total wait time: 68.8634 seconds
[36m(RouterManager pid=1850)[0m [Router ReqQueue] Req chatcmpl-057bae18be5c4334b8da586893515c92 in_time: 680262.6109, out_time: 680331.2908, total wait time: 68.6799 seconds
[36m(RouterManager pid=1850)[0m [Router ReqQueue] Req chatcmpl-39a876c1e71d49caa7458cdae0e8af9a in_time: 680262.6220, out_time: 680331.2908, total wait time: 68.6688 seconds
[36m(RouterManager pid=1850)[0m [Router ReqQueue] Req chatcmpl-4f54685429c841db88cce2cae164b072 in_time: 680262.8411, out_time: 680331.2908, total wait time: 68.4496 seconds
[36m(RouterManager pid=1850)[0m [Router ReqQueue] Req chatcmpl-0037f89f3716488fa8b1e7cd9066229f in_time: 680262.9443, out_time: 680331.2908, total wait time: 68.3465 seconds
[36m(RouterManager pid=1850)[0m [Router ReqQueue] Req chatcmpl-bbd0d758b03043e296c650ff58ec3516 in_time: 680263.1068, out_time: 680331.2908, total wait time: 68.1840 seconds
[36m(RouterManager pid=1850)[0m [Router ReqQueue] Req chatcmpl-ad46d24119c144b6807fd10139f70875 in_time: 680263.1194, out_time: 680331.2908, total wait time: 68.1714 seconds
[36m(RouterManager pid=1850)[0m [Router ReqQueue] Req chatcmpl-c910af37c2df49adad97843ef01c82eb in_time: 680263.3424, out_time: 680331.2908, total wait time: 67.9484 seconds
[36m(RouterManager pid=1850)[0m [Router ReqQueue] Req chatcmpl-298cd7abc58748e18debcddd0311cf2e in_time: 680263.6367, out_time: 680331.2908, total wait time: 67.6541 seconds
[36m(RouterManager pid=1850)[0m [Router ReqQueue] Req chatcmpl-8b24b53d5d694bbfaec82730ca44676f in_time: 680263.6618, out_time: 680331.2908, total wait time: 67.6291 seconds
[36m(RouterManager pid=1850)[0m [Router ReqQueue] Req chatcmpl-609d922550cf4837a86089ca8fcbbcb6 in_time: 680263.7051, out_time: 680331.2908, total wait time: 67.5857 seconds
[36m(RouterManager pid=1850)[0m [Router ReqQueue] Req chatcmpl-70f7b4cf45c1423985d1deff54e97a7c in_time: 680264.1037, out_time: 680331.2908, total wait time: 67.1871 seconds
[36m(RouterManager pid=1850)[0m [Router ReqQueue] Req chatcmpl-caaf133b34fe4afba0a5e008fecefe30 in_time: 680264.1741, out_time: 680331.2909, total wait time: 67.1167 seconds
[36m(RouterManager pid=1850)[0m [Router ReqQueue] Req chatcmpl-32f3c5b6e10a4340aab365efcc028ba9 in_time: 680264.1768, out_time: 680331.2909, total wait time: 67.1141 seconds
[36m(RouterManager pid=1850)[0m [Router ReqQueue] Req chatcmpl-cd1bc652565c4a5da3bfb3d2a4cfab42 in_time: 680264.3243, out_time: 680331.2909, total wait time: 66.9666 seconds
[36m(RouterManager pid=1850)[0m [Router ReqQueue] Req chatcmpl-7b19385d1d5040be8262b352ee2c1d90 in_time: 680265.2658, out_time: 680331.2909, total wait time: 66.0251 seconds
[36m(RouterManager pid=1850)[0m [Router ReqQueue] Req chatcmpl-25845ea7395c49be8cbfe10a6ca81d56 in_time: 680265.3051, out_time: 680331.2909, total wait time: 65.9858 seconds
[36m(RouterManager pid=1850)[0m [Router ReqQueue] Req chatcmpl-5393fae3db1946d3beba3a085e59f46d in_time: 680265.5011, out_time: 680331.2909, total wait time: 65.7898 seconds
[36m(RouterManager pid=1850)[0m [Router ReqQueue] Req chatcmpl-4456a0f6fb3346d39bb3a1edea41e09d in_time: 680265.5484, out_time: 680331.2909, total wait time: 65.7425 seconds
[36m(RouterManager pid=1850)[0m [Router ReqQueue] Req chatcmpl-e8fa25adbce74f1ab9cb9766d3132730 in_time: 680265.6432, out_time: 680331.2909, total wait time: 65.6477 seconds
[36m(RouterManager pid=1850)[0m [Router ReqQueue] Req chatcmpl-7bbba67f80454ade9cd5086f9f484bff in_time: 680265.7165, out_time: 680331.2909, total wait time: 65.5744 seconds
[36m(RouterManager pid=1850)[0m [Router ReqQueue] Req chatcmpl-2d6dff2e5d11415c9c0406062e69e925 in_time: 680265.9290, out_time: 680331.2909, total wait time: 65.3619 seconds
[36m(RouterManager pid=1850)[0m [Router ReqQueue] Req chatcmpl-bc258c965e7b41af8be6a9c1d01eb456 in_time: 680266.8833, out_time: 680331.2910, total wait time: 64.4077 seconds
[36m(RouterManager pid=1850)[0m [Router ReqQueue] Req chatcmpl-ab6c06caf43e4fa4be690369e2ee0b7a in_time: 680267.0336, out_time: 680331.2910, total wait time: 64.2573 seconds
[36m(RouterManager pid=1850)[0m [Router ReqQueue] Req chatcmpl-29f933c841b34e09a7dc923fb2d356c3 in_time: 680267.2943, out_time: 680331.2910, total wait time: 63.9966 seconds
[36m(RouterManager pid=1850)[0m [Router ReqQueue] Req chatcmpl-139ae9f152c841189d0e97cdb2ee7bc1 in_time: 680267.3378, out_time: 680331.2910, total wait time: 63.9531 seconds
[36m(RouterManager pid=1850)[0m [Router ReqQueue] Req chatcmpl-5d7bf45be318476d88ca3c6741438dc2 in_time: 680267.7427, out_time: 680331.2910, total wait time: 63.5483 seconds
[36m(RouterManager pid=1850)[0m [Router ReqQueue] Req chatcmpl-c23476a1deda4f3b8b1cb30eb3ba8223 in_time: 680267.7439, out_time: 680331.2910, total wait time: 63.5471 seconds
[36m(RouterManager pid=1850)[0m [Router ReqQueue] Req chatcmpl-19eddcaf09064e49887a4392b5fa4189 in_time: 680267.8109, out_time: 680331.2910, total wait time: 63.4801 seconds
[36m(RouterManager pid=1850)[0m [Router ReqQueue] Req chatcmpl-20f89654f0144ef29a4c10aed52c2629 in_time: 680267.9269, out_time: 680331.2910, total wait time: 63.3641 seconds
[36m(RouterManager pid=1850)[0m [Router ReqQueue] Req chatcmpl-9e86af5109f24f22ba0cdea3198b5c74 in_time: 680268.1864, out_time: 680331.2910, total wait time: 63.1047 seconds
[36m(RouterManager pid=1850)[0m [Router ReqQueue] Req chatcmpl-410b0ce81f3f4dfebab47afecfa4fcee in_time: 680268.2188, out_time: 680331.2910, total wait time: 63.0723 seconds
[36m(RouterManager pid=1850)[0m [Router ReqQueue] Req chatcmpl-9d3ad702267b425c9f50f9bdf9b8eaae in_time: 680268.4373, out_time: 680331.2910, total wait time: 62.8537 seconds
[36m(RouterManager pid=1850)[0m [Router ReqQueue] Req chatcmpl-ed2e0992d5aa4a81acb1591d270776e0 in_time: 680268.5409, out_time: 680331.2911, total wait time: 62.7501 seconds
[36m(RouterManager pid=1850)[0m [Router ReqQueue] Req chatcmpl-288b3356013b4050afb6875c6eb107c0 in_time: 680268.6627, out_time: 680331.2911, total wait time: 62.6283 seconds
[36m(RouterManager pid=1850)[0m [Router ReqQueue] Req chatcmpl-1a1332d72c6a43beb79a972738bbe4d5 in_time: 680268.8037, out_time: 680331.2911, total wait time: 62.4874 seconds
[36m(RouterManager pid=1850)[0m [Router ReqQueue] Req chatcmpl-c774cc2a98fe4a448430d4187e79f358 in_time: 680269.0540, out_time: 680331.2911, total wait time: 62.2371 seconds
[36m(RouterManager pid=1850)[0m [Router ReqQueue] Req chatcmpl-00055f86748c4a7181ca2e1f35d7c9c1 in_time: 680269.2497, out_time: 680331.2911, total wait time: 62.0414 seconds
[36m(RouterManager pid=1850)[0m [Router ReqQueue] Req chatcmpl-25eb1cc3b651447192f5791d74099800 in_time: 680269.5363, out_time: 680331.2911, total wait time: 61.7547 seconds
[36m(RouterManager pid=1850)[0m [Router ReqQueue] Req chatcmpl-46b9d94816b644a8bdfb70161b8d1ca8 in_time: 680269.7303, out_time: 680331.2911, total wait time: 61.5608 seconds
[36m(RouterManager pid=1850)[0m [Router ReqQueue] Req chatcmpl-1d63500679374e24bb588d45b85d10d5 in_time: 680269.9016, out_time: 680331.2911, total wait time: 61.3895 seconds
[36m(RouterManager pid=1850)[0m [Router ReqQueue] Req chatcmpl-3be6946b043349af9fdbe1a243a09683 in_time: 680270.3745, out_time: 680331.2911, total wait time: 60.9167 seconds
[36m(RouterManager pid=1850)[0m [Router ReqQueue] Req chatcmpl-6cab1106227f4c49adba30a10dfd005a in_time: 680270.6939, out_time: 680331.2911, total wait time: 60.5972 seconds
[36m(RouterManager pid=1850)[0m [Router ReqQueue] Req chatcmpl-ed1c98e3b9024644b2a58444b7197570 in_time: 680271.0999, out_time: 680331.2911, total wait time: 60.1912 seconds
[36m(RouterManager pid=1850)[0m [Router ReqQueue] Req chatcmpl-89d1c0e770a0445eab03876218b3411b in_time: 680271.4275, out_time: 680331.2912, total wait time: 59.8637 seconds
[36m(RouterManager pid=1850)[0m [Router ReqQueue] Req chatcmpl-663967fe57e5432aa14679c75f99dd7d in_time: 680271.5640, out_time: 680331.2912, total wait time: 59.7272 seconds
[36m(RouterManager pid=1850)[0m [Router ReqQueue] Req chatcmpl-75701a4ea75843d4b33a945f98b1e90f in_time: 680271.8020, out_time: 680331.2912, total wait time: 59.4892 seconds
[36m(RouterManager pid=1850)[0m [Router ReqQueue] Req chatcmpl-0250e02d23a34cfbbc146d67d5cfceb0 in_time: 680271.8806, out_time: 680331.2912, total wait time: 59.4106 seconds
[36m(RouterManager pid=1850)[0m [Router ReqQueue] Req chatcmpl-6192d9c07f4c44d98ab828a80b8ebdec in_time: 680272.0244, out_time: 680331.2912, total wait time: 59.2668 seconds
[36m(RouterManager pid=1850)[0m [Router ReqQueue] Req chatcmpl-bc5ebdb5c15d42a5ba0d02b9fd4ba2b2 in_time: 680272.0559, out_time: 680331.2912, total wait time: 59.2353 seconds
[36m(RouterManager pid=1850)[0m [Router ReqQueue] Req chatcmpl-e7ad9c1a3ed845aeabae4d790b67394f in_time: 680272.2530, out_time: 680331.2912, total wait time: 59.0382 seconds
[36m(RouterManager pid=1850)[0m [Router ReqQueue] Req chatcmpl-9d0dd831092f4f5cb1eef1bfa595a46c in_time: 680272.7533, out_time: 680331.2912, total wait time: 58.5380 seconds
[36m(RouterManager pid=1850)[0m [Router ReqQueue] Req chatcmpl-f2f9ad40bde64e12b2da8b0001465133 in_time: 680272.9607, out_time: 680331.2912, total wait time: 58.3305 seconds
[36m(RouterManager pid=1850)[0m [Router ReqQueue] Req chatcmpl-0e98100deb0a4c9d9ed47b85ebb4d870 in_time: 680273.2756, out_time: 680331.2912, total wait time: 58.0156 seconds
[36m(RouterManager pid=1850)[0m [Router ReqQueue] Req chatcmpl-1898fc506e2544009dc9f78899b31c14 in_time: 680273.4063, out_time: 680331.2913, total wait time: 57.8850 seconds
[36m(RouterManager pid=1850)[0m [Router ReqQueue] Req chatcmpl-6bc2312f8d7a42338358b2d70e012213 in_time: 680273.6106, out_time: 680331.2913, total wait time: 57.6807 seconds
[36m(RouterManager pid=1850)[0m [Router ReqQueue] Req chatcmpl-e79a87ffd4bc4ccbbe6eaa9680404056 in_time: 680273.8158, out_time: 680331.2913, total wait time: 57.4755 seconds
[36m(RouterManager pid=1850)[0m [Router ReqQueue] Req chatcmpl-0c0ea041af2a4070b055102927c60a20 in_time: 680274.0363, out_time: 680331.2913, total wait time: 57.2550 seconds
[36m(RouterManager pid=1850)[0m [Router ReqQueue] Req chatcmpl-8fbe2190ea1b4a509c46395fc5c38493 in_time: 680274.3485, out_time: 680331.2913, total wait time: 56.9428 seconds
[36m(RouterManager pid=1850)[0m [Router ReqQueue] Req chatcmpl-9c1a21fb6bdb403aa8cb156a8773f353 in_time: 680274.8512, out_time: 680331.2913, total wait time: 56.4402 seconds
[36m(RouterManager pid=1850)[0m [Router ReqQueue] Req chatcmpl-1c1b3b43919d40d78da0869a210de60f in_time: 680274.9033, out_time: 680331.2913, total wait time: 56.3880 seconds
[36m(RouterManager pid=1850)[0m [Router ReqQueue] Req chatcmpl-ee182a232e3d4badbbacab610022b8a8 in_time: 680275.1201, out_time: 680331.2913, total wait time: 56.1712 seconds
[36m(RouterManager pid=1850)[0m [Router ReqQueue] Req chatcmpl-1c6dcea0faae45b691ff66954338f27d in_time: 680275.2102, out_time: 680331.2913, total wait time: 56.0812 seconds
[36m(RouterManager pid=1850)[0m [Router ReqQueue] Req chatcmpl-18351a69880c4f2e87c488beb3184af6 in_time: 680275.2357, out_time: 680331.2913, total wait time: 56.0556 seconds
[36m(RouterManager pid=1850)[0m [Router ReqQueue] Req chatcmpl-6e3a22a52b0746aa87445516e9768057 in_time: 680275.2577, out_time: 680331.2914, total wait time: 56.0336 seconds
[36m(RouterManager pid=1850)[0m [Router ReqQueue] Req chatcmpl-80a03c20aa9345928b885f34c015cf39 in_time: 680275.4018, out_time: 680331.2914, total wait time: 55.8896 seconds
[36m(RouterManager pid=1850)[0m [Router ReqQueue] Req chatcmpl-c2eca750d155426da456adceaabed535 in_time: 680275.6382, out_time: 680331.2914, total wait time: 55.6532 seconds
[36m(RouterManager pid=1850)[0m [Router ReqQueue] Req chatcmpl-3027d238e268432e94bb8bd77becbd8a in_time: 680275.6975, out_time: 680331.2914, total wait time: 55.5938 seconds
[36m(RouterManager pid=1850)[0m [Router ReqQueue] Req chatcmpl-7ce774053d434605a77d7b47edf49d7e in_time: 680275.7879, out_time: 680331.2914, total wait time: 55.5035 seconds
[36m(RouterManager pid=1850)[0m [Router ReqQueue] Req chatcmpl-d88211841a7f41b6a06fa7a338a75620 in_time: 680276.0633, out_time: 680331.2914, total wait time: 55.2281 seconds
[36m(RouterManager pid=1850)[0m [Router ReqQueue] Req chatcmpl-39318e3687a8495cacdabe45fdd6966b in_time: 680276.5263, out_time: 680331.2914, total wait time: 54.7651 seconds
[36m(RouterManager pid=1850)[0m [Router ReqQueue] Req chatcmpl-73338a6a947d41e48b07364b42c403f1 in_time: 680276.7265, out_time: 680331.2914, total wait time: 54.5649 seconds
[36m(RouterManager pid=1850)[0m [Router ReqQueue] Req chatcmpl-77f0654f9bf7495b8fe656bd3bc97691 in_time: 680276.8810, out_time: 680331.2914, total wait time: 54.4104 seconds
[36m(RouterManager pid=1850)[0m [Router ReqQueue] Req chatcmpl-720a8002eb044986b1d6ae0d877e6420 in_time: 680276.9096, out_time: 680331.2914, total wait time: 54.3819 seconds
[36m(RouterManager pid=1850)[0m [Router ReqQueue] Req chatcmpl-940759b0baf047e2b506bdf87ef24607 in_time: 680276.9209, out_time: 680331.2915, total wait time: 54.3706 seconds
[36m(RouterManager pid=1850)[0m [Router ReqQueue] Req chatcmpl-d25cf940072e4db384f05a7f71f15dc6 in_time: 680276.9969, out_time: 680331.2915, total wait time: 54.2946 seconds
[36m(RouterManager pid=1850)[0m [Router ReqQueue] Req chatcmpl-d94c367150df4030a197730f7dc0b671 in_time: 680277.0438, out_time: 680331.2915, total wait time: 54.2477 seconds
[36m(RouterManager pid=1850)[0m [Router ReqQueue] Req chatcmpl-0795ce074e76429984a037470c345da8 in_time: 680277.3116, out_time: 680331.2915, total wait time: 53.9799 seconds
[36m(RouterManager pid=1850)[0m [Router ReqQueue] Req chatcmpl-5230b35156304948b53e776546481173 in_time: 680277.5340, out_time: 680331.2915, total wait time: 53.7575 seconds
[36m(RouterManager pid=1850)[0m [Router ReqQueue] Req chatcmpl-d2d71b2a757f4ffbb7570da76be944d2 in_time: 680277.6436, out_time: 680331.2915, total wait time: 53.6479 seconds
[36m(RouterManager pid=1850)[0m [Router ReqQueue] Req chatcmpl-36575bb6030f44bcbf201c8e3e5132fc in_time: 680278.1197, out_time: 680331.2915, total wait time: 53.1719 seconds
[36m(RouterManager pid=1850)[0m [Router ReqQueue] Req chatcmpl-854bf36639b84594a51fede5ed45825d in_time: 680278.3660, out_time: 680331.2915, total wait time: 52.9255 seconds
[36m(RouterManager pid=1850)[0m [Router ReqQueue] Req chatcmpl-8c738996a6514668a0c993fa0a808f37 in_time: 680278.3766, out_time: 680331.2915, total wait time: 52.9149 seconds
[36m(RouterManager pid=1850)[0m [Router ReqQueue] Req chatcmpl-fe0dec62b6884d0da68da2af99272367 in_time: 680278.4864, out_time: 680331.2915, total wait time: 52.8052 seconds
[36m(RouterManager pid=1850)[0m [Router ReqQueue] Req chatcmpl-49c1dd06d26241d5ad0dcd7473bef9e8 in_time: 680278.5240, out_time: 680331.2916, total wait time: 52.7676 seconds
[36m(RouterManager pid=1850)[0m [Router ReqQueue] Req chatcmpl-b2df28928a0c4d01b13c3c716867e515 in_time: 680278.7994, out_time: 680331.2916, total wait time: 52.4921 seconds
[36m(RouterManager pid=1850)[0m [Router ReqQueue] Req chatcmpl-3248cee3e27c45708899cc3ddbd8e9e4 in_time: 680278.8259, out_time: 680331.2916, total wait time: 52.4657 seconds
[36m(RouterManager pid=1850)[0m [Router ReqQueue] Req chatcmpl-b3f14067b91a43faa81f34fa83987b45 in_time: 680279.0236, out_time: 680331.2916, total wait time: 52.2679 seconds
[36m(RouterManager pid=1850)[0m [Router ReqQueue] Req chatcmpl-ac368fa6eba54bdb906a9d33e7d27442 in_time: 680279.1470, out_time: 680331.2916, total wait time: 52.1446 seconds
[36m(RouterManager pid=1850)[0m [Router ReqQueue] Req chatcmpl-0cece03034fb4a9781601909bda610db in_time: 680279.3367, out_time: 680331.2916, total wait time: 51.9549 seconds
[36m(RouterManager pid=1850)[0m [Router ReqQueue] Req chatcmpl-5f03af85a5144d75b3b9e3ce3187c0b2 in_time: 680279.5829, out_time: 680331.2916, total wait time: 51.7087 seconds
[36m(RouterManager pid=1850)[0m [Router ReqQueue] Req chatcmpl-e0371e44debb4e3ea3e0d78966c9834b in_time: 680279.5909, out_time: 680331.2916, total wait time: 51.7008 seconds
[36m(RouterManager pid=1850)[0m [Router ReqQueue] Req chatcmpl-84a058fe4f804ee1b5cf182069969324 in_time: 680279.8242, out_time: 680331.2916, total wait time: 51.4674 seconds
[36m(RouterManager pid=1850)[0m [Router ReqQueue] Req chatcmpl-5dacf4a1206d41f8ac0108ee64812e07 in_time: 680279.9039, out_time: 680331.2916, total wait time: 51.3878 seconds
[36m(RouterManager pid=1850)[0m [Router ReqQueue] Req chatcmpl-de0df8be06ba4d699bdf6446b5485ddc in_time: 680279.9174, out_time: 680331.2916, total wait time: 51.3742 seconds
[36m(RouterManager pid=1850)[0m [Router ReqQueue] Req chatcmpl-808dc0e51be34c60ab64691c9a557e9d in_time: 680279.9686, out_time: 680331.2917, total wait time: 51.3231 seconds
[36m(RouterManager pid=1850)[0m [Router ReqQueue] Req chatcmpl-bf2dfafa7d7b41a28056052cba27bbdb in_time: 680280.1420, out_time: 680331.2917, total wait time: 51.1497 seconds
[36m(RouterManager pid=1850)[0m [Router ReqQueue] Req chatcmpl-0796492a0fcc489fb1f472e82a35c6f6 in_time: 680280.2589, out_time: 680331.2917, total wait time: 51.0327 seconds
[36m(RouterManager pid=1850)[0m [Router ReqQueue] Req chatcmpl-fccc5a51944b4e1f99da2cd4a02ed102 in_time: 680280.3157, out_time: 680331.2917, total wait time: 50.9759 seconds
[36m(RouterManager pid=1850)[0m [Router ReqQueue] Req chatcmpl-ff18ddd74f8a434daa6d77e61fbd0200 in_time: 680280.5367, out_time: 680331.2917, total wait time: 50.7549 seconds
[36m(RouterManager pid=1850)[0m [Router ReqQueue] Req chatcmpl-f357400c03284a58b8d1fb93edcd6d57 in_time: 680280.5546, out_time: 680331.2917, total wait time: 50.7371 seconds
[36m(RouterManager pid=1850)[0m [Router ReqQueue] Req chatcmpl-7957ddbf8cf245c0aec5e82b25103512 in_time: 680280.5940, out_time: 680331.2917, total wait time: 50.6977 seconds
[36m(RouterManager pid=1850)[0m [Router ReqQueue] Req chatcmpl-65ac2a7786a04f758c67255ca0d93e94 in_time: 680281.1199, out_time: 680331.2917, total wait time: 50.1718 seconds
[36m(RouterManager pid=1850)[0m [Router ReqQueue] Req chatcmpl-5970e68ea93c47da9c10aed6c13bcb71 in_time: 680281.2180, out_time: 680331.2917, total wait time: 50.0737 seconds
[36m(RouterManager pid=1850)[0m [Router ReqQueue] Req chatcmpl-3aaa7a0322f444e8adc5ee66357d31d5 in_time: 680281.4556, out_time: 680331.2917, total wait time: 49.8361 seconds
[36m(RouterManager pid=1850)[0m [Router ReqQueue] Req chatcmpl-7192018dabb248b18f7454b196673fd7 in_time: 680281.7156, out_time: 680331.2917, total wait time: 49.5761 seconds
[36m(RouterManager pid=1850)[0m [Router ReqQueue] Req chatcmpl-bb364117c84445e2a1fad6e4dea75317 in_time: 680282.0531, out_time: 680331.2918, total wait time: 49.2386 seconds
[36m(RouterManager pid=1850)[0m [Router ReqQueue] Req chatcmpl-17496c4236df4522bc5d6db25800c166 in_time: 680282.0798, out_time: 680331.2918, total wait time: 49.2120 seconds
[36m(RouterManager pid=1850)[0m [Router ReqQueue] Req chatcmpl-6442ad33e4f04a33918ca64c7b4433dc in_time: 680282.2654, out_time: 680331.2918, total wait time: 49.0264 seconds
[36m(RouterManager pid=1850)[0m [Router ReqQueue] Req chatcmpl-fc9b2d92f7d94809876ad235d7722eaa in_time: 680282.5451, out_time: 680331.2918, total wait time: 48.7466 seconds
[36m(RouterManager pid=1850)[0m [Router ReqQueue] Req chatcmpl-60d447eebb9a4a848547580734c702c5 in_time: 680282.7336, out_time: 680331.2918, total wait time: 48.5582 seconds
[36m(RouterManager pid=1850)[0m [Router ReqQueue] Req chatcmpl-f04d2a7ff644458c81f36493e84cc4d1 in_time: 680283.2248, out_time: 680331.2918, total wait time: 48.0670 seconds
[36m(RouterManager pid=1850)[0m [Loongserve manager] scheduling time: 19.29 ms
[36m(RouterManager pid=1850)[0m [Loongserve manager] prefill and decoding batch scheduling results:
[36m(RouterManager pid=1850)[0m     running decode batch id: 765a4c0fb9f046e58dfbef6cb006cdd4, req num: 107, occupied instances: [3, 1], batch_used_tokens_sum: 412652
[36m(RouterManager pid=1850)[0m     prefill batch id: 216a3631aa624b4e836f003f2247e320, req num: 154, occupied instances: [0, 2], batch_used_tokens_sum: 0
[36m(RouterManager pid=1850)[0m [Loongserve manager] running batch id: 216a3631aa624b4e836f003f2247e320, req num: 154, occupied instances: [0, 2], batch_used_tokens_sum: 426117
[36m(RouterManager pid=1850)[0m === RouterManager iteration 682 ===
[36m(RouterManager pid=1850)[0m self.req_queue.waiting_req_list length: 429
[36m(RouterManager pid=1850)[0m === RouterManager iteration 684 ===
[36m(RouterManager pid=1850)[0m self.req_queue.waiting_req_list length: 429
[36m(RouterManager pid=1850)[0m === RouterManager iteration 686 ===
[36m(RouterManager pid=1850)[0m self.req_queue.waiting_req_list length: 429
[36m(RouterManager pid=1850)[0m === RouterManager iteration 688 ===
[36m(RouterManager pid=1850)[0m self.req_queue.waiting_req_list length: 429
[36m(RouterManager pid=1850)[0m === RouterManager iteration 690 ===
[36m(RouterManager pid=1850)[0m self.req_queue.waiting_req_list length: 429
[36m(RouterManager pid=1850)[0m === RouterManager iteration 692 ===
[36m(RouterManager pid=1850)[0m self.req_queue.waiting_req_list length: 430
[36m(RouterManager pid=1850)[0m === RouterManager iteration 694 ===
[36m(RouterManager pid=1850)[0m self.req_queue.waiting_req_list length: 431
[36m(RouterManager pid=1850)[0m === RouterManager iteration 696 ===
[36m(RouterManager pid=1850)[0m self.req_queue.waiting_req_list length: 431
[36m(RouterManager pid=1850)[0m === RouterManager iteration 698 ===
[36m(RouterManager pid=1850)[0m self.req_queue.waiting_req_list length: 432
[36m(RouterManager pid=1850)[0m === RouterManager iteration 700 ===
[36m(RouterManager pid=1850)[0m self.req_queue.waiting_req_list length: 433
[36m(RouterManager pid=1850)[0m === RouterManager iteration 702 ===
[36m(RouterManager pid=1850)[0m self.req_queue.waiting_req_list length: 434
[36m(RouterManager pid=1850)[0m [Router ReqQueue] Req chatcmpl-7b2d1a09100c4f9f8e4406beed1a2f89 in_time: 680294.5023, out_time: 680375.5936, total wait time: 81.0914 seconds
[36m(RouterManager pid=1850)[0m [Router ReqQueue] Req chatcmpl-b3081e91f4e14a43ba4537758f584e2b in_time: 680294.5751, out_time: 680375.5937, total wait time: 81.0185 seconds
[36m(RouterManager pid=1850)[0m [Router ReqQueue] Req chatcmpl-b3f5a17b7bc9415aafde30060e57cd53 in_time: 680295.1708, out_time: 680375.5937, total wait time: 80.4229 seconds
[36m(RouterManager pid=1850)[0m [Router ReqQueue] Req chatcmpl-73080d2315f54be0b0c972201b588abb in_time: 680295.1930, out_time: 680375.5937, total wait time: 80.4006 seconds
[36m(RouterManager pid=1850)[0m [Router ReqQueue] Req chatcmpl-8a0500054c08404a84efcbc6ee1385b0 in_time: 680295.2337, out_time: 680375.5937, total wait time: 80.3600 seconds
[36m(RouterManager pid=1850)[0m [Router ReqQueue] Req chatcmpl-8015467582e54da1bcf75d5538d279a2 in_time: 680295.5054, out_time: 680375.5937, total wait time: 80.0883 seconds
[36m(RouterManager pid=1850)[0m [Router ReqQueue] Req chatcmpl-10f13f89b6844b09be97a7b66f84adf9 in_time: 680296.4298, out_time: 680375.5937, total wait time: 79.1639 seconds
[36m(RouterManager pid=1850)[0m [Router ReqQueue] Req chatcmpl-00a418b9055b42ab8225cbe3edafca43 in_time: 680297.2311, out_time: 680375.5937, total wait time: 78.3626 seconds
[36m(RouterManager pid=1850)[0m [Router ReqQueue] Req chatcmpl-2d6596b3c0d6423ebf362a45feab30b2 in_time: 680297.2442, out_time: 680375.5937, total wait time: 78.3495 seconds
[36m(RouterManager pid=1850)[0m [Router ReqQueue] Req chatcmpl-aad42484dd914d8b9719cddf5bb373b4 in_time: 680297.4722, out_time: 680375.5938, total wait time: 78.1216 seconds
[36m(RouterManager pid=1850)[0m [Router ReqQueue] Req chatcmpl-88c70435c2734b2eba6bcff388cc3991 in_time: 680297.8647, out_time: 680375.5938, total wait time: 77.7290 seconds
[36m(RouterManager pid=1850)[0m [Router ReqQueue] Req chatcmpl-5bd5ad5b5b834c52b772d374431db327 in_time: 680298.0957, out_time: 680375.5938, total wait time: 77.4981 seconds
[36m(RouterManager pid=1850)[0m [Router ReqQueue] Req chatcmpl-4c9dc15bd1934daaa985d09e720bde77 in_time: 680298.1414, out_time: 680375.5938, total wait time: 77.4523 seconds
[36m(RouterManager pid=1850)[0m [Router ReqQueue] Req chatcmpl-573d2dbb55ad494bb944abac025b4a2b in_time: 680298.2878, out_time: 680375.5938, total wait time: 77.3060 seconds
[36m(RouterManager pid=1850)[0m [Router ReqQueue] Req chatcmpl-a8e1005890964fccb371de65a69b2dd1 in_time: 680298.7372, out_time: 680375.5938, total wait time: 76.8566 seconds
[36m(RouterManager pid=1850)[0m [Router ReqQueue] Req chatcmpl-17e305e995644a23bb36dbc048c3d3ec in_time: 680298.9547, out_time: 680375.5938, total wait time: 76.6391 seconds
[36m(RouterManager pid=1850)[0m [Router ReqQueue] Req chatcmpl-2e3d549c79f041fd8d4e1693469f86e4 in_time: 680299.0636, out_time: 680375.5938, total wait time: 76.5302 seconds
[36m(RouterManager pid=1850)[0m [Router ReqQueue] Req chatcmpl-0a3a968dc8a241d0aa560b25e0f02a2a in_time: 680299.1114, out_time: 680375.5938, total wait time: 76.4824 seconds
[36m(RouterManager pid=1850)[0m [Router ReqQueue] Req chatcmpl-71acde07f02c4c6183d6725f67a70b36 in_time: 680299.1871, out_time: 680375.5938, total wait time: 76.4067 seconds
[36m(RouterManager pid=1850)[0m [Router ReqQueue] Req chatcmpl-a9a0e591c75449e0b6c1ec8051044de6 in_time: 680299.1944, out_time: 680375.5938, total wait time: 76.3995 seconds
[36m(RouterManager pid=1850)[0m [Router ReqQueue] Req chatcmpl-1893ef0d70c84995b8eedd04bdc6e91a in_time: 680299.3837, out_time: 680375.5939, total wait time: 76.2102 seconds
[36m(RouterManager pid=1850)[0m [Router ReqQueue] Req chatcmpl-6fc53457af46453b94c41feed751e6d8 in_time: 680299.4378, out_time: 680375.5939, total wait time: 76.1561 seconds
[36m(RouterManager pid=1850)[0m [Router ReqQueue] Req chatcmpl-4584f61cafc344cc9575017fd9e10ffd in_time: 680299.4431, out_time: 680375.5939, total wait time: 76.1508 seconds
[36m(RouterManager pid=1850)[0m [Router ReqQueue] Req chatcmpl-5569a96f87d84541960b288ff2b3aace in_time: 680299.6689, out_time: 680375.5939, total wait time: 75.9250 seconds
[36m(RouterManager pid=1850)[0m [Router ReqQueue] Req chatcmpl-b2776cd0f1d34b839fbc50174b04ea3c in_time: 680299.7074, out_time: 680375.5939, total wait time: 75.8865 seconds
[36m(RouterManager pid=1850)[0m [Router ReqQueue] Req chatcmpl-afbad34f64bb48cdb6a4fd6c6574ae59 in_time: 680299.7223, out_time: 680375.5939, total wait time: 75.8717 seconds
[36m(RouterManager pid=1850)[0m [Router ReqQueue] Req chatcmpl-fe7216a1b1014465911996fb579b7291 in_time: 680299.7469, out_time: 680375.5939, total wait time: 75.8470 seconds
[36m(RouterManager pid=1850)[0m [Router ReqQueue] Req chatcmpl-596fc696d7e34433a4fcf2eb7c05fbca in_time: 680299.7689, out_time: 680375.5939, total wait time: 75.8251 seconds
[36m(RouterManager pid=1850)[0m [Router ReqQueue] Req chatcmpl-98616b81311f443682c14810afa631a9 in_time: 680299.7713, out_time: 680375.5939, total wait time: 75.8226 seconds
[36m(RouterManager pid=1850)[0m [Router ReqQueue] Req chatcmpl-115efbd575144bceaacb02e8ffc3048d in_time: 680299.7991, out_time: 680375.5939, total wait time: 75.7949 seconds
[36m(RouterManager pid=1850)[0m [Router ReqQueue] Req chatcmpl-654acf8987774f689256adc8a4fd9c3b in_time: 680299.9224, out_time: 680375.5940, total wait time: 75.6716 seconds
[36m(RouterManager pid=1850)[0m [Router ReqQueue] Req chatcmpl-ee7ae020088b41d0b90f2435eddc080c in_time: 680299.9393, out_time: 680375.5940, total wait time: 75.6547 seconds
[36m(RouterManager pid=1850)[0m [Router ReqQueue] Req chatcmpl-498f761e09c04da19379bbf39aa7439e in_time: 680300.0999, out_time: 680375.5940, total wait time: 75.4941 seconds
[36m(RouterManager pid=1850)[0m [Router ReqQueue] Req chatcmpl-e38561a5292746a2aa2f96307adac653 in_time: 680300.1283, out_time: 680375.5940, total wait time: 75.4656 seconds
[36m(RouterManager pid=1850)[0m [Router ReqQueue] Req chatcmpl-1f10d640af684bf0834d6c647ea10bce in_time: 680300.2685, out_time: 680375.5940, total wait time: 75.3255 seconds
[36m(RouterManager pid=1850)[0m [Router ReqQueue] Req chatcmpl-be747ca09037408fb3c2613aad66fc32 in_time: 680300.5184, out_time: 680375.5940, total wait time: 75.0756 seconds
[36m(RouterManager pid=1850)[0m [Router ReqQueue] Req chatcmpl-7f7b0814960647b7b96fe27046b4dc08 in_time: 680300.6038, out_time: 680375.5940, total wait time: 74.9902 seconds
[36m(RouterManager pid=1850)[0m [Router ReqQueue] Req chatcmpl-3d0a485cf23c4d608b17255c7663c750 in_time: 680300.6765, out_time: 680375.5940, total wait time: 74.9175 seconds
[36m(RouterManager pid=1850)[0m [Router ReqQueue] Req chatcmpl-be56eeace66f4468a34cb20ba13df2f7 in_time: 680300.6780, out_time: 680375.5940, total wait time: 74.9160 seconds
[36m(RouterManager pid=1850)[0m [Router ReqQueue] Req chatcmpl-7cdad7bb51fa4beea3a51f89612d1f22 in_time: 680301.0005, out_time: 680375.5940, total wait time: 74.5935 seconds
[36m(RouterManager pid=1850)[0m [Router ReqQueue] Req chatcmpl-09338252b09747cfa3cd7d0647ffacc6 in_time: 680301.2086, out_time: 680375.5941, total wait time: 74.3854 seconds
[36m(RouterManager pid=1850)[0m [Router ReqQueue] Req chatcmpl-1e7f679cc60e48e98ebf33d591904fe6 in_time: 680301.2485, out_time: 680375.5941, total wait time: 74.3456 seconds
[36m(RouterManager pid=1850)[0m [Router ReqQueue] Req chatcmpl-98f726c1ef9e45d9a41f78c956d94a50 in_time: 680301.9930, out_time: 680375.5941, total wait time: 73.6011 seconds
[36m(RouterManager pid=1850)[0m [Router ReqQueue] Req chatcmpl-fc3313c0de174fb992974a114a77190a in_time: 680302.4730, out_time: 680375.5941, total wait time: 73.1211 seconds
[36m(RouterManager pid=1850)[0m [Router ReqQueue] Req chatcmpl-ac267b4706804d40a40d2e9eef2005b3 in_time: 680302.6987, out_time: 680375.5941, total wait time: 72.8954 seconds
[36m(RouterManager pid=1850)[0m [Router ReqQueue] Req chatcmpl-fb687a4354894d3ca4e99a5cb9d6e738 in_time: 680302.9891, out_time: 680375.5941, total wait time: 72.6050 seconds
[36m(RouterManager pid=1850)[0m [Router ReqQueue] Req chatcmpl-0a1a3afe5bcf46b5a77a4ac3d7440e43 in_time: 680303.0152, out_time: 680375.5941, total wait time: 72.5789 seconds
[36m(RouterManager pid=1850)[0m [Router ReqQueue] Req chatcmpl-1c3d9daa8dbc4c449b4756f5487ffd6a in_time: 680303.5493, out_time: 680375.5941, total wait time: 72.0448 seconds
[36m(RouterManager pid=1850)[0m [Router ReqQueue] Req chatcmpl-55adc7d5cc7247869570fa1d62e447a9 in_time: 680303.6910, out_time: 680375.5941, total wait time: 71.9031 seconds
[36m(RouterManager pid=1850)[0m [Router ReqQueue] Req chatcmpl-fe8819c5c5f44db8bbb5ea9c2a7cd5c4 in_time: 680303.8739, out_time: 680375.5941, total wait time: 71.7202 seconds
[36m(RouterManager pid=1850)[0m [Router ReqQueue] Req chatcmpl-d49b1812278b4a54a9d24a698094786a in_time: 680304.0134, out_time: 680375.5942, total wait time: 71.5807 seconds
[36m(RouterManager pid=1850)[0m [Router ReqQueue] Req chatcmpl-38e993fd41894ece90b8ffcb8cab7e06 in_time: 680304.1299, out_time: 680375.5942, total wait time: 71.4643 seconds
[36m(RouterManager pid=1850)[0m [Router ReqQueue] Req chatcmpl-16fbf8117306402aa05b28759d9c9fdb in_time: 680304.2058, out_time: 680375.5942, total wait time: 71.3884 seconds
[36m(RouterManager pid=1850)[0m [Router ReqQueue] Req chatcmpl-4d2943104780446bbb1222af2f6aec74 in_time: 680304.3581, out_time: 680375.5942, total wait time: 71.2361 seconds
[36m(RouterManager pid=1850)[0m [Router ReqQueue] Req chatcmpl-6a38c2eec985468e9fae7fe1cc12d63c in_time: 680304.3628, out_time: 680375.5942, total wait time: 71.2314 seconds
[36m(RouterManager pid=1850)[0m [Router ReqQueue] Req chatcmpl-c8630f595b3d4303adf26c21820ab6eb in_time: 680304.6843, out_time: 680375.5942, total wait time: 70.9099 seconds
[36m(RouterManager pid=1850)[0m [Router ReqQueue] Req chatcmpl-a2109437bc2d47d2823c1d7253116673 in_time: 680304.8206, out_time: 680375.5942, total wait time: 70.7736 seconds
[36m(RouterManager pid=1850)[0m [Router ReqQueue] Req chatcmpl-392ccccf89794ae48f257bb90b45fe53 in_time: 680305.0341, out_time: 680375.5942, total wait time: 70.5601 seconds
[36m(RouterManager pid=1850)[0m [Router ReqQueue] Req chatcmpl-955bfb98c8dd4944a5adf2ec86d44d4a in_time: 680305.0775, out_time: 680375.5942, total wait time: 70.5167 seconds
[36m(RouterManager pid=1850)[0m [Router ReqQueue] Req chatcmpl-5a35fdc7fe16462ea6c1a04cfccc489a in_time: 680305.2040, out_time: 680375.5942, total wait time: 70.3902 seconds
[36m(RouterManager pid=1850)[0m [Router ReqQueue] Req chatcmpl-e5acb195e05645a4a2c62b69c9ed166d in_time: 680305.5314, out_time: 680375.5942, total wait time: 70.0629 seconds
[36m(RouterManager pid=1850)[0m [Router ReqQueue] Req chatcmpl-51dd926bdb8b4a47831ffbc304b7ce4d in_time: 680305.7567, out_time: 680375.5943, total wait time: 69.8375 seconds
[36m(RouterManager pid=1850)[0m [Router ReqQueue] Req chatcmpl-8ac71b8956354d478f6171a5a6f184f3 in_time: 680305.8171, out_time: 680375.5943, total wait time: 69.7771 seconds
[36m(RouterManager pid=1850)[0m [Router ReqQueue] Req chatcmpl-46355796242f4f7a963c120423bf9eda in_time: 680305.9879, out_time: 680375.5943, total wait time: 69.6064 seconds
[36m(RouterManager pid=1850)[0m [Router ReqQueue] Req chatcmpl-0a9da181c66e4c1f85c48da873c81318 in_time: 680306.0191, out_time: 680375.5943, total wait time: 69.5752 seconds
[36m(RouterManager pid=1850)[0m [Router ReqQueue] Req chatcmpl-50d68e6c58464bbf82a9148484814fa4 in_time: 680306.1139, out_time: 680375.5943, total wait time: 69.4804 seconds
[36m(RouterManager pid=1850)[0m [Router ReqQueue] Req chatcmpl-63e7bfea99ac42ceb0db7eae3a872e28 in_time: 680306.2036, out_time: 680375.5943, total wait time: 69.3907 seconds
[36m(RouterManager pid=1850)[0m [Router ReqQueue] Req chatcmpl-15814abf56fd4935a52a2d208ea09830 in_time: 680306.2269, out_time: 680375.5943, total wait time: 69.3674 seconds
[36m(RouterManager pid=1850)[0m [Router ReqQueue] Req chatcmpl-0037e351919e4dfc986589222281bf5f in_time: 680306.3462, out_time: 680375.5943, total wait time: 69.2481 seconds
[36m(RouterManager pid=1850)[0m [Router ReqQueue] Req chatcmpl-19265e055cc54a5992198f0113ab6bdb in_time: 680306.4095, out_time: 680375.5943, total wait time: 69.1849 seconds
[36m(RouterManager pid=1850)[0m [Router ReqQueue] Req chatcmpl-c2c6e32dbe6941d6814aa74fb1d9df27 in_time: 680306.4324, out_time: 680375.5943, total wait time: 69.1620 seconds
[36m(RouterManager pid=1850)[0m [Router ReqQueue] Req chatcmpl-c07e03c29d054ec596ffd3ce595d54d2 in_time: 680306.6278, out_time: 680375.5944, total wait time: 68.9665 seconds
[36m(RouterManager pid=1850)[0m [Router ReqQueue] Req chatcmpl-cb8042b82df14faab7c0bccee2ca83ef in_time: 680306.7091, out_time: 680375.5944, total wait time: 68.8853 seconds
[36m(RouterManager pid=1850)[0m [Router ReqQueue] Req chatcmpl-7c2b7bbe223b4ddea28523818bb90640 in_time: 680306.7105, out_time: 680375.5944, total wait time: 68.8839 seconds
[36m(RouterManager pid=1850)[0m [Router ReqQueue] Req chatcmpl-e02504b68fff4c40b177811bde4afcb8 in_time: 680306.9383, out_time: 680375.5944, total wait time: 68.6560 seconds
[36m(RouterManager pid=1850)[0m [Router ReqQueue] Req chatcmpl-416f8b8e6dab4fcf98c5bbd81eb850bc in_time: 680306.9515, out_time: 680375.5944, total wait time: 68.6429 seconds
[36m(RouterManager pid=1850)[0m [Router ReqQueue] Req chatcmpl-a649b607f84d4846a1461a56ca9dba26 in_time: 680307.3027, out_time: 680375.5944, total wait time: 68.2917 seconds
[36m(RouterManager pid=1850)[0m [Router ReqQueue] Req chatcmpl-7a873dfa908b4c598082aed1d7438e46 in_time: 680307.7834, out_time: 680375.5944, total wait time: 67.8110 seconds
[36m(RouterManager pid=1850)[0m [Router ReqQueue] Req chatcmpl-ff137dfe798c4669a338e3f23643e90f in_time: 680308.2974, out_time: 680375.5944, total wait time: 67.2970 seconds
[36m(RouterManager pid=1850)[0m [Router ReqQueue] Req chatcmpl-0cf1c151f4a54381b2567f4cbbf44ee4 in_time: 680308.6147, out_time: 680375.5944, total wait time: 66.9798 seconds
[36m(RouterManager pid=1850)[0m [Router ReqQueue] Req chatcmpl-98704e2ceb184a21a2c52a05eae6bfda in_time: 680309.0373, out_time: 680375.5944, total wait time: 66.5571 seconds
[36m(RouterManager pid=1850)[0m [Router ReqQueue] Req chatcmpl-664af068c0744abbb4ed43275dda07ab in_time: 680309.3233, out_time: 680375.5944, total wait time: 66.2711 seconds
[36m(RouterManager pid=1850)[0m [Router ReqQueue] Req chatcmpl-8c0af8b9f7d54990aa20cc55a1ddac18 in_time: 680309.7688, out_time: 680375.5945, total wait time: 65.8257 seconds
[36m(RouterManager pid=1850)[0m [Router ReqQueue] Req chatcmpl-e0a8824936224446b6a6aeb2f558fd4e in_time: 680309.8272, out_time: 680375.5945, total wait time: 65.7673 seconds
[36m(RouterManager pid=1850)[0m [Router ReqQueue] Req chatcmpl-c850341bb0064fbe9b0daeb56dda2e48 in_time: 680310.1044, out_time: 680375.5945, total wait time: 65.4900 seconds
[36m(RouterManager pid=1850)[0m [Router ReqQueue] Req chatcmpl-8e54e346e5c1481893e1b475c586f649 in_time: 680310.5505, out_time: 680375.5945, total wait time: 65.0440 seconds
[36m(RouterManager pid=1850)[0m [Router ReqQueue] Req chatcmpl-5ce92964f7d341cfa778d53cbe9557e0 in_time: 680310.6743, out_time: 680375.5945, total wait time: 64.9202 seconds
[36m(RouterManager pid=1850)[0m [Router ReqQueue] Req chatcmpl-f64a19f7713240f88e38e5c0dbb771b1 in_time: 680310.8798, out_time: 680375.5945, total wait time: 64.7147 seconds
[36m(RouterManager pid=1850)[0m [Router ReqQueue] Req chatcmpl-00c517b0ab60497991b9cbc981217b39 in_time: 680310.9694, out_time: 680375.5945, total wait time: 64.6251 seconds
[36m(RouterManager pid=1850)[0m [Router ReqQueue] Req chatcmpl-a471cdcbf3a64093abc29a23e207d6c1 in_time: 680311.0190, out_time: 680375.5945, total wait time: 64.5755 seconds
[36m(RouterManager pid=1850)[0m [Router ReqQueue] Req chatcmpl-edffb17ade7e49b3818075edd8d9d2f4 in_time: 680311.1372, out_time: 680375.5945, total wait time: 64.4573 seconds
[36m(RouterManager pid=1850)[0m [Router ReqQueue] Req chatcmpl-b10607ca76b74623a622e68a9f34f88b in_time: 680311.2059, out_time: 680375.5945, total wait time: 64.3886 seconds
[36m(RouterManager pid=1850)[0m [Router ReqQueue] Req chatcmpl-45cd7b23842745f4b659a512549bed06 in_time: 680311.3624, out_time: 680375.5945, total wait time: 64.2321 seconds
[36m(RouterManager pid=1850)[0m [Router ReqQueue] Req chatcmpl-5c2cb57b001743c898a9b5d19cf2c0d5 in_time: 680311.3839, out_time: 680375.5946, total wait time: 64.2106 seconds
[36m(RouterManager pid=1850)[0m [Router ReqQueue] Req chatcmpl-11ef37c52a2c4ea7a60e40d62af41816 in_time: 680311.8302, out_time: 680375.5946, total wait time: 63.7643 seconds
[36m(RouterManager pid=1850)[0m [Router ReqQueue] Req chatcmpl-0597189e2522449682d14bc0373ba339 in_time: 680311.9789, out_time: 680375.5946, total wait time: 63.6157 seconds
[36m(RouterManager pid=1850)[0m [Router ReqQueue] Req chatcmpl-47ac1024c4424c63b0354b25d1209a5e in_time: 680311.9915, out_time: 680375.5946, total wait time: 63.6031 seconds
[36m(RouterManager pid=1850)[0m [Router ReqQueue] Req chatcmpl-47e98e3bccbe448eabe23e3885217e36 in_time: 680312.0504, out_time: 680375.5946, total wait time: 63.5442 seconds
[36m(RouterManager pid=1850)[0m [Router ReqQueue] Req chatcmpl-511701ca874c4cc5a0e86f16d16a2879 in_time: 680312.3554, out_time: 680375.5946, total wait time: 63.2392 seconds
[36m(RouterManager pid=1850)[0m [Router ReqQueue] Req chatcmpl-d0cb3e882a574506906522c78c068a5f in_time: 680312.7044, out_time: 680375.5946, total wait time: 62.8903 seconds
[36m(RouterManager pid=1850)[0m [Router ReqQueue] Req chatcmpl-b83b918e494f4f1595d7f8b57e21753a in_time: 680313.0177, out_time: 680375.5946, total wait time: 62.5769 seconds
[36m(RouterManager pid=1850)[0m [Router ReqQueue] Req chatcmpl-ec822aab1111438c9b76ad4466c158b1 in_time: 680313.2281, out_time: 680375.5946, total wait time: 62.3665 seconds
[36m(RouterManager pid=1850)[0m [Router ReqQueue] Req chatcmpl-6e5778f396a94658a4e643d944811735 in_time: 680313.2400, out_time: 680375.5946, total wait time: 62.3546 seconds
[36m(RouterManager pid=1850)[0m [Router ReqQueue] Req chatcmpl-80f6eb410cb34f00a25957cab71f0381 in_time: 680313.6611, out_time: 680375.5947, total wait time: 61.9336 seconds
[36m(RouterManager pid=1850)[0m [Router ReqQueue] Req chatcmpl-da39131aa69d4730b278a33dc74fd1a8 in_time: 680314.1439, out_time: 680375.5947, total wait time: 61.4508 seconds
[36m(RouterManager pid=1850)[0m [Router ReqQueue] Req chatcmpl-d6f086ec19734904af25cb02ef05b7b6 in_time: 680314.2119, out_time: 680375.5947, total wait time: 61.3828 seconds
[36m(RouterManager pid=1850)[0m [Router ReqQueue] Req chatcmpl-1c077166a62e4bdfae43e89b4a537b3f in_time: 680314.9302, out_time: 680375.5947, total wait time: 60.6645 seconds
[36m(RouterManager pid=1850)[0m [Router ReqQueue] Req chatcmpl-8babf6e8bf3241eeb8fa96474e5148cb in_time: 680315.0031, out_time: 680375.5947, total wait time: 60.5916 seconds
[36m(RouterManager pid=1850)[0m [Router ReqQueue] Req chatcmpl-9dd36508b3614a14909fcf08e7f6aafd in_time: 680315.3968, out_time: 680375.5947, total wait time: 60.1979 seconds
[36m(RouterManager pid=1850)[0m [Router ReqQueue] Req chatcmpl-e40cd68d2770484480a2d058c1db27b2 in_time: 680315.6480, out_time: 680375.5947, total wait time: 59.9467 seconds
[36m(RouterManager pid=1850)[0m [Router ReqQueue] Req chatcmpl-7fd7285ab1e348cfb23198261437c3a1 in_time: 680315.6904, out_time: 680375.5947, total wait time: 59.9043 seconds
[36m(RouterManager pid=1850)[0m [Router ReqQueue] Req chatcmpl-f6f1176a2f2442a9a53c8bb04ae6a420 in_time: 680315.7676, out_time: 680375.5947, total wait time: 59.8272 seconds
[36m(RouterManager pid=1850)[0m [Router ReqQueue] Req chatcmpl-61556724771c4a0a981ff735827c7c7e in_time: 680315.9989, out_time: 680375.5947, total wait time: 59.5959 seconds
[36m(RouterManager pid=1850)[0m [Loongserve manager] scheduling time: 28.62 ms
[36m(RouterManager pid=1850)[0m [Loongserve manager] prefill and decoding batch scheduling results:
[36m(RouterManager pid=1850)[0m     running decode batch id: 216a3631aa624b4e836f003f2247e320, req num: 154, occupied instances: [2, 0], batch_used_tokens_sum: 427657
[36m(RouterManager pid=1850)[0m     prefill batch id: c4055fc929954840933589e4d0495a7f, req num: 113, occupied instances: [1, 3], batch_used_tokens_sum: 0
[36m(RouterManager pid=1850)[0m [Loongserve manager] running batch id: c4055fc929954840933589e4d0495a7f, req num: 113, occupied instances: [1, 3], batch_used_tokens_sum: 400298
[36m(RouterManager pid=1850)[0m === RouterManager iteration 704 ===
[36m(RouterManager pid=1850)[0m self.req_queue.waiting_req_list length: 520
[36m(RouterManager pid=1850)[0m === RouterManager iteration 706 ===
[36m(RouterManager pid=1850)[0m self.req_queue.waiting_req_list length: 520
[36m(RouterManager pid=1850)[0m === RouterManager iteration 708 ===
[36m(RouterManager pid=1850)[0m self.req_queue.waiting_req_list length: 520
[36m(RouterManager pid=1850)[0m === RouterManager iteration 710 ===
[36m(RouterManager pid=1850)[0m self.req_queue.waiting_req_list length: 520
[36m(RouterManager pid=1850)[0m === RouterManager iteration 712 ===
[36m(RouterManager pid=1850)[0m self.req_queue.waiting_req_list length: 520
[36m(RouterManager pid=1850)[0m === RouterManager iteration 714 ===
[36m(RouterManager pid=1850)[0m self.req_queue.waiting_req_list length: 520
[36m(RouterManager pid=1850)[0m === RouterManager iteration 716 ===
[36m(RouterManager pid=1850)[0m self.req_queue.waiting_req_list length: 520
[36m(RouterManager pid=1850)[0m === RouterManager iteration 718 ===
[36m(RouterManager pid=1850)[0m self.req_queue.waiting_req_list length: 520
[36m(RouterManager pid=1850)[0m === RouterManager iteration 720 ===
[36m(RouterManager pid=1850)[0m self.req_queue.waiting_req_list length: 520
[36m(RouterManager pid=1850)[0m === RouterManager iteration 722 ===
[36m(RouterManager pid=1850)[0m self.req_queue.waiting_req_list length: 520
[36m(RouterManager pid=1850)[0m === RouterManager iteration 724 ===
[36m(RouterManager pid=1850)[0m self.req_queue.waiting_req_list length: 520
[36m(RouterManager pid=1850)[0m [Router ReqQueue] Req chatcmpl-af71e519051b41a4b23b96a16e28e002 in_time: 680318.1805, out_time: 680422.7028, total wait time: 104.5223 seconds
[36m(RouterManager pid=1850)[0m [Router ReqQueue] Req chatcmpl-c7ccc2e38fed4654925a563730efcf76 in_time: 680319.1875, out_time: 680422.7028, total wait time: 103.5153 seconds
[36m(RouterManager pid=1850)[0m [Router ReqQueue] Req chatcmpl-8b72732628d24d57b78dda44b2b9e028 in_time: 680319.2550, out_time: 680422.7029, total wait time: 103.4478 seconds
[36m(RouterManager pid=1850)[0m [Router ReqQueue] Req chatcmpl-6ac96dd878d940e3a12b7dad177b1cb3 in_time: 680319.2670, out_time: 680422.7029, total wait time: 103.4359 seconds
[36m(RouterManager pid=1850)[0m [Router ReqQueue] Req chatcmpl-57ed5bdaac8b4034a5a5d7881219eddd in_time: 680319.3571, out_time: 680422.7029, total wait time: 103.3458 seconds
[36m(RouterManager pid=1850)[0m [Router ReqQueue] Req chatcmpl-33a01c40d8244dcf81f19a9621d8f1cc in_time: 680319.4281, out_time: 680422.7029, total wait time: 103.2748 seconds
[36m(RouterManager pid=1850)[0m [Router ReqQueue] Req chatcmpl-049a962d67824f67a1f599f6d5b53a0d in_time: 680319.9757, out_time: 680422.7029, total wait time: 102.7272 seconds
[36m(RouterManager pid=1850)[0m [Router ReqQueue] Req chatcmpl-0d3b8e4caa824294beb8d77624f18d70 in_time: 680320.0074, out_time: 680422.7029, total wait time: 102.6955 seconds
[36m(RouterManager pid=1850)[0m [Router ReqQueue] Req chatcmpl-9c50d132bb31494e83f68c027ab3673f in_time: 680320.1341, out_time: 680422.7029, total wait time: 102.5688 seconds
[36m(RouterManager pid=1850)[0m [Router ReqQueue] Req chatcmpl-83cd168c27ef406eb00f4c56f47f56f1 in_time: 680320.3999, out_time: 680422.7029, total wait time: 102.3031 seconds
[36m(RouterManager pid=1850)[0m [Router ReqQueue] Req chatcmpl-6144f74c0a6b43e78b6610bbdd14ce73 in_time: 680320.7056, out_time: 680422.7029, total wait time: 101.9973 seconds
[36m(RouterManager pid=1850)[0m [Router ReqQueue] Req chatcmpl-347a1f191f5f49dc876af874eacffc0d in_time: 680320.8260, out_time: 680422.7029, total wait time: 101.8769 seconds
[36m(RouterManager pid=1850)[0m [Router ReqQueue] Req chatcmpl-a0aeaf20744a4e96bb9735a7b1f47bc6 in_time: 680320.9429, out_time: 680422.7030, total wait time: 101.7600 seconds
[36m(RouterManager pid=1850)[0m [Router ReqQueue] Req chatcmpl-d20c38586f4741f9b50061108f41da50 in_time: 680320.9891, out_time: 680422.7030, total wait time: 101.7138 seconds
[36m(RouterManager pid=1850)[0m [Router ReqQueue] Req chatcmpl-22a53bf917d7409298afecbd6779be8b in_time: 680321.1228, out_time: 680422.7030, total wait time: 101.5802 seconds
[36m(RouterManager pid=1850)[0m [Router ReqQueue] Req chatcmpl-c1e789c65ffd484fbd9f6b6eac44c3f1 in_time: 680321.2657, out_time: 680422.7030, total wait time: 101.4373 seconds
[36m(RouterManager pid=1850)[0m [Router ReqQueue] Req chatcmpl-c95b7fef04704347a69554857b963c3a in_time: 680321.2830, out_time: 680422.7030, total wait time: 101.4200 seconds
[36m(RouterManager pid=1850)[0m [Router ReqQueue] Req chatcmpl-ebfc1079f1f741e6a9c897dbcfaf2b3a in_time: 680321.4462, out_time: 680422.7030, total wait time: 101.2568 seconds
[36m(RouterManager pid=1850)[0m [Router ReqQueue] Req chatcmpl-ecc91eb9617e4e2a8d64aa6f1f1905ab in_time: 680321.6460, out_time: 680422.7030, total wait time: 101.0570 seconds
[36m(RouterManager pid=1850)[0m [Router ReqQueue] Req chatcmpl-18f5ecbcf5604db388f26ea3ca3475de in_time: 680321.6625, out_time: 680422.7030, total wait time: 101.0405 seconds
[36m(RouterManager pid=1850)[0m [Router ReqQueue] Req chatcmpl-43e2c55c4e294dd8b0c4c366af8bfee2 in_time: 680321.7144, out_time: 680422.7030, total wait time: 100.9886 seconds
[36m(RouterManager pid=1850)[0m [Router ReqQueue] Req chatcmpl-e88e5874c76a4f1a94500aca7c358ef7 in_time: 680321.8922, out_time: 680422.7030, total wait time: 100.8109 seconds
[36m(RouterManager pid=1850)[0m [Router ReqQueue] Req chatcmpl-7d1b64e9ca674a1ab4cce58f19b1556c in_time: 680322.1571, out_time: 680422.7030, total wait time: 100.5459 seconds
[36m(RouterManager pid=1850)[0m [Router ReqQueue] Req chatcmpl-c2cef464ac464748ac0c3583040257a3 in_time: 680322.3708, out_time: 680422.7031, total wait time: 100.3322 seconds
[36m(RouterManager pid=1850)[0m [Router ReqQueue] Req chatcmpl-a16e3ea9f63144918cdeded166cdd415 in_time: 680323.0168, out_time: 680422.7031, total wait time: 99.6863 seconds
[36m(RouterManager pid=1850)[0m [Router ReqQueue] Req chatcmpl-5f02528f03674373904c7e981fbff238 in_time: 680323.0203, out_time: 680422.7031, total wait time: 99.6828 seconds
[36m(RouterManager pid=1850)[0m [Router ReqQueue] Req chatcmpl-690777a1301748349c56ac31e42d4ec1 in_time: 680323.0793, out_time: 680422.7031, total wait time: 99.6238 seconds
[36m(RouterManager pid=1850)[0m [Router ReqQueue] Req chatcmpl-45c93880be5a44d5a5268f7a11645dbd in_time: 680323.1186, out_time: 680422.7031, total wait time: 99.5845 seconds
[36m(RouterManager pid=1850)[0m [Router ReqQueue] Req chatcmpl-1d09cd4b07ff4e26ab7bd377d81d53a0 in_time: 680323.2716, out_time: 680422.7031, total wait time: 99.4315 seconds
[36m(RouterManager pid=1850)[0m [Router ReqQueue] Req chatcmpl-00fb2d9cf9e44e94a5c3c984fd29a85d in_time: 680323.4568, out_time: 680422.7031, total wait time: 99.2463 seconds
[36m(RouterManager pid=1850)[0m [Router ReqQueue] Req chatcmpl-841faa3fe3b64806a3f8b79ccddcbbc2 in_time: 680323.5990, out_time: 680422.7031, total wait time: 99.1041 seconds
[36m(RouterManager pid=1850)[0m [Router ReqQueue] Req chatcmpl-3e1c5c1da2b4467db818538ea319275b in_time: 680323.8095, out_time: 680422.7031, total wait time: 98.8936 seconds
[36m(RouterManager pid=1850)[0m [Router ReqQueue] Req chatcmpl-cb5d097a7f934e9e8cd2143709658d5f in_time: 680323.9386, out_time: 680422.7031, total wait time: 98.7646 seconds
[36m(RouterManager pid=1850)[0m [Router ReqQueue] Req chatcmpl-56ecd3761bc8400d9a5b8fd3cb0fa87f in_time: 680324.3254, out_time: 680422.7032, total wait time: 98.3777 seconds
[36m(RouterManager pid=1850)[0m [Router ReqQueue] Req chatcmpl-092e91a39ee045a58e175808015e43ad in_time: 680324.6865, out_time: 680422.7032, total wait time: 98.0167 seconds
[36m(RouterManager pid=1850)[0m [Router ReqQueue] Req chatcmpl-8c7f0322f0e140a4984551ce56c3f4f9 in_time: 680324.8771, out_time: 680422.7032, total wait time: 97.8261 seconds
[36m(RouterManager pid=1850)[0m [Router ReqQueue] Req chatcmpl-16796910711b47649ace39f98628ce65 in_time: 680324.9349, out_time: 680422.7032, total wait time: 97.7683 seconds
[36m(RouterManager pid=1850)[0m [Router ReqQueue] Req chatcmpl-ba06002a9dd9451980344cce8225d0b3 in_time: 680324.9743, out_time: 680422.7032, total wait time: 97.7289 seconds
[36m(RouterManager pid=1850)[0m [Router ReqQueue] Req chatcmpl-5d0c1108be3c43d0a31bbd64abd9516d in_time: 680325.2314, out_time: 680422.7032, total wait time: 97.4718 seconds
[36m(RouterManager pid=1850)[0m [Router ReqQueue] Req chatcmpl-83e343d336d14e79a7ccf15cfb36cc53 in_time: 680325.4000, out_time: 680422.7032, total wait time: 97.3032 seconds
[36m(RouterManager pid=1850)[0m [Router ReqQueue] Req chatcmpl-0713c7beb3684601bfdaedfebfe40cb9 in_time: 680325.5084, out_time: 680422.7032, total wait time: 97.1949 seconds
[36m(RouterManager pid=1850)[0m [Router ReqQueue] Req chatcmpl-6ad326b34a324fe3a5424ab78adbda2d in_time: 680325.9708, out_time: 680422.7032, total wait time: 96.7324 seconds
[36m(RouterManager pid=1850)[0m [Router ReqQueue] Req chatcmpl-690453c3bdb84cc3a1b692a1aeaafaef in_time: 680325.9862, out_time: 680422.7032, total wait time: 96.7171 seconds
[36m(RouterManager pid=1850)[0m [Router ReqQueue] Req chatcmpl-1f9d1c988e5a4f5db4dbfdcb9bc20526 in_time: 680326.1912, out_time: 680422.7032, total wait time: 96.5120 seconds
[36m(RouterManager pid=1850)[0m [Router ReqQueue] Req chatcmpl-ac79583b171540cb9305f5f26321bee0 in_time: 680326.2862, out_time: 680422.7033, total wait time: 96.4171 seconds
[36m(RouterManager pid=1850)[0m [Router ReqQueue] Req chatcmpl-e0231e69f4db48e4af4c72dc11bbe9cc in_time: 680326.5282, out_time: 680422.7033, total wait time: 96.1751 seconds
[36m(RouterManager pid=1850)[0m [Router ReqQueue] Req chatcmpl-618efdad00c04095ac1078a989b85c4a in_time: 680326.6795, out_time: 680422.7033, total wait time: 96.0238 seconds
[36m(RouterManager pid=1850)[0m [Router ReqQueue] Req chatcmpl-d1ad01b364cf4d8798ba29ea6beb6a7c in_time: 680326.8764, out_time: 680422.7033, total wait time: 95.8269 seconds
[36m(RouterManager pid=1850)[0m [Router ReqQueue] Req chatcmpl-9e8cc16bbb2e491683e9dedfef9718e0 in_time: 680326.8879, out_time: 680422.7033, total wait time: 95.8154 seconds
[36m(RouterManager pid=1850)[0m [Router ReqQueue] Req chatcmpl-67aa5487fb1c4194938b076e028d578e in_time: 680326.9763, out_time: 680422.7033, total wait time: 95.7270 seconds
[36m(RouterManager pid=1850)[0m [Router ReqQueue] Req chatcmpl-cc497f2ee0a34ebdb70e598a13b8ea2a in_time: 680327.0565, out_time: 680422.7033, total wait time: 95.6468 seconds
[36m(RouterManager pid=1850)[0m [Router ReqQueue] Req chatcmpl-a01e009228554452bb626c47da1c66dc in_time: 680327.3529, out_time: 680422.7033, total wait time: 95.3504 seconds
[36m(RouterManager pid=1850)[0m [Router ReqQueue] Req chatcmpl-dd4dd7f964df410e84c6c655e6717397 in_time: 680327.3843, out_time: 680422.7033, total wait time: 95.3190 seconds
[36m(RouterManager pid=1850)[0m [Router ReqQueue] Req chatcmpl-792920e3380f4b7c91387782b7c95345 in_time: 680327.6166, out_time: 680422.7033, total wait time: 95.0867 seconds
[36m(RouterManager pid=1850)[0m [Router ReqQueue] Req chatcmpl-c66e500683b64624a235ab7033265456 in_time: 680327.6709, out_time: 680422.7033, total wait time: 95.0324 seconds
[36m(RouterManager pid=1850)[0m [Router ReqQueue] Req chatcmpl-85931451370742cd8e6b420f52aa57e2 in_time: 680327.6773, out_time: 680422.7034, total wait time: 95.0260 seconds
[36m(RouterManager pid=1850)[0m [Router ReqQueue] Req chatcmpl-c73fcfc7162d44aabc0e41b74e692e9c in_time: 680327.9554, out_time: 680422.7034, total wait time: 94.7479 seconds
[36m(RouterManager pid=1850)[0m [Router ReqQueue] Req chatcmpl-a9aa9f2817964c9387920c83f7223884 in_time: 680327.9685, out_time: 680422.7034, total wait time: 94.7349 seconds
[36m(RouterManager pid=1850)[0m [Router ReqQueue] Req chatcmpl-d6918da886644c8d8a01b8358aaec5d9 in_time: 680328.0497, out_time: 680422.7034, total wait time: 94.6536 seconds
[36m(RouterManager pid=1850)[0m [Router ReqQueue] Req chatcmpl-73cb0aac6d804d139d7ec67f8c7bfd4d in_time: 680328.2240, out_time: 680422.7034, total wait time: 94.4794 seconds
[36m(RouterManager pid=1850)[0m [Router ReqQueue] Req chatcmpl-86516b899e0e4128835333aed3b2ac5b in_time: 680328.4243, out_time: 680422.7034, total wait time: 94.2791 seconds
[36m(RouterManager pid=1850)[0m [Router ReqQueue] Req chatcmpl-8134f35f1a7249aeb7db186f9bc5d6e1 in_time: 680328.5016, out_time: 680422.7034, total wait time: 94.2018 seconds
[36m(RouterManager pid=1850)[0m [Router ReqQueue] Req chatcmpl-1e068db8fb5c499faf546ceed6094c37 in_time: 680328.6810, out_time: 680422.7034, total wait time: 94.0224 seconds
[36m(RouterManager pid=1850)[0m [Router ReqQueue] Req chatcmpl-63f9250c99e24a3ab7e777dad587ba8e in_time: 680328.9016, out_time: 680422.7034, total wait time: 93.8018 seconds
[36m(RouterManager pid=1850)[0m [Router ReqQueue] Req chatcmpl-d2f801d8e2244f17bb6e4fc8b430ed9f in_time: 680329.0121, out_time: 680422.7034, total wait time: 93.6913 seconds
[36m(RouterManager pid=1850)[0m [Router ReqQueue] Req chatcmpl-119f1e313aaa46638ec17351a43004d1 in_time: 680329.2038, out_time: 680422.7034, total wait time: 93.4996 seconds
[36m(RouterManager pid=1850)[0m [Router ReqQueue] Req chatcmpl-9fdc301e44dd4034b02ca95444b4f0ac in_time: 680329.3210, out_time: 680422.7035, total wait time: 93.3824 seconds
[36m(RouterManager pid=1850)[0m [Router ReqQueue] Req chatcmpl-a32e793b054b4954ba1739d4cf0ad507 in_time: 680329.4170, out_time: 680422.7035, total wait time: 93.2864 seconds
[36m(RouterManager pid=1850)[0m [Router ReqQueue] Req chatcmpl-b7811574aef54bffaa8282e7f5b6034d in_time: 680329.5481, out_time: 680422.7035, total wait time: 93.1554 seconds
[36m(RouterManager pid=1850)[0m [Router ReqQueue] Req chatcmpl-883c11da828b4f9f8b1b8d63eb8b9f78 in_time: 680329.5502, out_time: 680422.7035, total wait time: 93.1532 seconds
[36m(RouterManager pid=1850)[0m [Router ReqQueue] Req chatcmpl-f4db9ca32da64b24b408e8329460dc12 in_time: 680329.5681, out_time: 680422.7035, total wait time: 93.1354 seconds
[36m(RouterManager pid=1850)[0m [Router ReqQueue] Req chatcmpl-6f96bebd459140bbaec0406b48de6ead in_time: 680329.5971, out_time: 680422.7035, total wait time: 93.1064 seconds
[36m(RouterManager pid=1850)[0m [Router ReqQueue] Req chatcmpl-144dc26ce7d04d7d89994f2da8fb15ba in_time: 680329.6445, out_time: 680422.7035, total wait time: 93.0590 seconds
[36m(RouterManager pid=1850)[0m [Router ReqQueue] Req chatcmpl-b1837fb0fc6d4155b67e69abc0690a65 in_time: 680329.7672, out_time: 680422.7035, total wait time: 92.9363 seconds
[36m(RouterManager pid=1850)[0m [Router ReqQueue] Req chatcmpl-0a9f1459ed2b42618503683bf6234163 in_time: 680329.9712, out_time: 680422.7035, total wait time: 92.7323 seconds
[36m(RouterManager pid=1850)[0m [Router ReqQueue] Req chatcmpl-6476de5e53494fb3a88c58a3e323f398 in_time: 680330.0418, out_time: 680422.7035, total wait time: 92.6617 seconds
[36m(RouterManager pid=1850)[0m [Router ReqQueue] Req chatcmpl-3394e34b6d2b4876a190e788341f4852 in_time: 680330.1814, out_time: 680422.7035, total wait time: 92.5222 seconds
[36m(RouterManager pid=1850)[0m [Router ReqQueue] Req chatcmpl-5c19ab671fd34c0ca2a5ef7f401ecdd3 in_time: 680330.3904, out_time: 680422.7036, total wait time: 92.3132 seconds
[36m(RouterManager pid=1850)[0m [Router ReqQueue] Req chatcmpl-f0c1abd6e80440db84827a305372e741 in_time: 680330.8845, out_time: 680422.7036, total wait time: 91.8190 seconds
[36m(RouterManager pid=1850)[0m [Router ReqQueue] Req chatcmpl-9c9faf97d9e64251a2df140e70962d51 in_time: 680330.8856, out_time: 680422.7036, total wait time: 91.8180 seconds
[36m(RouterManager pid=1850)[0m [Router ReqQueue] Req chatcmpl-85459f1fd1d74ee2acff4f905900ddb7 in_time: 680330.8919, out_time: 680422.7036, total wait time: 91.8116 seconds
[36m(RouterManager pid=1850)[0m [Router ReqQueue] Req chatcmpl-2de805ec57934fc2bd9b75bf5df37321 in_time: 680331.3743, out_time: 680422.7036, total wait time: 91.3293 seconds
[36m(RouterManager pid=1850)[0m [Router ReqQueue] Req chatcmpl-1fc0f4adffe84abd9ebc973d06023755 in_time: 680331.6040, out_time: 680422.7036, total wait time: 91.0996 seconds
[36m(RouterManager pid=1850)[0m [Router ReqQueue] Req chatcmpl-5522c0d48c3244f3bf584c51f8edf6b9 in_time: 680331.6584, out_time: 680422.7036, total wait time: 91.0453 seconds
[36m(RouterManager pid=1850)[0m [Router ReqQueue] Req chatcmpl-32bd7791d00e4ee182b126f0f29e1090 in_time: 680331.8680, out_time: 680422.7036, total wait time: 90.8356 seconds
[36m(RouterManager pid=1850)[0m [Router ReqQueue] Req chatcmpl-f06a5d8a993145ea82816f5aa4b09c07 in_time: 680332.0262, out_time: 680422.7036, total wait time: 90.6774 seconds
[36m(RouterManager pid=1850)[0m [Router ReqQueue] Req chatcmpl-44facff3fd354b218b54f41873ff7530 in_time: 680332.0584, out_time: 680422.7036, total wait time: 90.6452 seconds
[36m(RouterManager pid=1850)[0m [Router ReqQueue] Req chatcmpl-a61fa743165a4c1686efed1f0237a1e2 in_time: 680332.1604, out_time: 680422.7036, total wait time: 90.5433 seconds
[36m(RouterManager pid=1850)[0m [Router ReqQueue] Req chatcmpl-7b09726ab45445e0a6020d9a260dddbf in_time: 680332.7150, out_time: 680422.7037, total wait time: 89.9886 seconds
[36m(RouterManager pid=1850)[0m [Router ReqQueue] Req chatcmpl-5e623678af844c6690999dd24c49600b in_time: 680333.3142, out_time: 680422.7037, total wait time: 89.3894 seconds
[36m(RouterManager pid=1850)[0m [Router ReqQueue] Req chatcmpl-c9e5b52132e8451ea1299e3e821cc3e7 in_time: 680333.3424, out_time: 680422.7037, total wait time: 89.3612 seconds
[36m(RouterManager pid=1850)[0m [Router ReqQueue] Req chatcmpl-4036e49b41db49a0a0c0a28f6992c8ee in_time: 680333.3439, out_time: 680422.7037, total wait time: 89.3598 seconds
[36m(RouterManager pid=1850)[0m [Router ReqQueue] Req chatcmpl-6a24e4db3c374681adb6f5c843aacb0e in_time: 680333.5004, out_time: 680422.7037, total wait time: 89.2033 seconds
[36m(RouterManager pid=1850)[0m [Router ReqQueue] Req chatcmpl-5be52e7e5d6149ffbc12b1357da47249 in_time: 680333.6021, out_time: 680422.7037, total wait time: 89.1016 seconds
[36m(RouterManager pid=1850)[0m [Router ReqQueue] Req chatcmpl-8326ad55c2324961887e7a00a13ea668 in_time: 680333.6107, out_time: 680422.7037, total wait time: 89.0931 seconds
[36m(RouterManager pid=1850)[0m [Router ReqQueue] Req chatcmpl-e91f257113654c9b9d76eb9246f9309c in_time: 680333.9108, out_time: 680422.7037, total wait time: 88.7929 seconds
[36m(RouterManager pid=1850)[0m [Router ReqQueue] Req chatcmpl-72de04aef7934752a210f84de419f77a in_time: 680334.0235, out_time: 680422.7037, total wait time: 88.6802 seconds
[36m(RouterManager pid=1850)[0m [Router ReqQueue] Req chatcmpl-17e239e1deea4c918ff1bdc5e35e376b in_time: 680334.7904, out_time: 680422.7037, total wait time: 87.9133 seconds
[36m(RouterManager pid=1850)[0m [Router ReqQueue] Req chatcmpl-7f27e8de075142929e2862d8eaa08a51 in_time: 680334.9443, out_time: 680422.7038, total wait time: 87.7595 seconds
[36m(RouterManager pid=1850)[0m [Router ReqQueue] Req chatcmpl-e96bddbd92c84603b95273cef30232e8 in_time: 680334.9864, out_time: 680422.7038, total wait time: 87.7173 seconds
[36m(RouterManager pid=1850)[0m [Router ReqQueue] Req chatcmpl-eef0f2f6f7a7439a9a21c6c40546c507 in_time: 680335.0217, out_time: 680422.7038, total wait time: 87.6820 seconds
[36m(RouterManager pid=1850)[0m [Router ReqQueue] Req chatcmpl-dd78feb41cfb4002b43448b86a34c2d4 in_time: 680335.2153, out_time: 680422.7038, total wait time: 87.4885 seconds
[36m(RouterManager pid=1850)[0m [Router ReqQueue] Req chatcmpl-ffee2f633c7549b184558e9598836d9a in_time: 680335.3491, out_time: 680422.7038, total wait time: 87.3547 seconds
[36m(RouterManager pid=1850)[0m [Router ReqQueue] Req chatcmpl-bda56a23f5f34e12aaf2b4ae7381eaab in_time: 680335.6062, out_time: 680422.7038, total wait time: 87.0976 seconds
[36m(RouterManager pid=1850)[0m [Router ReqQueue] Req chatcmpl-21e953982b0949cea9461b748fb1fca7 in_time: 680335.7960, out_time: 680422.7038, total wait time: 86.9078 seconds
[36m(RouterManager pid=1850)[0m [Router ReqQueue] Req chatcmpl-51774f1f197d4475b58f327c68bf5376 in_time: 680336.0439, out_time: 680422.7038, total wait time: 86.6599 seconds
[36m(RouterManager pid=1850)[0m [Router ReqQueue] Req chatcmpl-6d3610b0c01a447fb64256ec0da39268 in_time: 680336.3643, out_time: 680422.7038, total wait time: 86.3395 seconds
[36m(RouterManager pid=1850)[0m [Router ReqQueue] Req chatcmpl-7b7234193e2f470c8d3d51e7187ad643 in_time: 680336.8726, out_time: 680422.7038, total wait time: 85.8312 seconds
[36m(RouterManager pid=1850)[0m [Router ReqQueue] Req chatcmpl-2c89348226f44207b840623b02b35900 in_time: 680336.9789, out_time: 680422.7039, total wait time: 85.7250 seconds
[36m(RouterManager pid=1850)[0m [Router ReqQueue] Req chatcmpl-73a17a4d92864dd1988e04842274d58d in_time: 680337.0831, out_time: 680422.7039, total wait time: 85.6208 seconds
[36m(RouterManager pid=1850)[0m [Router ReqQueue] Req chatcmpl-3da66b1c97744810a177461a5cf4732c in_time: 680337.3508, out_time: 680422.7039, total wait time: 85.3531 seconds
[36m(RouterManager pid=1850)[0m [Router ReqQueue] Req chatcmpl-40f89a95a48c48668155d58cfd8dbe4b in_time: 680337.3860, out_time: 680422.7039, total wait time: 85.3179 seconds
[36m(RouterManager pid=1850)[0m [Router ReqQueue] Req chatcmpl-13dba30dcc5d45de85d1ebb1f13ef4bb in_time: 680337.4854, out_time: 680422.7039, total wait time: 85.2185 seconds
[36m(RouterManager pid=1850)[0m [Router ReqQueue] Req chatcmpl-0dfe043a630346688db1d47db229b3f0 in_time: 680337.6760, out_time: 680422.7039, total wait time: 85.0279 seconds
[36m(RouterManager pid=1850)[0m [Router ReqQueue] Req chatcmpl-c9f53ec266ed447abd1f26cc5be1a8f9 in_time: 680337.6952, out_time: 680422.7039, total wait time: 85.0087 seconds
[36m(RouterManager pid=1850)[0m [Router ReqQueue] Req chatcmpl-48ec46884add4537a2b83c58d4ae8439 in_time: 680337.9641, out_time: 680422.7039, total wait time: 84.7398 seconds
[36m(RouterManager pid=1850)[0m [Router ReqQueue] Req chatcmpl-55bb669b4414435eaa82ea79b92939a1 in_time: 680338.2482, out_time: 680422.7039, total wait time: 84.4557 seconds
[36m(RouterManager pid=1850)[0m [Router ReqQueue] Req chatcmpl-390dc81e8cc3439f99c1f42e713e0c5f in_time: 680338.5030, out_time: 680422.7039, total wait time: 84.2009 seconds
[36m(RouterManager pid=1850)[0m [Router ReqQueue] Req chatcmpl-03b71ff1993346aab85f0df73ee68a59 in_time: 680338.6510, out_time: 680422.7040, total wait time: 84.0529 seconds
[36m(RouterManager pid=1850)[0m [Router ReqQueue] Req chatcmpl-ea4eff4514154d8991dcea0bb60c6fdd in_time: 680339.0676, out_time: 680422.7040, total wait time: 83.6364 seconds
[36m(RouterManager pid=1850)[0m [Router ReqQueue] Req chatcmpl-fae795a0ed3545e99e9c40dbf8f8feeb in_time: 680339.2110, out_time: 680422.7040, total wait time: 83.4930 seconds
[36m(RouterManager pid=1850)[0m [Router ReqQueue] Req chatcmpl-7646fc9dcc5f4643b03084cc2f9c3253 in_time: 680339.4855, out_time: 680422.7040, total wait time: 83.2185 seconds
[36m(RouterManager pid=1850)[0m [Router ReqQueue] Req chatcmpl-97002fe495b24ee5b7b782b702b916f7 in_time: 680339.5233, out_time: 680422.7040, total wait time: 83.1807 seconds
[36m(RouterManager pid=1850)[0m [Loongserve manager] scheduling time: 16.06 ms
[36m(RouterManager pid=1850)[0m [Loongserve manager] prefill and decoding batch scheduling results:
[36m(RouterManager pid=1850)[0m     running decode batch id: c4055fc929954840933589e4d0495a7f, req num: 113, occupied instances: [3, 1], batch_used_tokens_sum: 401428
[36m(RouterManager pid=1850)[0m     prefill batch id: 838b3429b35942f9b88f28fe2bf74a3c, req num: 123, occupied instances: [0, 2], batch_used_tokens_sum: 0
[36m(RouterManager pid=1850)[0m [Loongserve manager] running batch id: 838b3429b35942f9b88f28fe2bf74a3c, req num: 123, occupied instances: [0, 2], batch_used_tokens_sum: 419508
[36m(RouterManager pid=1850)[0m === RouterManager iteration 726 ===
[36m(RouterManager pid=1850)[0m self.req_queue.waiting_req_list length: 360
[36m(RouterManager pid=1850)[0m === RouterManager iteration 728 ===
[36m(RouterManager pid=1850)[0m self.req_queue.waiting_req_list length: 360
[36m(RouterManager pid=1850)[0m === RouterManager iteration 730 ===
[36m(RouterManager pid=1850)[0m self.req_queue.waiting_req_list length: 360
[36m(RouterManager pid=1850)[0m === RouterManager iteration 732 ===
[36m(RouterManager pid=1850)[0m self.req_queue.waiting_req_list length: 360
[36m(RouterManager pid=1850)[0m === RouterManager iteration 734 ===
[36m(RouterManager pid=1850)[0m self.req_queue.waiting_req_list length: 360
[36m(RouterManager pid=1850)[0m === RouterManager iteration 736 ===
[36m(RouterManager pid=1850)[0m self.req_queue.waiting_req_list length: 360
[36m(RouterManager pid=1850)[0m === RouterManager iteration 738 ===
[36m(RouterManager pid=1850)[0m self.req_queue.waiting_req_list length: 360
[36m(RouterManager pid=1850)[0m === RouterManager iteration 740 ===
[36m(RouterManager pid=1850)[0m self.req_queue.waiting_req_list length: 360
[36m(RouterManager pid=1850)[0m === RouterManager iteration 742 ===
[36m(RouterManager pid=1850)[0m self.req_queue.waiting_req_list length: 360
[36m(RouterManager pid=1850)[0m === RouterManager iteration 744 ===
[36m(RouterManager pid=1850)[0m self.req_queue.waiting_req_list length: 360
[36m(RouterManager pid=1850)[0m === RouterManager iteration 746 ===
[36m(RouterManager pid=1850)[0m self.req_queue.waiting_req_list length: 360
[36m(RouterManager pid=1850)[0m [Router ReqQueue] Req chatcmpl-5763d172d2494a91b5991da2fa07705f in_time: 680346.3015, out_time: 680466.9428, total wait time: 120.6413 seconds
[36m(RouterManager pid=1850)[0m [Router ReqQueue] Req chatcmpl-9e54fb045e8e48f6a3b75c33077f1aab in_time: 680346.3363, out_time: 680466.9428, total wait time: 120.6065 seconds
[36m(RouterManager pid=1850)[0m [Router ReqQueue] Req chatcmpl-d325e55f60024d28931b8415e7c4f503 in_time: 680346.5745, out_time: 680466.9428, total wait time: 120.3683 seconds
[36m(RouterManager pid=1850)[0m [Router ReqQueue] Req chatcmpl-1ebd2715e2834d0faf84431b39493917 in_time: 680346.9652, out_time: 680466.9429, total wait time: 119.9776 seconds
[36m(RouterManager pid=1850)[0m [Router ReqQueue] Req chatcmpl-5684c3d91b314f1cbb4123e13d4ecebd in_time: 680347.2023, out_time: 680466.9429, total wait time: 119.7405 seconds
[36m(RouterManager pid=1850)[0m [Router ReqQueue] Req chatcmpl-43bdfc7ea545488a8e41d21026fde6c6 in_time: 680347.4759, out_time: 680466.9429, total wait time: 119.4670 seconds
[36m(RouterManager pid=1850)[0m [Router ReqQueue] Req chatcmpl-63e6b3f4817e466ab930fb21e5260484 in_time: 680347.7879, out_time: 680466.9429, total wait time: 119.1550 seconds
[36m(RouterManager pid=1850)[0m [Router ReqQueue] Req chatcmpl-2acf7da7cb1c4d7ebe46b8acfd550cac in_time: 680348.2799, out_time: 680466.9429, total wait time: 118.6630 seconds
[36m(RouterManager pid=1850)[0m [Router ReqQueue] Req chatcmpl-f2cd728a6f4e47c8ad543d601a5b81fb in_time: 680348.4504, out_time: 680466.9429, total wait time: 118.4925 seconds
[36m(RouterManager pid=1850)[0m [Router ReqQueue] Req chatcmpl-bdd0f2e1b8d6408baa32079a691e881d in_time: 680348.9756, out_time: 680466.9429, total wait time: 117.9673 seconds
[36m(RouterManager pid=1850)[0m [Router ReqQueue] Req chatcmpl-f8e3eaedad6046d9a42ed9d26384d78a in_time: 680349.0603, out_time: 680466.9429, total wait time: 117.8826 seconds
[36m(RouterManager pid=1850)[0m [Router ReqQueue] Req chatcmpl-89021e4c631e42f7adfa6775e3632d6a in_time: 680349.1810, out_time: 680466.9429, total wait time: 117.7619 seconds
[36m(RouterManager pid=1850)[0m [Router ReqQueue] Req chatcmpl-418883a0e00e48bf86cad30a11535880 in_time: 680349.4110, out_time: 680466.9429, total wait time: 117.5319 seconds
[36m(RouterManager pid=1850)[0m [Router ReqQueue] Req chatcmpl-266a350aa1f840c381873bb8cd97f839 in_time: 680349.9178, out_time: 680466.9430, total wait time: 117.0252 seconds
[36m(RouterManager pid=1850)[0m [Router ReqQueue] Req chatcmpl-541c903f3a7b4757a0103273319319f7 in_time: 680350.1490, out_time: 680466.9430, total wait time: 116.7940 seconds
[36m(RouterManager pid=1850)[0m [Router ReqQueue] Req chatcmpl-069c97edb3dd458aaf0515dcf0e5dd72 in_time: 680350.2452, out_time: 680466.9430, total wait time: 116.6978 seconds
[36m(RouterManager pid=1850)[0m [Router ReqQueue] Req chatcmpl-199085e71c844055a892b16a7a213223 in_time: 680350.2502, out_time: 680466.9430, total wait time: 116.6928 seconds
[36m(RouterManager pid=1850)[0m [Router ReqQueue] Req chatcmpl-5aecbeb239a341bdb3b6ae93428ddfad in_time: 680350.2581, out_time: 680466.9430, total wait time: 116.6849 seconds
[36m(RouterManager pid=1850)[0m [Router ReqQueue] Req chatcmpl-0b1b936773d345cfba48ed25f44ffa85 in_time: 680350.7837, out_time: 680466.9430, total wait time: 116.1593 seconds
[36m(RouterManager pid=1850)[0m [Router ReqQueue] Req chatcmpl-a87eac07835541bcbb2dd32f297cffc7 in_time: 680351.6626, out_time: 680466.9430, total wait time: 115.2805 seconds
[36m(RouterManager pid=1850)[0m [Router ReqQueue] Req chatcmpl-688a7829968e4b15973e2a8cec080306 in_time: 680351.6638, out_time: 680466.9430, total wait time: 115.2793 seconds
[36m(RouterManager pid=1850)[0m [Router ReqQueue] Req chatcmpl-d76fb33e19d74d70bb9f17ec81880ac0 in_time: 680351.7334, out_time: 680466.9430, total wait time: 115.2096 seconds
[36m(RouterManager pid=1850)[0m [Router ReqQueue] Req chatcmpl-523d7091c9674782803d147c99cd3033 in_time: 680351.8356, out_time: 680466.9430, total wait time: 115.1074 seconds
[36m(RouterManager pid=1850)[0m [Router ReqQueue] Req chatcmpl-1563bbf73c234ecbb78fe9bb5be609b4 in_time: 680351.8615, out_time: 680466.9431, total wait time: 115.0816 seconds
[36m(RouterManager pid=1850)[0m [Router ReqQueue] Req chatcmpl-e79a85cc4719437daa1a05fb194cacad in_time: 680352.1009, out_time: 680466.9431, total wait time: 114.8422 seconds
[36m(RouterManager pid=1850)[0m [Router ReqQueue] Req chatcmpl-052da8d3e0604e0e9303f0648c603e46 in_time: 680352.1571, out_time: 680466.9431, total wait time: 114.7860 seconds
[36m(RouterManager pid=1850)[0m [Router ReqQueue] Req chatcmpl-f426d482cabb441ca90eefb5edf4a12a in_time: 680352.2107, out_time: 680466.9431, total wait time: 114.7323 seconds
[36m(RouterManager pid=1850)[0m [Router ReqQueue] Req chatcmpl-aac12e6a18694b85b97f39d5bed75044 in_time: 680352.3845, out_time: 680466.9431, total wait time: 114.5586 seconds
[36m(RouterManager pid=1850)[0m [Router ReqQueue] Req chatcmpl-4e826c2fcc3241709a241e2ff35d0644 in_time: 680352.4322, out_time: 680466.9431, total wait time: 114.5109 seconds
[36m(RouterManager pid=1850)[0m [Router ReqQueue] Req chatcmpl-6879c8e5568943e4ac7372daba20ee85 in_time: 680352.6130, out_time: 680466.9431, total wait time: 114.3301 seconds
[36m(RouterManager pid=1850)[0m [Router ReqQueue] Req chatcmpl-b133649a1e2a464097f5514bd7ef2a61 in_time: 680352.6336, out_time: 680466.9431, total wait time: 114.3095 seconds
[36m(RouterManager pid=1850)[0m [Router ReqQueue] Req chatcmpl-35ec080441964841a992acefcae5a831 in_time: 680352.8406, out_time: 680466.9431, total wait time: 114.1025 seconds
[36m(RouterManager pid=1850)[0m [Router ReqQueue] Req chatcmpl-07c72265fbcf4554902e73604885b411 in_time: 680352.8495, out_time: 680466.9431, total wait time: 114.0937 seconds
[36m(RouterManager pid=1850)[0m [Router ReqQueue] Req chatcmpl-164404f771df4155934056db5160aa43 in_time: 680352.9451, out_time: 680466.9431, total wait time: 113.9981 seconds
[36m(RouterManager pid=1850)[0m [Router ReqQueue] Req chatcmpl-13812a1cea0249488d7960e588358268 in_time: 680353.2279, out_time: 680466.9432, total wait time: 113.7152 seconds
[36m(RouterManager pid=1850)[0m [Router ReqQueue] Req chatcmpl-f7eb79b74e8e48fdb25f867afdb052b5 in_time: 680353.5286, out_time: 680466.9432, total wait time: 113.4146 seconds
[36m(RouterManager pid=1850)[0m [Router ReqQueue] Req chatcmpl-325d354088674eb7aa09cdbbbea9722e in_time: 680353.7105, out_time: 680466.9432, total wait time: 113.2327 seconds
[36m(RouterManager pid=1850)[0m [Router ReqQueue] Req chatcmpl-ad20b99da1be4bdbbbc53884e3e42efe in_time: 680353.8416, out_time: 680466.9432, total wait time: 113.1016 seconds
[36m(RouterManager pid=1850)[0m [Router ReqQueue] Req chatcmpl-6d79f254c61e4b6ba9ee9d0ac17f471e in_time: 680354.0033, out_time: 680466.9432, total wait time: 112.9398 seconds
[36m(RouterManager pid=1850)[0m [Router ReqQueue] Req chatcmpl-6aace294d80e4be1aa72ef2b8de4195f in_time: 680354.0461, out_time: 680466.9432, total wait time: 112.8971 seconds
[36m(RouterManager pid=1850)[0m [Router ReqQueue] Req chatcmpl-c754f27030744803839a48969f7b402b in_time: 680354.1231, out_time: 680466.9432, total wait time: 112.8202 seconds
[36m(RouterManager pid=1850)[0m [Router ReqQueue] Req chatcmpl-8e4936a3b42d4dc1aef5aa61349f7715 in_time: 680354.4779, out_time: 680466.9432, total wait time: 112.4653 seconds
[36m(RouterManager pid=1850)[0m [Router ReqQueue] Req chatcmpl-44bccbab567842ef9794d98013368079 in_time: 680354.6973, out_time: 680466.9432, total wait time: 112.2459 seconds
[36m(RouterManager pid=1850)[0m [Router ReqQueue] Req chatcmpl-a0c1a16120c047ad984fed86b3ac75fb in_time: 680354.7826, out_time: 680466.9432, total wait time: 112.1606 seconds
[36m(RouterManager pid=1850)[0m [Router ReqQueue] Req chatcmpl-77539636550e47dcae6836f02b01fd47 in_time: 680354.9476, out_time: 680466.9432, total wait time: 111.9957 seconds
[36m(RouterManager pid=1850)[0m [Router ReqQueue] Req chatcmpl-ce5ffc75ef634720b3594747826240f7 in_time: 680355.0608, out_time: 680466.9433, total wait time: 111.8824 seconds
[36m(RouterManager pid=1850)[0m [Router ReqQueue] Req chatcmpl-8cdc6040d1cb4659abec1c752077ed10 in_time: 680355.2983, out_time: 680466.9433, total wait time: 111.6450 seconds
[36m(RouterManager pid=1850)[0m [Router ReqQueue] Req chatcmpl-b853afcc5fb043cbbbdb421ed3882f74 in_time: 680355.5296, out_time: 680466.9433, total wait time: 111.4137 seconds
[36m(RouterManager pid=1850)[0m [Router ReqQueue] Req chatcmpl-89e1bd568b0548db9cd47397f9627498 in_time: 680355.5772, out_time: 680466.9433, total wait time: 111.3661 seconds
[36m(RouterManager pid=1850)[0m [Router ReqQueue] Req chatcmpl-66cc90042c4245da8c5c8690f8342de5 in_time: 680356.2270, out_time: 680466.9433, total wait time: 110.7163 seconds
[36m(RouterManager pid=1850)[0m [Router ReqQueue] Req chatcmpl-c4c7255d144c4612be8d8249801376da in_time: 680356.6922, out_time: 680466.9433, total wait time: 110.2511 seconds
[36m(RouterManager pid=1850)[0m [Router ReqQueue] Req chatcmpl-1bc1bc01583c42eab63e931a91feb5a4 in_time: 680357.0269, out_time: 680466.9433, total wait time: 109.9164 seconds
[36m(RouterManager pid=1850)[0m [Router ReqQueue] Req chatcmpl-536c9318b956484cba379a72b0efcd27 in_time: 680357.2995, out_time: 680466.9433, total wait time: 109.6438 seconds
[36m(RouterManager pid=1850)[0m [Router ReqQueue] Req chatcmpl-8bc14b9cccb7412888b64e9bfe34f035 in_time: 680357.3707, out_time: 680466.9433, total wait time: 109.5726 seconds
[36m(RouterManager pid=1850)[0m [Router ReqQueue] Req chatcmpl-59f6213178a9426797e008d04e1a4356 in_time: 680357.6428, out_time: 680466.9433, total wait time: 109.3006 seconds
[36m(RouterManager pid=1850)[0m [Router ReqQueue] Req chatcmpl-e5dfd5810a694128b54890f4f54e4535 in_time: 680358.3552, out_time: 680466.9433, total wait time: 108.5881 seconds
[36m(RouterManager pid=1850)[0m [Router ReqQueue] Req chatcmpl-2679c283490e4a19b141da87bf329278 in_time: 680358.5856, out_time: 680466.9434, total wait time: 108.3577 seconds
[36m(RouterManager pid=1850)[0m [Router ReqQueue] Req chatcmpl-e6f3aa0819f64a118346fef1d6739272 in_time: 680358.7343, out_time: 680466.9434, total wait time: 108.2090 seconds
[36m(RouterManager pid=1850)[0m [Router ReqQueue] Req chatcmpl-2b61833f61c44d758e67035398e59287 in_time: 680358.9772, out_time: 680466.9434, total wait time: 107.9662 seconds
[36m(RouterManager pid=1850)[0m [Router ReqQueue] Req chatcmpl-cd6291ced0fa40b89ee0d4f10dd5fc03 in_time: 680358.9934, out_time: 680466.9434, total wait time: 107.9500 seconds
[36m(RouterManager pid=1850)[0m [Router ReqQueue] Req chatcmpl-b6c2819bacc1459ca804e7a9ea222a99 in_time: 680359.0107, out_time: 680466.9434, total wait time: 107.9327 seconds
[36m(RouterManager pid=1850)[0m [Router ReqQueue] Req chatcmpl-89661596817b49588931b0d8f98d01bd in_time: 680359.5295, out_time: 680466.9434, total wait time: 107.4139 seconds
[36m(RouterManager pid=1850)[0m [Router ReqQueue] Req chatcmpl-0a6c07cfe11e429aba0c4b639d1eacf4 in_time: 680359.6246, out_time: 680466.9434, total wait time: 107.3188 seconds
[36m(RouterManager pid=1850)[0m [Router ReqQueue] Req chatcmpl-7357512147284dd7b63c8d364be4cd27 in_time: 680359.6406, out_time: 680466.9434, total wait time: 107.3028 seconds
[36m(RouterManager pid=1850)[0m [Router ReqQueue] Req chatcmpl-b69494a927ee4290bdcf11e6d7e9574d in_time: 680359.8587, out_time: 680466.9434, total wait time: 107.0847 seconds
[36m(RouterManager pid=1850)[0m [Router ReqQueue] Req chatcmpl-92480d434a324c2698cd358855074485 in_time: 680360.0196, out_time: 680466.9434, total wait time: 106.9239 seconds
[36m(RouterManager pid=1850)[0m [Router ReqQueue] Req chatcmpl-bca0298cebd44c06be4d55f80c417f66 in_time: 680360.0912, out_time: 680466.9434, total wait time: 106.8523 seconds
[36m(RouterManager pid=1850)[0m [Router ReqQueue] Req chatcmpl-c86ec202f235416286d3b7028a602757 in_time: 680360.0977, out_time: 680466.9434, total wait time: 106.8457 seconds
[36m(RouterManager pid=1850)[0m [Router ReqQueue] Req chatcmpl-0af1bbb5c152412cb76e978a85e6e962 in_time: 680360.1632, out_time: 680466.9435, total wait time: 106.7803 seconds
[36m(RouterManager pid=1850)[0m [Router ReqQueue] Req chatcmpl-03e42cc8fbd945119aebc245101bf96b in_time: 680360.4853, out_time: 680466.9435, total wait time: 106.4582 seconds
[36m(RouterManager pid=1850)[0m [Router ReqQueue] Req chatcmpl-27241ec8e62344dbbc8e1dd6e37bf39f in_time: 680360.7415, out_time: 680466.9435, total wait time: 106.2020 seconds
[36m(RouterManager pid=1850)[0m [Router ReqQueue] Req chatcmpl-06194a78472d41379bb832848289a58f in_time: 680360.7536, out_time: 680466.9435, total wait time: 106.1899 seconds
[36m(RouterManager pid=1850)[0m [Router ReqQueue] Req chatcmpl-29d03531bf6a47b49561e1995f786800 in_time: 680360.8523, out_time: 680466.9435, total wait time: 106.0912 seconds
[36m(RouterManager pid=1850)[0m [Router ReqQueue] Req chatcmpl-788add5ccfcd4ef2b35db58ccd983bd1 in_time: 680361.6315, out_time: 680466.9435, total wait time: 105.3121 seconds
[36m(RouterManager pid=1850)[0m [Router ReqQueue] Req chatcmpl-1a8d19a7251940b48a50c3d233d0df0a in_time: 680361.6380, out_time: 680466.9435, total wait time: 105.3055 seconds
[36m(RouterManager pid=1850)[0m [Router ReqQueue] Req chatcmpl-b85810ac36b74bf9ae5aff3f51920d79 in_time: 680361.7164, out_time: 680466.9435, total wait time: 105.2271 seconds
[36m(RouterManager pid=1850)[0m [Router ReqQueue] Req chatcmpl-142d8ecdc0e34735995ac76018d18930 in_time: 680362.1045, out_time: 680466.9435, total wait time: 104.8390 seconds
[36m(RouterManager pid=1850)[0m [Router ReqQueue] Req chatcmpl-2b3a81764dd04592b4d64c87ef2ac2aa in_time: 680362.3782, out_time: 680466.9435, total wait time: 104.5653 seconds
[36m(RouterManager pid=1850)[0m [Router ReqQueue] Req chatcmpl-e4950316424044478f271431907940d4 in_time: 680362.4387, out_time: 680466.9436, total wait time: 104.5049 seconds
[36m(RouterManager pid=1850)[0m [Router ReqQueue] Req chatcmpl-5cedb4db4962474fa9cffb7ad2bd7388 in_time: 680362.6936, out_time: 680466.9436, total wait time: 104.2500 seconds
[36m(RouterManager pid=1850)[0m [Router ReqQueue] Req chatcmpl-fefe2183bbba498c89cfac1a6028b123 in_time: 680362.7487, out_time: 680466.9436, total wait time: 104.1949 seconds
[36m(RouterManager pid=1850)[0m [Router ReqQueue] Req chatcmpl-0f417df1d2274a62896a250a71c3cc8d in_time: 680362.7812, out_time: 680466.9436, total wait time: 104.1624 seconds
[36m(RouterManager pid=1850)[0m [Router ReqQueue] Req chatcmpl-b414e8c1413c4ab6a3c71e32c077145d in_time: 680362.8472, out_time: 680466.9436, total wait time: 104.0964 seconds
[36m(RouterManager pid=1850)[0m [Router ReqQueue] Req chatcmpl-d329819c85ed47aa964ee39d029741db in_time: 680363.2571, out_time: 680466.9436, total wait time: 103.6865 seconds
[36m(RouterManager pid=1850)[0m [Router ReqQueue] Req chatcmpl-eb9710691a604fa3aab07c6ee2d2e66d in_time: 680363.4935, out_time: 680466.9436, total wait time: 103.4501 seconds
[36m(RouterManager pid=1850)[0m [Router ReqQueue] Req chatcmpl-8e7ce981e49347beb916ac4d9a7f1bc1 in_time: 680363.6262, out_time: 680466.9436, total wait time: 103.3174 seconds
[36m(RouterManager pid=1850)[0m [Router ReqQueue] Req chatcmpl-c4f5afcf50a34f95aa2f4f00e7c902f7 in_time: 680363.9703, out_time: 680466.9436, total wait time: 102.9733 seconds
[36m(RouterManager pid=1850)[0m [Router ReqQueue] Req chatcmpl-31ff8e92679e44e5adc962cd03833efa in_time: 680364.1142, out_time: 680466.9436, total wait time: 102.8294 seconds
[36m(RouterManager pid=1850)[0m [Router ReqQueue] Req chatcmpl-660f3f84fa944dbababd523f672a3df8 in_time: 680364.3050, out_time: 680466.9436, total wait time: 102.6387 seconds
[36m(RouterManager pid=1850)[0m [Router ReqQueue] Req chatcmpl-a3c98e5cae0f4203875eb0be41a879b5 in_time: 680364.3067, out_time: 680466.9437, total wait time: 102.6370 seconds
[36m(RouterManager pid=1850)[0m [Router ReqQueue] Req chatcmpl-3127576a4bf44b6c91376807f8ab9eeb in_time: 680364.5547, out_time: 680466.9437, total wait time: 102.3890 seconds
[36m(RouterManager pid=1850)[0m [Router ReqQueue] Req chatcmpl-52a5cd85066a47599069946bf0c761e8 in_time: 680364.6964, out_time: 680466.9437, total wait time: 102.2472 seconds
[36m(RouterManager pid=1850)[0m [Router ReqQueue] Req chatcmpl-73230587ce1740f1923ea7c143392287 in_time: 680364.7609, out_time: 680466.9437, total wait time: 102.1828 seconds
[36m(RouterManager pid=1850)[0m [Router ReqQueue] Req chatcmpl-e551f39cfd964227b0baad2a05f9faf8 in_time: 680364.8359, out_time: 680466.9437, total wait time: 102.1078 seconds
[36m(RouterManager pid=1850)[0m [Router ReqQueue] Req chatcmpl-2d8007b9d4504eb7b51e7cf710b22f66 in_time: 680364.9704, out_time: 680466.9437, total wait time: 101.9733 seconds
[36m(RouterManager pid=1850)[0m [Router ReqQueue] Req chatcmpl-d421c9c72a3d4cf7a72a8bc8462d7bca in_time: 680365.2894, out_time: 680466.9437, total wait time: 101.6543 seconds
[36m(RouterManager pid=1850)[0m [Router ReqQueue] Req chatcmpl-ea96307e289e4b81b5338b4aaa511257 in_time: 680365.4946, out_time: 680466.9437, total wait time: 101.4491 seconds
[36m(RouterManager pid=1850)[0m [Router ReqQueue] Req chatcmpl-5f829c514004472d91ca25b241592b10 in_time: 680365.8951, out_time: 680466.9437, total wait time: 101.0487 seconds
[36m(RouterManager pid=1850)[0m [Router ReqQueue] Req chatcmpl-34ebe990954942a181f076434849ae3a in_time: 680366.1990, out_time: 680466.9437, total wait time: 100.7447 seconds
[36m(RouterManager pid=1850)[0m [Router ReqQueue] Req chatcmpl-45924513eade4c6486ca7d94976c07be in_time: 680366.3646, out_time: 680466.9438, total wait time: 100.5791 seconds
[36m(RouterManager pid=1850)[0m [Router ReqQueue] Req chatcmpl-493fc64e37ce4b7b8573714526e6604a in_time: 680367.0626, out_time: 680466.9438, total wait time: 99.8812 seconds
[36m(RouterManager pid=1850)[0m [Router ReqQueue] Req chatcmpl-97296b2a107a40e4862bc2dd2379f505 in_time: 680367.0751, out_time: 680466.9438, total wait time: 99.8687 seconds
[36m(RouterManager pid=1850)[0m [Router ReqQueue] Req chatcmpl-9839476968114837951e9923ec7f164f in_time: 680367.4869, out_time: 680466.9438, total wait time: 99.4569 seconds
[36m(RouterManager pid=1850)[0m [Router ReqQueue] Req chatcmpl-66af19cfee1543f499e527820618681c in_time: 680367.6641, out_time: 680466.9438, total wait time: 99.2797 seconds
[36m(RouterManager pid=1850)[0m [Router ReqQueue] Req chatcmpl-e2eb7106a08844dc97b81b423c61b66e in_time: 680367.7804, out_time: 680466.9438, total wait time: 99.1634 seconds
[36m(RouterManager pid=1850)[0m [Router ReqQueue] Req chatcmpl-1aa0a97333cc48f7b5847b770501ace5 in_time: 680367.8819, out_time: 680466.9438, total wait time: 99.0619 seconds
[36m(RouterManager pid=1850)[0m [Router ReqQueue] Req chatcmpl-7f746e11587144dda10e9004368dc224 in_time: 680368.0625, out_time: 680466.9438, total wait time: 98.8813 seconds
[36m(RouterManager pid=1850)[0m [Router ReqQueue] Req chatcmpl-35d9c8a403ee476587c7a9ba54a058a0 in_time: 680368.1069, out_time: 680466.9438, total wait time: 98.8369 seconds
[36m(RouterManager pid=1850)[0m [Router ReqQueue] Req chatcmpl-118758e442c6433899312332e398a573 in_time: 680368.1787, out_time: 680466.9438, total wait time: 98.7651 seconds
[36m(RouterManager pid=1850)[0m [Router ReqQueue] Req chatcmpl-d20d909b4fd4421fa46971ffc23846fd in_time: 680368.5680, out_time: 680466.9439, total wait time: 98.3758 seconds
[36m(RouterManager pid=1850)[0m [Router ReqQueue] Req chatcmpl-8e4165a88bbd4250b9c0cea7ad25a818 in_time: 680368.7558, out_time: 680466.9439, total wait time: 98.1880 seconds
[36m(RouterManager pid=1850)[0m [Router ReqQueue] Req chatcmpl-b436b40819bc423784f5481a8b27282f in_time: 680368.7578, out_time: 680466.9439, total wait time: 98.1861 seconds
[36m(RouterManager pid=1850)[0m [Router ReqQueue] Req chatcmpl-ddbc177638f5432685e1eeae67759128 in_time: 680368.7596, out_time: 680466.9439, total wait time: 98.1843 seconds
[36m(RouterManager pid=1850)[0m [Router ReqQueue] Req chatcmpl-89040a8778324783a309f4a7ad0538f0 in_time: 680369.0330, out_time: 680466.9439, total wait time: 97.9109 seconds
[36m(RouterManager pid=1850)[0m [Router ReqQueue] Req chatcmpl-92e68757750a477eb5575a3c967d1300 in_time: 680369.2232, out_time: 680466.9439, total wait time: 97.7207 seconds
[36m(RouterManager pid=1850)[0m [Router ReqQueue] Req chatcmpl-cfc3b3b0b40e4626970687f913b2bfcf in_time: 680369.2970, out_time: 680466.9439, total wait time: 97.6469 seconds
[36m(RouterManager pid=1850)[0m [Router ReqQueue] Req chatcmpl-f9883e26cb9d461e8f65216fd9a86e3a in_time: 680369.2983, out_time: 680466.9439, total wait time: 97.6456 seconds
[36m(RouterManager pid=1850)[0m [Router ReqQueue] Req chatcmpl-26d14384f7864c7ca42f20aff5655830 in_time: 680369.9775, out_time: 680466.9439, total wait time: 96.9664 seconds
[36m(RouterManager pid=1850)[0m [Router ReqQueue] Req chatcmpl-e3561451e77049739a4b5293083ab3f3 in_time: 680370.0371, out_time: 680466.9439, total wait time: 96.9068 seconds
[36m(RouterManager pid=1850)[0m [Router ReqQueue] Req chatcmpl-01264f87f52643559e649516934b724b in_time: 680370.1344, out_time: 680466.9440, total wait time: 96.8096 seconds
[36m(RouterManager pid=1850)[0m [Router ReqQueue] Req chatcmpl-79edc0fecbea493081b431b804678da0 in_time: 680370.1683, out_time: 680466.9440, total wait time: 96.7757 seconds
[36m(RouterManager pid=1850)[0m [Router ReqQueue] Req chatcmpl-32da9378bd534f77bf64f8cbc85780a4 in_time: 680370.1790, out_time: 680466.9440, total wait time: 96.7650 seconds
[36m(RouterManager pid=1850)[0m [Router ReqQueue] Req chatcmpl-8eb12397fdc3497fbc596c4a558a98c2 in_time: 680370.4179, out_time: 680466.9440, total wait time: 96.5261 seconds
[36m(RouterManager pid=1850)[0m [Router ReqQueue] Req chatcmpl-1700b62f11d04c3199d714c922001130 in_time: 680370.7435, out_time: 680466.9440, total wait time: 96.2005 seconds
[36m(RouterManager pid=1850)[0m [Router ReqQueue] Req chatcmpl-0bdabfe3d242474aa438551a13cf58b4 in_time: 680370.7787, out_time: 680466.9440, total wait time: 96.1653 seconds
[36m(RouterManager pid=1850)[0m [Router ReqQueue] Req chatcmpl-f042e903171a412fa964cc9a0167bd4e in_time: 680371.0795, out_time: 680466.9440, total wait time: 95.8646 seconds
[36m(RouterManager pid=1850)[0m [Router ReqQueue] Req chatcmpl-e48bf322d4cc48f0b09e332d4208b1ff in_time: 680371.1150, out_time: 680466.9440, total wait time: 95.8290 seconds
[36m(RouterManager pid=1850)[0m [Router ReqQueue] Req chatcmpl-6bad23b50000445982c4182273247b63 in_time: 680371.1524, out_time: 680466.9440, total wait time: 95.7916 seconds
[36m(RouterManager pid=1850)[0m [Router ReqQueue] Req chatcmpl-b65ffd1fcdff4cada6bf2e1b19251ccd in_time: 680371.2311, out_time: 680466.9441, total wait time: 95.7129 seconds
[36m(RouterManager pid=1850)[0m [Router ReqQueue] Req chatcmpl-39e3cbf3716b41a09744474a6f6d9940 in_time: 680371.6117, out_time: 680466.9441, total wait time: 95.3323 seconds
[36m(RouterManager pid=1850)[0m [Router ReqQueue] Req chatcmpl-245f245275a2416fa7dcf7f1566adc86 in_time: 680371.7695, out_time: 680466.9441, total wait time: 95.1746 seconds
[36m(RouterManager pid=1850)[0m [Router ReqQueue] Req chatcmpl-e861ed1e605349e9b5e8558e1ccec944 in_time: 680371.8597, out_time: 680466.9441, total wait time: 95.0844 seconds
[36m(RouterManager pid=1850)[0m [Router ReqQueue] Req chatcmpl-f4ba579660014edb9b91fe2270cd5200 in_time: 680371.8750, out_time: 680466.9441, total wait time: 95.0691 seconds
[36m(RouterManager pid=1850)[0m [Router ReqQueue] Req chatcmpl-85dbeff547ac4ca3be2c91fef188a230 in_time: 680371.9139, out_time: 680466.9441, total wait time: 95.0302 seconds
[36m(RouterManager pid=1850)[0m [Router ReqQueue] Req chatcmpl-51784ff26a3c448aa67c5008e9463a07 in_time: 680372.1566, out_time: 680466.9441, total wait time: 94.7875 seconds
[36m(RouterManager pid=1850)[0m [Router ReqQueue] Req chatcmpl-1e38bb5142cb4121b8a3cbc1c293d381 in_time: 680372.1612, out_time: 680466.9441, total wait time: 94.7829 seconds
[36m(RouterManager pid=1850)[0m [Router ReqQueue] Req chatcmpl-790c328b94234c5c9bfb7a134558a3af in_time: 680372.3074, out_time: 680466.9441, total wait time: 94.6367 seconds
[36m(RouterManager pid=1850)[0m [Router ReqQueue] Req chatcmpl-7e08549d6c53438daca4c52a56b9929a in_time: 680372.4948, out_time: 680466.9441, total wait time: 94.4493 seconds
[36m(RouterManager pid=1850)[0m [Router ReqQueue] Req chatcmpl-9d8fbd10c9594f248de40c14754f7da5 in_time: 680372.5405, out_time: 680466.9442, total wait time: 94.4036 seconds
[36m(RouterManager pid=1850)[0m [Router ReqQueue] Req chatcmpl-2892363aef0246788eec64838adefc29 in_time: 680372.5596, out_time: 680466.9442, total wait time: 94.3846 seconds
[36m(RouterManager pid=1850)[0m [Router ReqQueue] Req chatcmpl-d03ffb9ac47b4fca932360275bfca462 in_time: 680372.7097, out_time: 680466.9442, total wait time: 94.2344 seconds
[36m(RouterManager pid=1850)[0m [Router ReqQueue] Req chatcmpl-5ecb5e23e6824376afc73da12a60d2c2 in_time: 680373.8860, out_time: 680466.9442, total wait time: 93.0581 seconds
[36m(RouterManager pid=1850)[0m [Router ReqQueue] Req chatcmpl-b372c02f570f45f481220b68b1c822d6 in_time: 680374.0325, out_time: 680466.9442, total wait time: 92.9116 seconds
[36m(RouterManager pid=1850)[0m [Router ReqQueue] Req chatcmpl-75c755efd99349cd9803b347577748e4 in_time: 680374.1970, out_time: 680466.9442, total wait time: 92.7472 seconds
[36m(RouterManager pid=1850)[0m [Router ReqQueue] Req chatcmpl-14277dbeaef24a51a56f0b9ecd2ec790 in_time: 680374.1984, out_time: 680466.9442, total wait time: 92.7458 seconds
[36m(RouterManager pid=1850)[0m [Router ReqQueue] Req chatcmpl-798d3b5aa6624bd498ee61d228b4fa15 in_time: 680374.2007, out_time: 680466.9442, total wait time: 92.7435 seconds
[36m(RouterManager pid=1850)[0m [Router ReqQueue] Req chatcmpl-01ed22638a4048fea4bb013737b67ac8 in_time: 680374.3281, out_time: 680466.9442, total wait time: 92.6161 seconds
[36m(RouterManager pid=1850)[0m [Router ReqQueue] Req chatcmpl-76ffbbc2a22d4ee2bc2d7317a4d67ee4 in_time: 680375.0346, out_time: 680466.9442, total wait time: 91.9096 seconds
[36m(RouterManager pid=1850)[0m [Router ReqQueue] Req chatcmpl-4fff4809b6474558b4a1fe86ba3d4b18 in_time: 680375.0645, out_time: 680466.9442, total wait time: 91.8798 seconds
[36m(RouterManager pid=1850)[0m [Router ReqQueue] Req chatcmpl-c4738946c291440b9740f65a3d42cf60 in_time: 680375.3390, out_time: 680466.9443, total wait time: 91.6052 seconds
[36m(RouterManager pid=1850)[0m [Router ReqQueue] Req chatcmpl-bde9d08b2c5b4760b9ee0f0a4a82df8a in_time: 680375.4295, out_time: 680466.9443, total wait time: 91.5147 seconds
[36m(RouterManager pid=1850)[0m [Loongserve manager] scheduling time: 16.07 ms
[36m(RouterManager pid=1850)[0m [Loongserve manager] prefill and decoding batch scheduling results:
[36m(RouterManager pid=1850)[0m     running decode batch id: 838b3429b35942f9b88f28fe2bf74a3c, req num: 123, occupied instances: [2, 0], batch_used_tokens_sum: 420738
[36m(RouterManager pid=1850)[0m     prefill batch id: fe8e420a592a4b7da48b6392acd7dae9, req num: 151, occupied instances: [1, 3], batch_used_tokens_sum: 0
[36m(RouterManager pid=1850)[0m [Loongserve manager] running batch id: fe8e420a592a4b7da48b6392acd7dae9, req num: 151, occupied instances: [1, 3], batch_used_tokens_sum: 423064
[36m(RouterManager pid=1850)[0m === RouterManager iteration 748 ===
[36m(RouterManager pid=1850)[0m self.req_queue.waiting_req_list length: 165
[36m(RouterManager pid=1850)[0m === RouterManager iteration 750 ===
[36m(RouterManager pid=1850)[0m self.req_queue.waiting_req_list length: 165
[36m(RouterManager pid=1850)[0m === RouterManager iteration 752 ===
[36m(RouterManager pid=1850)[0m self.req_queue.waiting_req_list length: 165
[36m(RouterManager pid=1850)[0m === RouterManager iteration 754 ===
[36m(RouterManager pid=1850)[0m self.req_queue.waiting_req_list length: 165
[36m(RouterManager pid=1850)[0m === RouterManager iteration 756 ===
[36m(RouterManager pid=1850)[0m self.req_queue.waiting_req_list length: 165
[36m(RouterManager pid=1850)[0m === RouterManager iteration 758 ===
[36m(RouterManager pid=1850)[0m self.req_queue.waiting_req_list length: 165
[36m(RouterManager pid=1850)[0m === RouterManager iteration 760 ===
[36m(RouterManager pid=1850)[0m self.req_queue.waiting_req_list length: 165
[36m(RouterManager pid=1850)[0m === RouterManager iteration 762 ===
[36m(RouterManager pid=1850)[0m self.req_queue.waiting_req_list length: 165
[36m(RouterManager pid=1850)[0m === RouterManager iteration 764 ===
[36m(RouterManager pid=1850)[0m self.req_queue.waiting_req_list length: 165
[36m(RouterManager pid=1850)[0m === RouterManager iteration 766 ===
[36m(RouterManager pid=1850)[0m self.req_queue.waiting_req_list length: 165
[36m(RouterManager pid=1850)[0m === RouterManager iteration 768 ===
[36m(RouterManager pid=1850)[0m self.req_queue.waiting_req_list length: 165
[36m(RouterManager pid=1850)[0m [Router ReqQueue] Req chatcmpl-3ef760dd9c8a42778bd6c90940917b66 in_time: 680384.7268, out_time: 680514.6250, total wait time: 129.8982 seconds
[36m(RouterManager pid=1850)[0m [Router ReqQueue] Req chatcmpl-e8775653dd384d16a6b05339de847416 in_time: 680384.8701, out_time: 680514.6251, total wait time: 129.7549 seconds
[36m(RouterManager pid=1850)[0m [Router ReqQueue] Req chatcmpl-814f0950b87a4fbc9d6cd7af03b7273a in_time: 680384.9317, out_time: 680514.6251, total wait time: 129.6933 seconds
[36m(RouterManager pid=1850)[0m [Router ReqQueue] Req chatcmpl-cfb17fae9cca43cdbc838b21f354bca5 in_time: 680385.0712, out_time: 680514.6251, total wait time: 129.5539 seconds
[36m(RouterManager pid=1850)[0m [Router ReqQueue] Req chatcmpl-b76e8e4cf3564bd987a358115fda7678 in_time: 680385.1133, out_time: 680514.6251, total wait time: 129.5118 seconds
[36m(RouterManager pid=1850)[0m [Router ReqQueue] Req chatcmpl-fc1e8e95ded04f90956214e5e2cb1b8f in_time: 680385.1213, out_time: 680514.6251, total wait time: 129.5038 seconds
[36m(RouterManager pid=1850)[0m [Router ReqQueue] Req chatcmpl-514ddaa9ec20417c8f06ecde19183e8c in_time: 680385.1429, out_time: 680514.6251, total wait time: 129.4822 seconds
[36m(RouterManager pid=1850)[0m [Router ReqQueue] Req chatcmpl-c639cece5d0d41479452f2715474db73 in_time: 680385.2172, out_time: 680514.6251, total wait time: 129.4079 seconds
[36m(RouterManager pid=1850)[0m [Router ReqQueue] Req chatcmpl-3b7f81c737ee46b1be5d1cdf7a83d2f3 in_time: 680385.3488, out_time: 680514.6251, total wait time: 129.2763 seconds
[36m(RouterManager pid=1850)[0m [Router ReqQueue] Req chatcmpl-2f7e7e8f9a234f2db78cfa13aba5843d in_time: 680385.3614, out_time: 680514.6251, total wait time: 129.2637 seconds
[36m(RouterManager pid=1850)[0m [Router ReqQueue] Req chatcmpl-dc458fce34de451a88626e4187364dd7 in_time: 680386.2435, out_time: 680514.6251, total wait time: 128.3816 seconds
[36m(RouterManager pid=1850)[0m [Router ReqQueue] Req chatcmpl-f3778530ff7a41a58366c767e4a04acd in_time: 680386.4933, out_time: 680514.6252, total wait time: 128.1318 seconds
[36m(RouterManager pid=1850)[0m [Router ReqQueue] Req chatcmpl-799e924f826c42c283f47d1163161647 in_time: 680386.7098, out_time: 680514.6252, total wait time: 127.9154 seconds
[36m(RouterManager pid=1850)[0m [Router ReqQueue] Req chatcmpl-95d3cfc17d2f4c7f8319eb80874468ad in_time: 680386.7972, out_time: 680514.6252, total wait time: 127.8280 seconds
[36m(RouterManager pid=1850)[0m [Router ReqQueue] Req chatcmpl-508eccf66afc49299d5144c88fd974da in_time: 680387.2981, out_time: 680514.6252, total wait time: 127.3271 seconds
[36m(RouterManager pid=1850)[0m [Router ReqQueue] Req chatcmpl-f472010cd3994c1db5e1c2d66aa36d51 in_time: 680387.4528, out_time: 680514.6252, total wait time: 127.1723 seconds
[36m(RouterManager pid=1850)[0m [Router ReqQueue] Req chatcmpl-63532ee579d1436eb1d65adc4d03af0e in_time: 680387.4749, out_time: 680514.6252, total wait time: 127.1503 seconds
[36m(RouterManager pid=1850)[0m [Router ReqQueue] Req chatcmpl-63ee77e671504fe1832d537e751cf33b in_time: 680387.7262, out_time: 680514.6252, total wait time: 126.8990 seconds
[36m(RouterManager pid=1850)[0m [Router ReqQueue] Req chatcmpl-9a67a93ec983486fa4c5905b832dde0d in_time: 680387.7856, out_time: 680514.6252, total wait time: 126.8396 seconds
[36m(RouterManager pid=1850)[0m [Router ReqQueue] Req chatcmpl-ee269a94b25645cfbde8f25903b7b1c4 in_time: 680387.9183, out_time: 680514.6252, total wait time: 126.7069 seconds
[36m(RouterManager pid=1850)[0m [Router ReqQueue] Req chatcmpl-30efecf861fb42abaa2a67879cb99977 in_time: 680388.1606, out_time: 680514.6252, total wait time: 126.4647 seconds
[36m(RouterManager pid=1850)[0m [Router ReqQueue] Req chatcmpl-e96faf4642d4482a97ede54da85ffec2 in_time: 680388.6081, out_time: 680514.6252, total wait time: 126.0172 seconds
[36m(RouterManager pid=1850)[0m [Router ReqQueue] Req chatcmpl-5ce90270edd4420f894f287940cf7e9b in_time: 680388.7676, out_time: 680514.6253, total wait time: 125.8577 seconds
[36m(RouterManager pid=1850)[0m [Router ReqQueue] Req chatcmpl-4d75d477aba54a27a0b1832c500abbf4 in_time: 680388.9593, out_time: 680514.6253, total wait time: 125.6659 seconds
[36m(RouterManager pid=1850)[0m [Router ReqQueue] Req chatcmpl-76751c59cd194feb9aded6900f817986 in_time: 680389.0015, out_time: 680514.6253, total wait time: 125.6238 seconds
[36m(RouterManager pid=1850)[0m [Router ReqQueue] Req chatcmpl-9f6336ae065b424bb787873752c85af9 in_time: 680389.0505, out_time: 680514.6253, total wait time: 125.5748 seconds
[36m(RouterManager pid=1850)[0m [Router ReqQueue] Req chatcmpl-1fe4c53bd57e4b1b8757b47770ed9658 in_time: 680389.1369, out_time: 680514.6253, total wait time: 125.4884 seconds
[36m(RouterManager pid=1850)[0m [Router ReqQueue] Req chatcmpl-340ca85ca3004d6ea646b90cfd71122f in_time: 680389.3421, out_time: 680514.6253, total wait time: 125.2832 seconds
[36m(RouterManager pid=1850)[0m [Router ReqQueue] Req chatcmpl-b9aa115e198c4ccb8d687e2019370876 in_time: 680389.7757, out_time: 680514.6253, total wait time: 124.8496 seconds
[36m(RouterManager pid=1850)[0m [Router ReqQueue] Req chatcmpl-916dcc9d2a0c4017849a688e076c6508 in_time: 680389.8221, out_time: 680514.6253, total wait time: 124.8032 seconds
[36m(RouterManager pid=1850)[0m [Router ReqQueue] Req chatcmpl-906259b24b3049e39fc23711d3a565d4 in_time: 680389.9400, out_time: 680514.6253, total wait time: 124.6854 seconds
[36m(RouterManager pid=1850)[0m [Router ReqQueue] Req chatcmpl-0a8b7b5d45b343d08fc30b45f632e345 in_time: 680390.1103, out_time: 680514.6254, total wait time: 124.5151 seconds
[36m(RouterManager pid=1850)[0m [Router ReqQueue] Req chatcmpl-665a40b41483467ab54da9e3ab195b38 in_time: 680390.2093, out_time: 680514.6254, total wait time: 124.4161 seconds
[36m(RouterManager pid=1850)[0m [Router ReqQueue] Req chatcmpl-f6937a0bc8d942f58b2dfc7f3adca2e8 in_time: 680390.2270, out_time: 680514.6254, total wait time: 124.3984 seconds
[36m(RouterManager pid=1850)[0m [Router ReqQueue] Req chatcmpl-a82ee81f95d940c99280e930c28b27c9 in_time: 680390.2643, out_time: 680514.6254, total wait time: 124.3611 seconds
[36m(RouterManager pid=1850)[0m [Router ReqQueue] Req chatcmpl-1b193e04880c47ccb98843a2018d240c in_time: 680390.4244, out_time: 680514.6254, total wait time: 124.2010 seconds
[36m(RouterManager pid=1850)[0m [Router ReqQueue] Req chatcmpl-cacdd2a23fbc429493d3d6b73def392a in_time: 680390.8765, out_time: 680514.6254, total wait time: 123.7489 seconds
[36m(RouterManager pid=1850)[0m [Router ReqQueue] Req chatcmpl-f5c2cabaad5f4379bfcc6985591ef7e4 in_time: 680391.0782, out_time: 680514.6254, total wait time: 123.5472 seconds
[36m(RouterManager pid=1850)[0m [Router ReqQueue] Req chatcmpl-5fa17ea6e6d246a3a9637da08c0e8b5b in_time: 680391.8918, out_time: 680514.6254, total wait time: 122.7336 seconds
[36m(RouterManager pid=1850)[0m [Router ReqQueue] Req chatcmpl-9a5d564705b8412bab83abc3c06fd817 in_time: 680391.9090, out_time: 680514.6254, total wait time: 122.7164 seconds
[36m(RouterManager pid=1850)[0m [Router ReqQueue] Req chatcmpl-a9c40a71be0e47b68e33df0a4a97e6e1 in_time: 680391.9153, out_time: 680514.6254, total wait time: 122.7101 seconds
[36m(RouterManager pid=1850)[0m [Router ReqQueue] Req chatcmpl-46e24e42ec9d4354800f89b0b91a605f in_time: 680392.0405, out_time: 680514.6255, total wait time: 122.5849 seconds
[36m(RouterManager pid=1850)[0m [Router ReqQueue] Req chatcmpl-5dd9dd6c91674dfb86e9c237752c8aa0 in_time: 680392.0556, out_time: 680514.6255, total wait time: 122.5699 seconds
[36m(RouterManager pid=1850)[0m [Router ReqQueue] Req chatcmpl-f64badde0539470c8abfd2ed304c3743 in_time: 680392.3353, out_time: 680514.6255, total wait time: 122.2901 seconds
[36m(RouterManager pid=1850)[0m [Router ReqQueue] Req chatcmpl-d34733414a784cb38a60a164f0eac6ad in_time: 680392.4139, out_time: 680514.6255, total wait time: 122.2116 seconds
[36m(RouterManager pid=1850)[0m [Router ReqQueue] Req chatcmpl-b3ab3bdd636a4ba6bdcb39a8e8a51221 in_time: 680392.7001, out_time: 680514.6255, total wait time: 121.9254 seconds
[36m(RouterManager pid=1850)[0m [Router ReqQueue] Req chatcmpl-5f43949b04de439cae489561982deee5 in_time: 680392.9339, out_time: 680514.6255, total wait time: 121.6916 seconds
[36m(RouterManager pid=1850)[0m [Router ReqQueue] Req chatcmpl-180e960ba6004c4292819ced6494f751 in_time: 680393.0388, out_time: 680514.6255, total wait time: 121.5867 seconds
[36m(RouterManager pid=1850)[0m [Router ReqQueue] Req chatcmpl-ebbf2fb0716c4661953c72ffc7e1ff85 in_time: 680393.1196, out_time: 680514.6255, total wait time: 121.5059 seconds
[36m(RouterManager pid=1850)[0m [Router ReqQueue] Req chatcmpl-42b7ee34a0ac400ca72a841c6397a16b in_time: 680393.4812, out_time: 680514.6255, total wait time: 121.1444 seconds
[36m(RouterManager pid=1850)[0m [Router ReqQueue] Req chatcmpl-006457df075f431f832010ff4c45b3f4 in_time: 680394.6736, out_time: 680514.6255, total wait time: 119.9519 seconds
[36m(RouterManager pid=1850)[0m [Router ReqQueue] Req chatcmpl-4e57ac3e74d8454dbcffceec45c2bf39 in_time: 680394.7558, out_time: 680514.6256, total wait time: 119.8697 seconds
[36m(RouterManager pid=1850)[0m [Router ReqQueue] Req chatcmpl-d88a011b5b1245dd8628c636dc93a881 in_time: 680394.8324, out_time: 680514.6256, total wait time: 119.7931 seconds
[36m(RouterManager pid=1850)[0m [Router ReqQueue] Req chatcmpl-4756d2dd6ac146b79364f1a32034142a in_time: 680394.8929, out_time: 680514.6256, total wait time: 119.7327 seconds
[36m(RouterManager pid=1850)[0m [Router ReqQueue] Req chatcmpl-dd17274338404318bd132a33f1b14780 in_time: 680395.1295, out_time: 680514.6256, total wait time: 119.4961 seconds
[36m(RouterManager pid=1850)[0m [Router ReqQueue] Req chatcmpl-923f6331846d4430ba5f3f5b2f4b1213 in_time: 680395.1746, out_time: 680514.6256, total wait time: 119.4510 seconds
[36m(RouterManager pid=1850)[0m [Router ReqQueue] Req chatcmpl-7e03ebb6d5fb45dea90747027ecc049d in_time: 680395.2970, out_time: 680514.6256, total wait time: 119.3286 seconds
[36m(RouterManager pid=1850)[0m [Router ReqQueue] Req chatcmpl-d52d5374c43e4e488cc81c621b02afdc in_time: 680395.3367, out_time: 680514.6256, total wait time: 119.2889 seconds
[36m(RouterManager pid=1850)[0m [Router ReqQueue] Req chatcmpl-9123f591ecdf4cab80a03e8f18fb469a in_time: 680395.5601, out_time: 680514.6256, total wait time: 119.0655 seconds
[36m(RouterManager pid=1850)[0m [Router ReqQueue] Req chatcmpl-6e18f8150a8543ebad3d919dd9a4b2e5 in_time: 680396.1164, out_time: 680514.6256, total wait time: 118.5093 seconds
[36m(RouterManager pid=1850)[0m [Router ReqQueue] Req chatcmpl-a7ed021b77e64b2880295c09c7c06599 in_time: 680396.7014, out_time: 680514.6257, total wait time: 117.9242 seconds
[36m(RouterManager pid=1850)[0m [Router ReqQueue] Req chatcmpl-e1356934bc49423e8118779655f53273 in_time: 680396.7062, out_time: 680514.6257, total wait time: 117.9195 seconds
[36m(RouterManager pid=1850)[0m [Router ReqQueue] Req chatcmpl-c351e022fdeb44be97db47d41842b352 in_time: 680396.7527, out_time: 680514.6257, total wait time: 117.8729 seconds
[36m(RouterManager pid=1850)[0m [Router ReqQueue] Req chatcmpl-5c31893242d24d16a9941f19d8d95def in_time: 680397.3226, out_time: 680514.6257, total wait time: 117.3031 seconds
[36m(RouterManager pid=1850)[0m [Router ReqQueue] Req chatcmpl-fb7c276aa0ab4caa8244af9c08e2dc4b in_time: 680397.5156, out_time: 680514.6257, total wait time: 117.1101 seconds
[36m(RouterManager pid=1850)[0m [Router ReqQueue] Req chatcmpl-07e526f010e541dd9e1bc8155db11b7d in_time: 680397.8415, out_time: 680514.6257, total wait time: 116.7842 seconds
[36m(RouterManager pid=1850)[0m [Router ReqQueue] Req chatcmpl-7b78e2f60a9342fe9e41299c0a764432 in_time: 680397.8465, out_time: 680514.6257, total wait time: 116.7792 seconds
[36m(RouterManager pid=1850)[0m [Router ReqQueue] Req chatcmpl-8b5b58a7008b4c3ab88cf65c694f336c in_time: 680398.2775, out_time: 680514.6257, total wait time: 116.3482 seconds
[36m(RouterManager pid=1850)[0m [Router ReqQueue] Req chatcmpl-95c7ef4e1dcd444aa3fa88875066a0dc in_time: 680398.4377, out_time: 680514.6257, total wait time: 116.1880 seconds
[36m(RouterManager pid=1850)[0m [Router ReqQueue] Req chatcmpl-71236c1af80443aab68accb3d6b18302 in_time: 680398.4757, out_time: 680514.6257, total wait time: 116.1501 seconds
[36m(RouterManager pid=1850)[0m [Router ReqQueue] Req chatcmpl-d3470de91bcc400c9f5389305fe04fd7 in_time: 680398.5339, out_time: 680514.6257, total wait time: 116.0918 seconds
[36m(RouterManager pid=1850)[0m [Router ReqQueue] Req chatcmpl-3861cd89aca146a8b920789e6d00a0ca in_time: 680398.8078, out_time: 680514.6258, total wait time: 115.8180 seconds
[36m(RouterManager pid=1850)[0m [Router ReqQueue] Req chatcmpl-83a942d7da1b4eb39feb8a6065099052 in_time: 680398.9043, out_time: 680514.6258, total wait time: 115.7215 seconds
[36m(RouterManager pid=1850)[0m [Router ReqQueue] Req chatcmpl-f54a480025474e3abec9eab423eef8bd in_time: 680398.9093, out_time: 680514.6258, total wait time: 115.7165 seconds
[36m(RouterManager pid=1850)[0m [Router ReqQueue] Req chatcmpl-d2a7cec2c48048bca125ef463cda568b in_time: 680398.9437, out_time: 680514.6258, total wait time: 115.6821 seconds
[36m(RouterManager pid=1850)[0m [Router ReqQueue] Req chatcmpl-4d349470e4694654bc40b2b0d9c2d55d in_time: 680399.0584, out_time: 680514.6258, total wait time: 115.5674 seconds
[36m(RouterManager pid=1850)[0m [Router ReqQueue] Req chatcmpl-ee4de9b270a64dfea6577b122bbf5a18 in_time: 680399.1724, out_time: 680514.6258, total wait time: 115.4534 seconds
[36m(RouterManager pid=1850)[0m [Router ReqQueue] Req chatcmpl-310d0a07215149e692c87e39c473a713 in_time: 680399.1915, out_time: 680514.6258, total wait time: 115.4343 seconds
[36m(RouterManager pid=1850)[0m [Router ReqQueue] Req chatcmpl-603354c2018d44aea2144c892d1fb29d in_time: 680399.5796, out_time: 680514.6258, total wait time: 115.0462 seconds
[36m(RouterManager pid=1850)[0m [Router ReqQueue] Req chatcmpl-7859a761350f4f5ca17fbbc591c8054b in_time: 680399.6936, out_time: 680514.6258, total wait time: 114.9322 seconds
[36m(RouterManager pid=1850)[0m [Router ReqQueue] Req chatcmpl-0b6dd93350f145aab8b1364dcaf03542 in_time: 680399.9561, out_time: 680514.6258, total wait time: 114.6697 seconds
[36m(RouterManager pid=1850)[0m [Router ReqQueue] Req chatcmpl-8409c21798de46ba9086222b66a2f8f8 in_time: 680400.2836, out_time: 680514.6259, total wait time: 114.3422 seconds
[36m(RouterManager pid=1850)[0m [Router ReqQueue] Req chatcmpl-2c4af79a1b394d92a2bc5766bfec2045 in_time: 680400.2860, out_time: 680514.6259, total wait time: 114.3399 seconds
[36m(RouterManager pid=1850)[0m [Router ReqQueue] Req chatcmpl-b0e1e8f36acc4f98822761f5079eae8c in_time: 680400.3277, out_time: 680514.6259, total wait time: 114.2982 seconds
[36m(RouterManager pid=1850)[0m [Router ReqQueue] Req chatcmpl-076818d0afaa4f07a371db489d1cb293 in_time: 680400.3468, out_time: 680514.6259, total wait time: 114.2790 seconds
[36m(RouterManager pid=1850)[0m [Router ReqQueue] Req chatcmpl-0fe0480534b54f50af22bd5f61db4262 in_time: 680400.3975, out_time: 680514.6259, total wait time: 114.2283 seconds
[36m(RouterManager pid=1850)[0m [Router ReqQueue] Req chatcmpl-31fd3d02703e41b390fb92e17e2f1ced in_time: 680400.6402, out_time: 680514.6259, total wait time: 113.9857 seconds
[36m(RouterManager pid=1850)[0m [Router ReqQueue] Req chatcmpl-e6fc127056d74b96a9ff20678070f368 in_time: 680400.9260, out_time: 680514.6259, total wait time: 113.6999 seconds
[36m(RouterManager pid=1850)[0m [Router ReqQueue] Req chatcmpl-10e929ae4bcf47a392c11588ae5ccb84 in_time: 680400.9389, out_time: 680514.6259, total wait time: 113.6870 seconds
[36m(RouterManager pid=1850)[0m [Router ReqQueue] Req chatcmpl-a02263fcd2664876856e6173725f3acf in_time: 680401.4452, out_time: 680514.6259, total wait time: 113.1807 seconds
[36m(RouterManager pid=1850)[0m [Router ReqQueue] Req chatcmpl-251b2bff692f4ec9babfde50727a6f50 in_time: 680401.5158, out_time: 680514.6259, total wait time: 113.1102 seconds
[36m(RouterManager pid=1850)[0m [Router ReqQueue] Req chatcmpl-d5bfbcf52b74435582b4e63152d037f1 in_time: 680401.6467, out_time: 680514.6259, total wait time: 112.9793 seconds
[36m(RouterManager pid=1850)[0m [Router ReqQueue] Req chatcmpl-cadf110377354341933e1a0afdfc773d in_time: 680401.7221, out_time: 680514.6260, total wait time: 112.9038 seconds
[36m(RouterManager pid=1850)[0m [Router ReqQueue] Req chatcmpl-a775cbfa2bcc4eb4a3568fb13ca14072 in_time: 680401.7386, out_time: 680514.6260, total wait time: 112.8874 seconds
[36m(RouterManager pid=1850)[0m [Router ReqQueue] Req chatcmpl-8f1a3a4f403447eb89f98d3774d42bdb in_time: 680402.1435, out_time: 680514.6260, total wait time: 112.4825 seconds
[36m(RouterManager pid=1850)[0m [Router ReqQueue] Req chatcmpl-a2227a69c85244db81ff88faac4d6a92 in_time: 680402.1983, out_time: 680514.6260, total wait time: 112.4277 seconds
[36m(RouterManager pid=1850)[0m [Router ReqQueue] Req chatcmpl-40fbf30ca7d540d7bbbf63e895056635 in_time: 680402.2987, out_time: 680514.6260, total wait time: 112.3273 seconds
[36m(RouterManager pid=1850)[0m [Router ReqQueue] Req chatcmpl-cbddb6d435734d2b94268fe9d349d64d in_time: 680402.3022, out_time: 680514.6260, total wait time: 112.3238 seconds
[36m(RouterManager pid=1850)[0m [Router ReqQueue] Req chatcmpl-c30e476db3fc4ff7b3ddb4bfa0f79e80 in_time: 680402.8570, out_time: 680514.6260, total wait time: 111.7690 seconds
[36m(RouterManager pid=1850)[0m [Router ReqQueue] Req chatcmpl-3294e1a4577f41ee8d4e285801dc1f20 in_time: 680402.9664, out_time: 680514.6260, total wait time: 111.6596 seconds
[36m(RouterManager pid=1850)[0m [Router ReqQueue] Req chatcmpl-c732db5ab13e4a3b96553180005dabd6 in_time: 680403.2247, out_time: 680514.6260, total wait time: 111.4014 seconds
[36m(RouterManager pid=1850)[0m [Router ReqQueue] Req chatcmpl-6a2ccf42dbd44640923b1242169fffad in_time: 680403.5398, out_time: 680514.6260, total wait time: 111.0862 seconds
[36m(RouterManager pid=1850)[0m [Router ReqQueue] Req chatcmpl-55430545594d487fb5c9aa48df1ba698 in_time: 680404.2457, out_time: 680514.6261, total wait time: 110.3804 seconds
[36m(RouterManager pid=1850)[0m [Router ReqQueue] Req chatcmpl-d34ca73e42474eeaad6f2344a8179df7 in_time: 680404.3773, out_time: 680514.6261, total wait time: 110.2488 seconds
[36m(RouterManager pid=1850)[0m [Router ReqQueue] Req chatcmpl-136f44db39db40e9b77bedac7d07c3c4 in_time: 680404.4939, out_time: 680514.6261, total wait time: 110.1321 seconds
[36m(RouterManager pid=1850)[0m [Router ReqQueue] Req chatcmpl-b7a182ef5ebd46d8bf72e1289a145be7 in_time: 680404.6549, out_time: 680514.6261, total wait time: 109.9712 seconds
[36m(RouterManager pid=1850)[0m [Router ReqQueue] Req chatcmpl-7ce8e163634b4c98a689687b9830106d in_time: 680404.8062, out_time: 680514.6261, total wait time: 109.8199 seconds
[36m(RouterManager pid=1850)[0m [Router ReqQueue] Req chatcmpl-39021d36408547d1895b7e32a66d924f in_time: 680404.8398, out_time: 680514.6261, total wait time: 109.7863 seconds
[36m(RouterManager pid=1850)[0m [Router ReqQueue] Req chatcmpl-527bf6dd890a4c31a33848f7b5709f94 in_time: 680404.8868, out_time: 680514.6261, total wait time: 109.7393 seconds
[36m(RouterManager pid=1850)[0m [Router ReqQueue] Req chatcmpl-2cc81b2979ce4471b0841b4bfc746b39 in_time: 680405.3276, out_time: 680514.6261, total wait time: 109.2986 seconds
[36m(RouterManager pid=1850)[0m [Router ReqQueue] Req chatcmpl-7bc09d14e8824ad6b223db9e63cdc714 in_time: 680405.6479, out_time: 680514.6261, total wait time: 108.9782 seconds
[36m(RouterManager pid=1850)[0m [Router ReqQueue] Req chatcmpl-162ffd5bca7b45f3aafa21323f26382f in_time: 680405.9790, out_time: 680514.6262, total wait time: 108.6472 seconds
[36m(RouterManager pid=1850)[0m [Router ReqQueue] Req chatcmpl-863d1ecc1ef74000a18c8d4df4c6cfd8 in_time: 680406.1012, out_time: 680514.6262, total wait time: 108.5249 seconds
[36m(RouterManager pid=1850)[0m [Router ReqQueue] Req chatcmpl-b4c545a7a6e34dc4a6025ec25da63272 in_time: 680406.1172, out_time: 680514.6262, total wait time: 108.5090 seconds
[36m(RouterManager pid=1850)[0m [Router ReqQueue] Req chatcmpl-7d5da93a937c49ceb28fb60c9776205f in_time: 680406.2960, out_time: 680514.6262, total wait time: 108.3302 seconds
[36m(RouterManager pid=1850)[0m [Router ReqQueue] Req chatcmpl-0bfbb41e07484477a430f09db4d07536 in_time: 680406.5641, out_time: 680514.6262, total wait time: 108.0621 seconds
[36m(RouterManager pid=1850)[0m [Router ReqQueue] Req chatcmpl-53c120521e074366bc57f3a33745479c in_time: 680406.6967, out_time: 680514.6262, total wait time: 107.9295 seconds
[36m(RouterManager pid=1850)[0m [Router ReqQueue] Req chatcmpl-d126f9f1adcb4bc08fc59e729fded061 in_time: 680406.8079, out_time: 680514.6262, total wait time: 107.8183 seconds
[36m(RouterManager pid=1850)[0m [Router ReqQueue] Req chatcmpl-20f4be6c9cdd4ce0af6f5839d0dcd10f in_time: 680406.9748, out_time: 680514.6262, total wait time: 107.6514 seconds
[36m(RouterManager pid=1850)[0m [Router ReqQueue] Req chatcmpl-9e2c37c8451946099a4d055fc49f1ca0 in_time: 680407.0721, out_time: 680514.6262, total wait time: 107.5541 seconds
[36m(RouterManager pid=1850)[0m [Router ReqQueue] Req chatcmpl-586dc2b6566c438ba8a0c45ce45942e4 in_time: 680407.4594, out_time: 680514.6262, total wait time: 107.1668 seconds
[36m(RouterManager pid=1850)[0m [Router ReqQueue] Req chatcmpl-fd3412299d9140538649532c390a9d1d in_time: 680407.5957, out_time: 680514.6262, total wait time: 107.0306 seconds
[36m(RouterManager pid=1850)[0m [Router ReqQueue] Req chatcmpl-3243ace1f22943b197cc913bb6e73aea in_time: 680407.6155, out_time: 680514.6263, total wait time: 107.0107 seconds
[36m(RouterManager pid=1850)[0m [Router ReqQueue] Req chatcmpl-9101a5f5d457446e85d6a26ed092bca1 in_time: 680407.7334, out_time: 680514.6263, total wait time: 106.8929 seconds
[36m(RouterManager pid=1850)[0m [Router ReqQueue] Req chatcmpl-7e7f2cff77d9428cb5d89e65bbdb64fb in_time: 680407.8590, out_time: 680514.6263, total wait time: 106.7672 seconds
[36m(RouterManager pid=1850)[0m [Router ReqQueue] Req chatcmpl-caa41a156b3942b597acc06251c3e517 in_time: 680408.2314, out_time: 680514.6263, total wait time: 106.3949 seconds
[36m(RouterManager pid=1850)[0m [Router ReqQueue] Req chatcmpl-8ee6733f36fe423f979686a3a9cad46b in_time: 680408.5641, out_time: 680514.6263, total wait time: 106.0622 seconds
[36m(RouterManager pid=1850)[0m [Router ReqQueue] Req chatcmpl-7a08f271698240c3bb2ec322753ab6db in_time: 680408.7600, out_time: 680514.6263, total wait time: 105.8663 seconds
[36m(RouterManager pid=1850)[0m [Router ReqQueue] Req chatcmpl-b40aa9b74611474f83ffbf888e8b5ed6 in_time: 680408.7812, out_time: 680514.6263, total wait time: 105.8451 seconds
[36m(RouterManager pid=1850)[0m [Router ReqQueue] Req chatcmpl-88cba86c699b41cc94921daf71975e7f in_time: 680409.2942, out_time: 680514.6263, total wait time: 105.3321 seconds
[36m(RouterManager pid=1850)[0m [Router ReqQueue] Req chatcmpl-52955dcde93c4d34acac27aab5ec9ed5 in_time: 680409.6364, out_time: 680514.6263, total wait time: 104.9899 seconds
[36m(RouterManager pid=1850)[0m [Router ReqQueue] Req chatcmpl-e7f2c694c7ad4ae09a5ff42c92031e78 in_time: 680409.6672, out_time: 680514.6263, total wait time: 104.9592 seconds
[36m(RouterManager pid=1850)[0m [Router ReqQueue] Req chatcmpl-9c1f6c6646cc4b5c9daefd15b0fb7a9c in_time: 680409.7714, out_time: 680514.6264, total wait time: 104.8549 seconds
[36m(RouterManager pid=1850)[0m [Router ReqQueue] Req chatcmpl-8f881ea4f4174757a3e58d01c39a02a2 in_time: 680409.7971, out_time: 680514.6264, total wait time: 104.8292 seconds
[36m(RouterManager pid=1850)[0m [Router ReqQueue] Req chatcmpl-d235b096b4b94d45bec69aba0a7e43ed in_time: 680409.9399, out_time: 680514.6264, total wait time: 104.6865 seconds
[36m(RouterManager pid=1850)[0m [Router ReqQueue] Req chatcmpl-1f1f2d0f37774f52a5b05c572ca48510 in_time: 680410.1098, out_time: 680514.6264, total wait time: 104.5166 seconds
[36m(RouterManager pid=1850)[0m [Router ReqQueue] Req chatcmpl-b6c23391f9bc410f882cb29feee58fd5 in_time: 680410.1113, out_time: 680514.6264, total wait time: 104.5151 seconds
[36m(RouterManager pid=1850)[0m [Router ReqQueue] Req chatcmpl-ac246b631250423c9ab2e0d9a21acda5 in_time: 680410.4534, out_time: 680514.6264, total wait time: 104.1730 seconds
[36m(RouterManager pid=1850)[0m [Router ReqQueue] Req chatcmpl-5529e011d6e34883a214f4abd23a547f in_time: 680410.7644, out_time: 680514.6264, total wait time: 103.8620 seconds
[36m(RouterManager pid=1850)[0m [Router ReqQueue] Req chatcmpl-46f18baebced4259816a5aa9ee76e38e in_time: 680410.8208, out_time: 680514.6264, total wait time: 103.8056 seconds
[36m(RouterManager pid=1850)[0m [Router ReqQueue] Req chatcmpl-064eeba61a3e418bb504ffd78a856096 in_time: 680411.4389, out_time: 680514.6264, total wait time: 103.1875 seconds
[36m(RouterManager pid=1850)[0m [Router ReqQueue] Req chatcmpl-ade1c39fbcd64de49f405f03735239c4 in_time: 680411.7056, out_time: 680514.6264, total wait time: 102.9209 seconds
[36m(RouterManager pid=1850)[0m [Router ReqQueue] Req chatcmpl-981027f526a4453692cd4cdfd1c2deb4 in_time: 680411.7347, out_time: 680514.6264, total wait time: 102.8917 seconds
[36m(RouterManager pid=1850)[0m [Router ReqQueue] Req chatcmpl-73bd58d51eaf4ff48da4d1538d707def in_time: 680411.7538, out_time: 680514.6265, total wait time: 102.8726 seconds
[36m(RouterManager pid=1850)[0m [Router ReqQueue] Req chatcmpl-71939be19aab4c68ad51d4a5bba0dfa0 in_time: 680411.7995, out_time: 680514.6265, total wait time: 102.8270 seconds
[36m(RouterManager pid=1850)[0m [Router ReqQueue] Req chatcmpl-fa0abedd20d94592a4662f907b63bc44 in_time: 680412.0409, out_time: 680514.6265, total wait time: 102.5856 seconds
[36m(RouterManager pid=1850)[0m [Router ReqQueue] Req chatcmpl-7292cb2dd654419a928df229202d27d3 in_time: 680412.2194, out_time: 680514.6265, total wait time: 102.4071 seconds
[36m(RouterManager pid=1850)[0m [Router ReqQueue] Req chatcmpl-68c3747577fa47d9834a5a849bf467c0 in_time: 680412.3889, out_time: 680514.6265, total wait time: 102.2376 seconds
[36m(RouterManager pid=1850)[0m [Router ReqQueue] Req chatcmpl-8bd62b5f5ffd45da97bf85c1afa0ae52 in_time: 680412.5735, out_time: 680514.6265, total wait time: 102.0530 seconds
[36m(RouterManager pid=1850)[0m [Router ReqQueue] Req chatcmpl-a4552e16e7fc4f67bcb164615b53cede in_time: 680413.0856, out_time: 680514.6265, total wait time: 101.5409 seconds
[36m(RouterManager pid=1850)[0m [Router ReqQueue] Req chatcmpl-a2a5316f321845d3aeee96c20856c585 in_time: 680413.1417, out_time: 680514.6265, total wait time: 101.4848 seconds
[36m(RouterManager pid=1850)[0m [Router ReqQueue] Req chatcmpl-d1f4012e1adc4ddc9a94afc8dcbab3af in_time: 680413.1623, out_time: 680514.6265, total wait time: 101.4643 seconds
[36m(RouterManager pid=1850)[0m [Router ReqQueue] Req chatcmpl-5c1f1ef6411946e68fd8517c06b48ecc in_time: 680413.4890, out_time: 680514.6265, total wait time: 101.1375 seconds
[36m(RouterManager pid=1850)[0m [Router ReqQueue] Req chatcmpl-f42ccb5b55964d25b0694e3c99f110b6 in_time: 680413.5124, out_time: 680514.6265, total wait time: 101.1141 seconds
[36m(RouterManager pid=1850)[0m [Router ReqQueue] Req chatcmpl-e23032e549044b25b37ac35a52f7a577 in_time: 680413.6599, out_time: 680514.6266, total wait time: 100.9666 seconds
[36m(RouterManager pid=1850)[0m [Router ReqQueue] Req chatcmpl-e7d56bcfced3451c92caa4b9dd4a8833 in_time: 680413.8533, out_time: 680514.6266, total wait time: 100.7733 seconds
[36m(RouterManager pid=1850)[0m [Router ReqQueue] Req chatcmpl-8d09352c037e49cf90be4bc569509a3e in_time: 680414.0467, out_time: 680514.6266, total wait time: 100.5799 seconds
[36m(RouterManager pid=1850)[0m [Router ReqQueue] Req chatcmpl-6d34fd76227041b6b90075196d637cbc in_time: 680414.6440, out_time: 680514.6266, total wait time: 99.9826 seconds
[36m(RouterManager pid=1850)[0m [Router ReqQueue] Req chatcmpl-c666b00a89674e7489c66e007d44c92d in_time: 680414.9776, out_time: 680514.6266, total wait time: 99.6490 seconds
[36m(RouterManager pid=1850)[0m [Router ReqQueue] Req chatcmpl-348f576cb72d4bf9bd84f240327cf6cf in_time: 680415.1707, out_time: 680514.6266, total wait time: 99.4559 seconds
[36m(RouterManager pid=1850)[0m [Router ReqQueue] Req chatcmpl-754d20f6a3c14d5588cea5af6b26ca46 in_time: 680415.8181, out_time: 680514.6266, total wait time: 98.8086 seconds
[36m(RouterManager pid=1850)[0m [Router ReqQueue] Req chatcmpl-21eb8bad5d224349b1660e489e244bf5 in_time: 680416.0536, out_time: 680514.6266, total wait time: 98.5730 seconds
[36m(RouterManager pid=1850)[0m [Router ReqQueue] Req chatcmpl-9464d7225f6b4e278ec5046c25e6c684 in_time: 680416.2572, out_time: 680514.6266, total wait time: 98.3695 seconds
[36m(RouterManager pid=1850)[0m [Router ReqQueue] Req chatcmpl-02e40dc54b9740cc8249153fb7d9f732 in_time: 680416.3250, out_time: 680514.6266, total wait time: 98.3016 seconds
[36m(RouterManager pid=1850)[0m [Loongserve manager] scheduling time: 30.31 ms
[36m(RouterManager pid=1850)[0m [Loongserve manager] prefill and decoding batch scheduling results:
[36m(RouterManager pid=1850)[0m     running decode batch id: fe8e420a592a4b7da48b6392acd7dae9, req num: 151, occupied instances: [3, 1], batch_used_tokens_sum: 424574
[36m(RouterManager pid=1850)[0m     prefill batch id: e5c04a30162a456285af5dbceb2ccbd1, req num: 164, occupied instances: [0, 2], batch_used_tokens_sum: 0
[36m(RouterManager pid=1850)[0m [Loongserve manager] running batch id: e5c04a30162a456285af5dbceb2ccbd1, req num: 164, occupied instances: [0, 2], batch_used_tokens_sum: 434888
[36m(RouterManager pid=1850)[0m === RouterManager iteration 769 ===
[36m(RouterManager pid=1850)[0m self.req_queue.waiting_req_list length: 0
[36m(RouterManager pid=1850)[0m === RouterManager iteration 770 ===
[36m(RouterManager pid=1850)[0m self.req_queue.waiting_req_list length: 0
[36m(RouterManager pid=1850)[0m === RouterManager iteration 771 ===
[36m(RouterManager pid=1850)[0m self.req_queue.waiting_req_list length: 0
[36m(RouterManager pid=1850)[0m === RouterManager iteration 772 ===
[36m(RouterManager pid=1850)[0m self.req_queue.waiting_req_list length: 0
[36m(RouterManager pid=1850)[0m === RouterManager iteration 773 ===
[36m(RouterManager pid=1850)[0m self.req_queue.waiting_req_list length: 0
[36m(RouterManager pid=1850)[0m === RouterManager iteration 774 ===
[36m(RouterManager pid=1850)[0m self.req_queue.waiting_req_list length: 0
[36m(RouterManager pid=1850)[0m === RouterManager iteration 775 ===
[36m(RouterManager pid=1850)[0m self.req_queue.waiting_req_list length: 0
[36m(RouterManager pid=1850)[0m === RouterManager iteration 776 ===
[36m(RouterManager pid=1850)[0m self.req_queue.waiting_req_list length: 0
[36m(RouterManager pid=1850)[0m === RouterManager iteration 777 ===
[36m(RouterManager pid=1850)[0m self.req_queue.waiting_req_list length: 0
[36m(RouterManager pid=1850)[0m === RouterManager iteration 778 ===
[36m(RouterManager pid=1850)[0m self.req_queue.waiting_req_list length: 0
[36m(RouterManager pid=1850)[0m === RouterManager iteration 779 ===
[36m(RouterManager pid=1850)[0m self.req_queue.waiting_req_list length: 0
[36m(RouterManager pid=1850)[0m === RouterManager iteration 780 ===
[36m(RouterManager pid=1850)[0m self.req_queue.waiting_req_list length: 0
[36m(RouterManager pid=1850)[0m === RouterManager iteration 781 ===
[36m(RouterManager pid=1850)[0m self.req_queue.waiting_req_list length: 0
[36m(RouterManager pid=1850)[0m === RouterManager iteration 782 ===
[36m(RouterManager pid=1850)[0m self.req_queue.waiting_req_list length: 0
[36m(RouterManager pid=1850)[0m === RouterManager iteration 783 ===
[36m(RouterManager pid=1850)[0m self.req_queue.waiting_req_list length: 0
[36m(RouterManager pid=1850)[0m === RouterManager iteration 784 ===
[36m(RouterManager pid=1850)[0m self.req_queue.waiting_req_list length: 0
[36m(RouterManager pid=1850)[0m === RouterManager iteration 785 ===
[36m(RouterManager pid=1850)[0m self.req_queue.waiting_req_list length: 0
[36m(RouterManager pid=1850)[0m === RouterManager iteration 786 ===
[36m(RouterManager pid=1850)[0m self.req_queue.waiting_req_list length: 0
[36m(RouterManager pid=1850)[0m === RouterManager iteration 787 ===
[36m(RouterManager pid=1850)[0m self.req_queue.waiting_req_list length: 0
[36m(RouterManager pid=1850)[0m === RouterManager iteration 788 ===
[36m(RouterManager pid=1850)[0m self.req_queue.waiting_req_list length: 0
[36m(RouterManager pid=1850)[0m === RouterManager iteration 789 ===
[36m(RouterManager pid=1850)[0m self.req_queue.waiting_req_list length: 0
[36m(RouterManager pid=1850)[0m === RouterManager iteration 790 ===
[36m(RouterManager pid=1850)[0m self.req_queue.waiting_req_list length: 0
[36m(RouterManager pid=1850)[0m === RouterManager iteration 791 ===
[36m(RouterManager pid=1850)[0m self.req_queue.waiting_req_list length: 0
[36m(RouterManager pid=1850)[0m === RouterManager iteration 792 ===
[36m(RouterManager pid=1850)[0m self.req_queue.waiting_req_list length: 0
[36m(RouterManager pid=1850)[0m === RouterManager iteration 793 ===
[36m(RouterManager pid=1850)[0m self.req_queue.waiting_req_list length: 0
[36m(RouterManager pid=1850)[0m === RouterManager iteration 794 ===
[36m(RouterManager pid=1850)[0m self.req_queue.waiting_req_list length: 0
[36m(RouterManager pid=1850)[0m === RouterManager iteration 795 ===
[36m(RouterManager pid=1850)[0m self.req_queue.waiting_req_list length: 0
[36m(RouterManager pid=1850)[0m === RouterManager iteration 796 ===
[36m(RouterManager pid=1850)[0m self.req_queue.waiting_req_list length: 0
[36m(RouterManager pid=1850)[0m === RouterManager iteration 797 ===
[36m(RouterManager pid=1850)[0m self.req_queue.waiting_req_list length: 0
[36m(RouterManager pid=1850)[0m === RouterManager iteration 798 ===
[36m(RouterManager pid=1850)[0m self.req_queue.waiting_req_list length: 0
[36m(RouterManager pid=1850)[0m === RouterManager iteration 799 ===
[36m(RouterManager pid=1850)[0m self.req_queue.waiting_req_list length: 0
[36m(RouterManager pid=1850)[0m === RouterManager iteration 800 ===
[36m(RouterManager pid=1850)[0m self.req_queue.waiting_req_list length: 0
[36m(RouterManager pid=1850)[0m === RouterManager iteration 801 ===
[36m(RouterManager pid=1850)[0m self.req_queue.waiting_req_list length: 0
[36m(RouterManager pid=1850)[0m === RouterManager iteration 802 ===
[36m(RouterManager pid=1850)[0m self.req_queue.waiting_req_list length: 0
[36m(RouterManager pid=1850)[0m === RouterManager iteration 803 ===
[36m(RouterManager pid=1850)[0m self.req_queue.waiting_req_list length: 0
[36m(RouterManager pid=1850)[0m === RouterManager iteration 804 ===
[36m(RouterManager pid=1850)[0m self.req_queue.waiting_req_list length: 0
[36m(RouterManager pid=1850)[0m === RouterManager iteration 805 ===
[36m(RouterManager pid=1850)[0m self.req_queue.waiting_req_list length: 0
[36m(RouterManager pid=1850)[0m === RouterManager iteration 806 ===
[36m(RouterManager pid=1850)[0m self.req_queue.waiting_req_list length: 0
[36m(RouterManager pid=1850)[0m === RouterManager iteration 807 ===
[36m(RouterManager pid=1850)[0m self.req_queue.waiting_req_list length: 0
[36m(RouterManager pid=1850)[0m === RouterManager iteration 808 ===
[36m(RouterManager pid=1850)[0m self.req_queue.waiting_req_list length: 0
[36m(RouterManager pid=1850)[0m === RouterManager iteration 809 ===
[36m(RouterManager pid=1850)[0m self.req_queue.waiting_req_list length: 0
[36m(RouterManager pid=1850)[0m === RouterManager iteration 810 ===
[36m(RouterManager pid=1850)[0m self.req_queue.waiting_req_list length: 0
[36m(RouterManager pid=1850)[0m === RouterManager iteration 811 ===
[36m(RouterManager pid=1850)[0m self.req_queue.waiting_req_list length: 0
[36m(RouterManager pid=1850)[0m === RouterManager iteration 812 ===
[36m(RouterManager pid=1850)[0m self.req_queue.waiting_req_list length: 0
[36m(RouterManager pid=1850)[0m === RouterManager iteration 813 ===
[36m(RouterManager pid=1850)[0m self.req_queue.waiting_req_list length: 0
[36m(RouterManager pid=1850)[0m === RouterManager iteration 814 ===
[36m(RouterManager pid=1850)[0m self.req_queue.waiting_req_list length: 0
[36m(RouterManager pid=1850)[0m === RouterManager iteration 815 ===
[36m(RouterManager pid=1850)[0m self.req_queue.waiting_req_list length: 0
[36m(RouterManager pid=1850)[0m === RouterManager iteration 816 ===
[36m(RouterManager pid=1850)[0m self.req_queue.waiting_req_list length: 0
[36m(RouterManager pid=1850)[0m === RouterManager iteration 817 ===
[36m(RouterManager pid=1850)[0m self.req_queue.waiting_req_list length: 0
[36m(RouterManager pid=1850)[0m === RouterManager iteration 818 ===
[36m(RouterManager pid=1850)[0m self.req_queue.waiting_req_list length: 0
[36m(RouterManager pid=1850)[0m === RouterManager iteration 819 ===
[36m(RouterManager pid=1850)[0m self.req_queue.waiting_req_list length: 0
[36m(RouterManager pid=1850)[0m === RouterManager iteration 820 ===
[36m(RouterManager pid=1850)[0m self.req_queue.waiting_req_list length: 0
[36m(RouterManager pid=1850)[0m === RouterManager iteration 821 ===
[36m(RouterManager pid=1850)[0m self.req_queue.waiting_req_list length: 0
[36m(RouterManager pid=1850)[0m === RouterManager iteration 822 ===
[36m(RouterManager pid=1850)[0m self.req_queue.waiting_req_list length: 0
[36m(RouterManager pid=1850)[0m === RouterManager iteration 823 ===
[36m(RouterManager pid=1850)[0m self.req_queue.waiting_req_list length: 0
[36m(RouterManager pid=1850)[0m === RouterManager iteration 824 ===
[36m(RouterManager pid=1850)[0m self.req_queue.waiting_req_list length: 0
[36m(RouterManager pid=1850)[0m === RouterManager iteration 825 ===
[36m(RouterManager pid=1850)[0m self.req_queue.waiting_req_list length: 0
[36m(RouterManager pid=1850)[0m === RouterManager iteration 826 ===
[36m(RouterManager pid=1850)[0m self.req_queue.waiting_req_list length: 0
[36m(RouterManager pid=1850)[0m === RouterManager iteration 827 ===
[36m(RouterManager pid=1850)[0m self.req_queue.waiting_req_list length: 0
[36m(RouterManager pid=1850)[0m === RouterManager iteration 828 ===
[36m(RouterManager pid=1850)[0m self.req_queue.waiting_req_list length: 0
[36m(RouterManager pid=1850)[0m === RouterManager iteration 829 ===
[36m(RouterManager pid=1850)[0m self.req_queue.waiting_req_list length: 0
[36m(RouterManager pid=1850)[0m === RouterManager iteration 830 ===
[36m(RouterManager pid=1850)[0m self.req_queue.waiting_req_list length: 0
[36m(RouterManager pid=1850)[0m === RouterManager iteration 831 ===
[36m(RouterManager pid=1850)[0m self.req_queue.waiting_req_list length: 0
[36m(RouterManager pid=1850)[0m === RouterManager iteration 832 ===
[36m(RouterManager pid=1850)[0m self.req_queue.waiting_req_list length: 0
[36m(RouterManager pid=1850)[0m === RouterManager iteration 833 ===
[36m(RouterManager pid=1850)[0m self.req_queue.waiting_req_list length: 0
[36m(RouterManager pid=1850)[0m === RouterManager iteration 834 ===
[36m(RouterManager pid=1850)[0m self.req_queue.waiting_req_list length: 0
[36m(RouterManager pid=1850)[0m === RouterManager iteration 835 ===
[36m(RouterManager pid=1850)[0m self.req_queue.waiting_req_list length: 0
[36m(RouterManager pid=1850)[0m === RouterManager iteration 836 ===
[36m(RouterManager pid=1850)[0m self.req_queue.waiting_req_list length: 0
[36m(RouterManager pid=1850)[0m === RouterManager iteration 837 ===
[36m(RouterManager pid=1850)[0m self.req_queue.waiting_req_list length: 0
[36m(RouterManager pid=1850)[0m === RouterManager iteration 838 ===
[36m(RouterManager pid=1850)[0m self.req_queue.waiting_req_list length: 0
[36m(RouterManager pid=1850)[0m === RouterManager iteration 839 ===
[36m(RouterManager pid=1850)[0m self.req_queue.waiting_req_list length: 0
[36m(RouterManager pid=1850)[0m === RouterManager iteration 840 ===
[36m(RouterManager pid=1850)[0m self.req_queue.waiting_req_list length: 0
[36m(RouterManager pid=1850)[0m === RouterManager iteration 841 ===
[36m(RouterManager pid=1850)[0m self.req_queue.waiting_req_list length: 0
[36m(RouterManager pid=1850)[0m === RouterManager iteration 842 ===
[36m(RouterManager pid=1850)[0m self.req_queue.waiting_req_list length: 0
[36m(RouterManager pid=1850)[0m === RouterManager iteration 843 ===
[36m(RouterManager pid=1850)[0m self.req_queue.waiting_req_list length: 0
[36m(RouterManager pid=1850)[0m === RouterManager iteration 844 ===
[36m(RouterManager pid=1850)[0m self.req_queue.waiting_req_list length: 0
[36m(RouterManager pid=1850)[0m === RouterManager iteration 845 ===
[36m(RouterManager pid=1850)[0m self.req_queue.waiting_req_list length: 0
[36m(RouterManager pid=1850)[0m === RouterManager iteration 846 ===
[36m(RouterManager pid=1850)[0m self.req_queue.waiting_req_list length: 0
[36m(RouterManager pid=1850)[0m === RouterManager iteration 847 ===
[36m(RouterManager pid=1850)[0m self.req_queue.waiting_req_list length: 0
[36m(RouterManager pid=1850)[0m === RouterManager iteration 848 ===
[36m(RouterManager pid=1850)[0m self.req_queue.waiting_req_list length: 0
[36m(RouterManager pid=1850)[0m === RouterManager iteration 849 ===
[36m(RouterManager pid=1850)[0m self.req_queue.waiting_req_list length: 0
[36m(RouterManager pid=1850)[0m === RouterManager iteration 850 ===
[36m(RouterManager pid=1850)[0m self.req_queue.waiting_req_list length: 0
[36m(RouterManager pid=1850)[0m === RouterManager iteration 851 ===
[36m(RouterManager pid=1850)[0m self.req_queue.waiting_req_list length: 0
[36m(RouterManager pid=1850)[0m === RouterManager iteration 852 ===
[36m(RouterManager pid=1850)[0m self.req_queue.waiting_req_list length: 0
[36m(RouterManager pid=1850)[0m === RouterManager iteration 853 ===
[36m(RouterManager pid=1850)[0m self.req_queue.waiting_req_list length: 0
[36m(RouterManager pid=1850)[0m === RouterManager iteration 854 ===
[36m(RouterManager pid=1850)[0m self.req_queue.waiting_req_list length: 0
[36m(RouterManager pid=1850)[0m === RouterManager iteration 855 ===
[36m(RouterManager pid=1850)[0m self.req_queue.waiting_req_list length: 0
[36m(RouterManager pid=1850)[0m === RouterManager iteration 856 ===
[36m(RouterManager pid=1850)[0m self.req_queue.waiting_req_list length: 0
[36m(RouterManager pid=1850)[0m === RouterManager iteration 857 ===
[36m(RouterManager pid=1850)[0m self.req_queue.waiting_req_list length: 0
[36m(RouterManager pid=1850)[0m === RouterManager iteration 858 ===
[36m(RouterManager pid=1850)[0m self.req_queue.waiting_req_list length: 0
[36m(RouterManager pid=1850)[0m === RouterManager iteration 859 ===
[36m(RouterManager pid=1850)[0m self.req_queue.waiting_req_list length: 0
[36m(RouterManager pid=1850)[0m === RouterManager iteration 860 ===
[36m(RouterManager pid=1850)[0m self.req_queue.waiting_req_list length: 0
[36m(RouterManager pid=1850)[0m === RouterManager iteration 861 ===
[36m(RouterManager pid=1850)[0m self.req_queue.waiting_req_list length: 0
[36m(RouterManager pid=1850)[0m === RouterManager iteration 862 ===
[36m(RouterManager pid=1850)[0m self.req_queue.waiting_req_list length: 0
[36m(RouterManager pid=1850)[0m === RouterManager iteration 863 ===
[36m(RouterManager pid=1850)[0m self.req_queue.waiting_req_list length: 0
[36m(RouterManager pid=1850)[0m === RouterManager iteration 864 ===
[36m(RouterManager pid=1850)[0m self.req_queue.waiting_req_list length: 0
[36m(RouterManager pid=1850)[0m === RouterManager iteration 865 ===
[36m(RouterManager pid=1850)[0m self.req_queue.waiting_req_list length: 0
[36m(RouterManager pid=1850)[0m === RouterManager iteration 866 ===
[36m(RouterManager pid=1850)[0m self.req_queue.waiting_req_list length: 0
[36m(RouterManager pid=1850)[0m === RouterManager iteration 867 ===
[36m(RouterManager pid=1850)[0m self.req_queue.waiting_req_list length: 0
[36m(RouterManager pid=1850)[0m === RouterManager iteration 868 ===
[36m(RouterManager pid=1850)[0m self.req_queue.waiting_req_list length: 0
[36m(RouterManager pid=1850)[0m === RouterManager iteration 869 ===
[36m(RouterManager pid=1850)[0m self.req_queue.waiting_req_list length: 0
[36m(RouterManager pid=1850)[0m === RouterManager iteration 870 ===
[36m(RouterManager pid=1850)[0m self.req_queue.waiting_req_list length: 0
[36m(RouterManager pid=1850)[0m === RouterManager iteration 871 ===
[36m(RouterManager pid=1850)[0m self.req_queue.waiting_req_list length: 0
[36m(RouterManager pid=1850)[0m === RouterManager iteration 872 ===
[36m(RouterManager pid=1850)[0m self.req_queue.waiting_req_list length: 0
[36m(RouterManager pid=1850)[0m === RouterManager iteration 873 ===
[36m(RouterManager pid=1850)[0m self.req_queue.waiting_req_list length: 0
[36m(RouterManager pid=1850)[0m === RouterManager iteration 874 ===
[36m(RouterManager pid=1850)[0m self.req_queue.waiting_req_list length: 0
[36m(RouterManager pid=1850)[0m === RouterManager iteration 875 ===
[36m(RouterManager pid=1850)[0m self.req_queue.waiting_req_list length: 0
[36m(RouterManager pid=1850)[0m === RouterManager iteration 876 ===
[36m(RouterManager pid=1850)[0m self.req_queue.waiting_req_list length: 0
[36m(RouterManager pid=1850)[0m === RouterManager iteration 877 ===
[36m(RouterManager pid=1850)[0m self.req_queue.waiting_req_list length: 0
[36m(RouterManager pid=1850)[0m === RouterManager iteration 878 ===
[36m(RouterManager pid=1850)[0m self.req_queue.waiting_req_list length: 0
[36m(RouterManager pid=1850)[0m === RouterManager iteration 879 ===
[36m(RouterManager pid=1850)[0m self.req_queue.waiting_req_list length: 0
[36m(RouterManager pid=1850)[0m === RouterManager iteration 880 ===
[36m(RouterManager pid=1850)[0m self.req_queue.waiting_req_list length: 0
[36m(RouterManager pid=1850)[0m === RouterManager iteration 881 ===
[36m(RouterManager pid=1850)[0m self.req_queue.waiting_req_list length: 0
[36m(RouterManager pid=1850)[0m === RouterManager iteration 882 ===
[36m(RouterManager pid=1850)[0m self.req_queue.waiting_req_list length: 0
[36m(RouterManager pid=1850)[0m === RouterManager iteration 883 ===
[36m(RouterManager pid=1850)[0m self.req_queue.waiting_req_list length: 0
[36m(RouterManager pid=1850)[0m === RouterManager iteration 884 ===
[36m(RouterManager pid=1850)[0m self.req_queue.waiting_req_list length: 0
[36m(RouterManager pid=1850)[0m === RouterManager iteration 885 ===
[36m(RouterManager pid=1850)[0m self.req_queue.waiting_req_list length: 0
[36m(RouterManager pid=1850)[0m === RouterManager iteration 886 ===
[36m(RouterManager pid=1850)[0m self.req_queue.waiting_req_list length: 0
[36m(RouterManager pid=1850)[0m === RouterManager iteration 887 ===
[36m(RouterManager pid=1850)[0m self.req_queue.waiting_req_list length: 0
[36m(RouterManager pid=1850)[0m === RouterManager iteration 888 ===
[36m(RouterManager pid=1850)[0m self.req_queue.waiting_req_list length: 0
[36m(RouterManager pid=1850)[0m === RouterManager iteration 889 ===
[36m(RouterManager pid=1850)[0m self.req_queue.waiting_req_list length: 0
[36m(RouterManager pid=1850)[0m === RouterManager iteration 890 ===
[36m(RouterManager pid=1850)[0m self.req_queue.waiting_req_list length: 0
[36m(RouterManager pid=1850)[0m === RouterManager iteration 891 ===
[36m(RouterManager pid=1850)[0m self.req_queue.waiting_req_list length: 0
[36m(RouterManager pid=1850)[0m === RouterManager iteration 892 ===
[36m(RouterManager pid=1850)[0m self.req_queue.waiting_req_list length: 0
[36m(RouterManager pid=1850)[0m === RouterManager iteration 893 ===
[36m(RouterManager pid=1850)[0m self.req_queue.waiting_req_list length: 0
[36m(RouterManager pid=1850)[0m === RouterManager iteration 894 ===
[36m(RouterManager pid=1850)[0m self.req_queue.waiting_req_list length: 0
[36m(RouterManager pid=1850)[0m === RouterManager iteration 895 ===
[36m(RouterManager pid=1850)[0m self.req_queue.waiting_req_list length: 0
[36m(RouterManager pid=1850)[0m === RouterManager iteration 896 ===
[36m(RouterManager pid=1850)[0m self.req_queue.waiting_req_list length: 0
[36m(RouterManager pid=1850)[0m === RouterManager iteration 897 ===
[36m(RouterManager pid=1850)[0m self.req_queue.waiting_req_list length: 0
[36m(RouterManager pid=1850)[0m === RouterManager iteration 898 ===
[36m(RouterManager pid=1850)[0m self.req_queue.waiting_req_list length: 0
[36m(RouterManager pid=1850)[0m === RouterManager iteration 899 ===
[36m(RouterManager pid=1850)[0m self.req_queue.waiting_req_list length: 0
[36m(RouterManager pid=1850)[0m === RouterManager iteration 900 ===
[36m(RouterManager pid=1850)[0m self.req_queue.waiting_req_list length: 0
[36m(RouterManager pid=1850)[0m === RouterManager iteration 901 ===
[36m(RouterManager pid=1850)[0m self.req_queue.waiting_req_list length: 0
[36m(RouterManager pid=1850)[0m === RouterManager iteration 902 ===
[36m(RouterManager pid=1850)[0m self.req_queue.waiting_req_list length: 0
[36m(RouterManager pid=1850)[0m === RouterManager iteration 903 ===
[36m(RouterManager pid=1850)[0m self.req_queue.waiting_req_list length: 0
[36m(RouterManager pid=1850)[0m === RouterManager iteration 904 ===
[36m(RouterManager pid=1850)[0m self.req_queue.waiting_req_list length: 0
[36m(RouterManager pid=1850)[0m === RouterManager iteration 905 ===
[36m(RouterManager pid=1850)[0m self.req_queue.waiting_req_list length: 0
[36m(RouterManager pid=1850)[0m === RouterManager iteration 906 ===
[36m(RouterManager pid=1850)[0m self.req_queue.waiting_req_list length: 0
[36m(RouterManager pid=1850)[0m === RouterManager iteration 907 ===
[36m(RouterManager pid=1850)[0m self.req_queue.waiting_req_list length: 0
[36m(RouterManager pid=1850)[0m === RouterManager iteration 908 ===
[36m(RouterManager pid=1850)[0m self.req_queue.waiting_req_list length: 0
[36m(RouterManager pid=1850)[0m === RouterManager iteration 909 ===
[36m(RouterManager pid=1850)[0m self.req_queue.waiting_req_list length: 0
[36m(RouterManager pid=1850)[0m === RouterManager iteration 910 ===
[36m(RouterManager pid=1850)[0m self.req_queue.waiting_req_list length: 0
[36m(RouterManager pid=1850)[0m === RouterManager iteration 911 ===
[36m(RouterManager pid=1850)[0m self.req_queue.waiting_req_list length: 0
[36m(RouterManager pid=1850)[0m === RouterManager iteration 912 ===
[36m(RouterManager pid=1850)[0m self.req_queue.waiting_req_list length: 0
[36m(RouterManager pid=1850)[0m === RouterManager iteration 913 ===
[36m(RouterManager pid=1850)[0m self.req_queue.waiting_req_list length: 0
[36m(RouterManager pid=1850)[0m === RouterManager iteration 914 ===
[36m(RouterManager pid=1850)[0m self.req_queue.waiting_req_list length: 0
[36m(RouterManager pid=1850)[0m === RouterManager iteration 915 ===
[36m(RouterManager pid=1850)[0m self.req_queue.waiting_req_list length: 0
[36m(RouterManager pid=1850)[0m === RouterManager iteration 916 ===
[36m(RouterManager pid=1850)[0m self.req_queue.waiting_req_list length: 0
[36m(RouterManager pid=1850)[0m === RouterManager iteration 917 ===
[36m(RouterManager pid=1850)[0m self.req_queue.waiting_req_list length: 0
[36m(RouterManager pid=1850)[0m === RouterManager iteration 918 ===
[36m(RouterManager pid=1850)[0m self.req_queue.waiting_req_list length: 0
[36m(RouterManager pid=1850)[0m === RouterManager iteration 919 ===
[36m(RouterManager pid=1850)[0m self.req_queue.waiting_req_list length: 0
[36m(RouterManager pid=1850)[0m === RouterManager iteration 920 ===
[36m(RouterManager pid=1850)[0m self.req_queue.waiting_req_list length: 0
[36m(RouterManager pid=1850)[0m === RouterManager iteration 921 ===
[36m(RouterManager pid=1850)[0m self.req_queue.waiting_req_list length: 0
[36m(RouterManager pid=1850)[0m === RouterManager iteration 922 ===
[36m(RouterManager pid=1850)[0m self.req_queue.waiting_req_list length: 0
[36m(RouterManager pid=1850)[0m === RouterManager iteration 923 ===
[36m(RouterManager pid=1850)[0m self.req_queue.waiting_req_list length: 0
[36m(RouterManager pid=1850)[0m === RouterManager iteration 924 ===
[36m(RouterManager pid=1850)[0m self.req_queue.waiting_req_list length: 0
[36m(RouterManager pid=1850)[0m === RouterManager iteration 925 ===
[36m(RouterManager pid=1850)[0m self.req_queue.waiting_req_list length: 0
[36m(RouterManager pid=1850)[0m === RouterManager iteration 926 ===
[36m(RouterManager pid=1850)[0m self.req_queue.waiting_req_list length: 0
[36m(RouterManager pid=1850)[0m === RouterManager iteration 927 ===
[36m(RouterManager pid=1850)[0m self.req_queue.waiting_req_list length: 0
[36m(RouterManager pid=1850)[0m === RouterManager iteration 928 ===
[36m(RouterManager pid=1850)[0m self.req_queue.waiting_req_list length: 0
[36m(RouterManager pid=1850)[0m === RouterManager iteration 929 ===
[36m(RouterManager pid=1850)[0m self.req_queue.waiting_req_list length: 0
[36m(RouterManager pid=1850)[0m === RouterManager iteration 930 ===
[36m(RouterManager pid=1850)[0m self.req_queue.waiting_req_list length: 0
[36m(RouterManager pid=1850)[0m === RouterManager iteration 931 ===
[36m(RouterManager pid=1850)[0m self.req_queue.waiting_req_list length: 0
[36m(RouterManager pid=1850)[0m === RouterManager iteration 932 ===
[36m(RouterManager pid=1850)[0m self.req_queue.waiting_req_list length: 0
[36m(RouterManager pid=1850)[0m === RouterManager iteration 933 ===
[36m(RouterManager pid=1850)[0m self.req_queue.waiting_req_list length: 0
[36m(RouterManager pid=1850)[0m === RouterManager iteration 934 ===
[36m(RouterManager pid=1850)[0m self.req_queue.waiting_req_list length: 0
[36m(RouterManager pid=1850)[0m === RouterManager iteration 935 ===
[36m(RouterManager pid=1850)[0m self.req_queue.waiting_req_list length: 0
[36m(RouterManager pid=1850)[0m === RouterManager iteration 936 ===
[36m(RouterManager pid=1850)[0m self.req_queue.waiting_req_list length: 0
[36m(RouterManager pid=1850)[0m === RouterManager iteration 937 ===
[36m(RouterManager pid=1850)[0m self.req_queue.waiting_req_list length: 0
[36m(RouterManager pid=1850)[0m === RouterManager iteration 938 ===
[36m(RouterManager pid=1850)[0m self.req_queue.waiting_req_list length: 0
[36m(RouterManager pid=1850)[0m === RouterManager iteration 939 ===
[36m(RouterManager pid=1850)[0m self.req_queue.waiting_req_list length: 0
[36m(RouterManager pid=1850)[0m === RouterManager iteration 940 ===
[36m(RouterManager pid=1850)[0m self.req_queue.waiting_req_list length: 0
[36m(RouterManager pid=1850)[0m === RouterManager iteration 941 ===
[36m(RouterManager pid=1850)[0m self.req_queue.waiting_req_list length: 0
[36m(RouterManager pid=1850)[0m === RouterManager iteration 942 ===
[36m(RouterManager pid=1850)[0m self.req_queue.waiting_req_list length: 0
[36m(RouterManager pid=1850)[0m === RouterManager iteration 943 ===
[36m(RouterManager pid=1850)[0m self.req_queue.waiting_req_list length: 0
[36m(RouterManager pid=1850)[0m === RouterManager iteration 944 ===
[36m(RouterManager pid=1850)[0m self.req_queue.waiting_req_list length: 0
[36m(RouterManager pid=1850)[0m === RouterManager iteration 945 ===
[36m(RouterManager pid=1850)[0m self.req_queue.waiting_req_list length: 0
[36m(RouterManager pid=1850)[0m === RouterManager iteration 946 ===
[36m(RouterManager pid=1850)[0m self.req_queue.waiting_req_list length: 0
[36m(RouterManager pid=1850)[0m === RouterManager iteration 947 ===
[36m(RouterManager pid=1850)[0m self.req_queue.waiting_req_list length: 0
[36m(RouterManager pid=1850)[0m === RouterManager iteration 948 ===
[36m(RouterManager pid=1850)[0m self.req_queue.waiting_req_list length: 0
[36m(RouterManager pid=1850)[0m === RouterManager iteration 949 ===
[36m(RouterManager pid=1850)[0m self.req_queue.waiting_req_list length: 0
[36m(RouterManager pid=1850)[0m === RouterManager iteration 950 ===
[36m(RouterManager pid=1850)[0m self.req_queue.waiting_req_list length: 0
[36m(RouterManager pid=1850)[0m === RouterManager iteration 951 ===
[36m(RouterManager pid=1850)[0m self.req_queue.waiting_req_list length: 0
[36m(RouterManager pid=1850)[0m === RouterManager iteration 952 ===
[36m(RouterManager pid=1850)[0m self.req_queue.waiting_req_list length: 0
[36m(RouterManager pid=1850)[0m === RouterManager iteration 953 ===
[36m(RouterManager pid=1850)[0m self.req_queue.waiting_req_list length: 0
[36m(RouterManager pid=1850)[0m === RouterManager iteration 954 ===
[36m(RouterManager pid=1850)[0m self.req_queue.waiting_req_list length: 0
[36m(RouterManager pid=1850)[0m === RouterManager iteration 955 ===
[36m(RouterManager pid=1850)[0m self.req_queue.waiting_req_list length: 0
[36m(RouterManager pid=1850)[0m === RouterManager iteration 956 ===
[36m(RouterManager pid=1850)[0m self.req_queue.waiting_req_list length: 0
[36m(RouterManager pid=1850)[0m === RouterManager iteration 957 ===
[36m(RouterManager pid=1850)[0m self.req_queue.waiting_req_list length: 0
[36m(RouterManager pid=1850)[0m === RouterManager iteration 958 ===
[36m(RouterManager pid=1850)[0m self.req_queue.waiting_req_list length: 0
[36m(RouterManager pid=1850)[0m === RouterManager iteration 959 ===
[36m(RouterManager pid=1850)[0m self.req_queue.waiting_req_list length: 0
[36m(RouterManager pid=1850)[0m === RouterManager iteration 960 ===
[36m(RouterManager pid=1850)[0m self.req_queue.waiting_req_list length: 0
[36m(RouterManager pid=1850)[0m === RouterManager iteration 961 ===
[36m(RouterManager pid=1850)[0m self.req_queue.waiting_req_list length: 0
[36m(RouterManager pid=1850)[0m === RouterManager iteration 962 ===
[36m(RouterManager pid=1850)[0m self.req_queue.waiting_req_list length: 0
[36m(RouterManager pid=1850)[0m === RouterManager iteration 963 ===
[36m(RouterManager pid=1850)[0m self.req_queue.waiting_req_list length: 0
[36m(RouterManager pid=1850)[0m === RouterManager iteration 964 ===
[36m(RouterManager pid=1850)[0m self.req_queue.waiting_req_list length: 0
[36m(RouterManager pid=1850)[0m === RouterManager iteration 965 ===
[36m(RouterManager pid=1850)[0m self.req_queue.waiting_req_list length: 0
[36m(RouterManager pid=1850)[0m === RouterManager iteration 966 ===
[36m(RouterManager pid=1850)[0m self.req_queue.waiting_req_list length: 0
[36m(RouterManager pid=1850)[0m === RouterManager iteration 967 ===
[36m(RouterManager pid=1850)[0m self.req_queue.waiting_req_list length: 0
[36m(RouterManager pid=1850)[0m === RouterManager iteration 968 ===
[36m(RouterManager pid=1850)[0m self.req_queue.waiting_req_list length: 0
[36m(RouterManager pid=1850)[0m === RouterManager iteration 969 ===
[36m(RouterManager pid=1850)[0m self.req_queue.waiting_req_list length: 0
[36m(RouterManager pid=1850)[0m === RouterManager iteration 970 ===
[36m(RouterManager pid=1850)[0m self.req_queue.waiting_req_list length: 0
[36m(RouterManager pid=1850)[0m === RouterManager iteration 971 ===
[36m(RouterManager pid=1850)[0m self.req_queue.waiting_req_list length: 0
[36m(RouterManager pid=1850)[0m === RouterManager iteration 972 ===
[36m(RouterManager pid=1850)[0m self.req_queue.waiting_req_list length: 0
[36m(RouterManager pid=1850)[0m === RouterManager iteration 973 ===
[36m(RouterManager pid=1850)[0m self.req_queue.waiting_req_list length: 0
[36m(RouterManager pid=1850)[0m === RouterManager iteration 974 ===
[36m(RouterManager pid=1850)[0m self.req_queue.waiting_req_list length: 0
[36m(RouterManager pid=1850)[0m === RouterManager iteration 975 ===
[36m(RouterManager pid=1850)[0m self.req_queue.waiting_req_list length: 0
[36m(RouterManager pid=1850)[0m === RouterManager iteration 976 ===
[36m(RouterManager pid=1850)[0m self.req_queue.waiting_req_list length: 0
[36m(RouterManager pid=1850)[0m === RouterManager iteration 977 ===
[36m(RouterManager pid=1850)[0m self.req_queue.waiting_req_list length: 0
[36m(RouterManager pid=1850)[0m === RouterManager iteration 978 ===
[36m(RouterManager pid=1850)[0m self.req_queue.waiting_req_list length: 0
[36m(RouterManager pid=1850)[0m === RouterManager iteration 979 ===
[36m(RouterManager pid=1850)[0m self.req_queue.waiting_req_list length: 0
[36m(RouterManager pid=1850)[0m === RouterManager iteration 980 ===
[36m(RouterManager pid=1850)[0m self.req_queue.waiting_req_list length: 0
[36m(RouterManager pid=1850)[0m === RouterManager iteration 981 ===
[36m(RouterManager pid=1850)[0m self.req_queue.waiting_req_list length: 0
[36m(RouterManager pid=1850)[0m === RouterManager iteration 982 ===
[36m(RouterManager pid=1850)[0m self.req_queue.waiting_req_list length: 0
[36m(RouterManager pid=1850)[0m === RouterManager iteration 983 ===
[36m(RouterManager pid=1850)[0m self.req_queue.waiting_req_list length: 0
[36m(RouterManager pid=1850)[0m === RouterManager iteration 984 ===
[36m(RouterManager pid=1850)[0m self.req_queue.waiting_req_list length: 0
[36m(RouterManager pid=1850)[0m === RouterManager iteration 985 ===
[36m(RouterManager pid=1850)[0m self.req_queue.waiting_req_list length: 0
[36m(RouterManager pid=1850)[0m === RouterManager iteration 986 ===
[36m(RouterManager pid=1850)[0m self.req_queue.waiting_req_list length: 0
[36m(RouterManager pid=1850)[0m === RouterManager iteration 987 ===
[36m(RouterManager pid=1850)[0m self.req_queue.waiting_req_list length: 0
[36m(RouterManager pid=1850)[0m === RouterManager iteration 988 ===
[36m(RouterManager pid=1850)[0m self.req_queue.waiting_req_list length: 0
[36m(RouterManager pid=1850)[0m === RouterManager iteration 989 ===
[36m(RouterManager pid=1850)[0m self.req_queue.waiting_req_list length: 0
[36m(RouterManager pid=1850)[0m === RouterManager iteration 990 ===
[36m(RouterManager pid=1850)[0m self.req_queue.waiting_req_list length: 0
[36m(RouterManager pid=1850)[0m === RouterManager iteration 991 ===
[36m(RouterManager pid=1850)[0m self.req_queue.waiting_req_list length: 0
[36m(RouterManager pid=1850)[0m === RouterManager iteration 992 ===
[36m(RouterManager pid=1850)[0m self.req_queue.waiting_req_list length: 0
[36m(RouterManager pid=1850)[0m === RouterManager iteration 993 ===
[36m(RouterManager pid=1850)[0m self.req_queue.waiting_req_list length: 0
[36m(RouterManager pid=1850)[0m === RouterManager iteration 994 ===
[36m(RouterManager pid=1850)[0m self.req_queue.waiting_req_list length: 0
[36m(RouterManager pid=1850)[0m === RouterManager iteration 995 ===
[36m(RouterManager pid=1850)[0m self.req_queue.waiting_req_list length: 0
[36m(RouterManager pid=1850)[0m === RouterManager iteration 996 ===
[36m(RouterManager pid=1850)[0m self.req_queue.waiting_req_list length: 0
[36m(RouterManager pid=1850)[0m === RouterManager iteration 997 ===
[36m(RouterManager pid=1850)[0m self.req_queue.waiting_req_list length: 0
[36m(RouterManager pid=1850)[0m === RouterManager iteration 998 ===
[36m(RouterManager pid=1850)[0m self.req_queue.waiting_req_list length: 0
[36m(RouterManager pid=1850)[0m === RouterManager iteration 999 ===
[36m(RouterManager pid=1850)[0m self.req_queue.waiting_req_list length: 0
[36m(RouterManager pid=1850)[0m === RouterManager iteration 1000 ===
[36m(RouterManager pid=1850)[0m self.req_queue.waiting_req_list length: 0
[36m(RouterManager pid=1850)[0m === RouterManager iteration 1001 ===
[36m(RouterManager pid=1850)[0m self.req_queue.waiting_req_list length: 0
[36m(RouterManager pid=1850)[0m === RouterManager iteration 1002 ===
[36m(RouterManager pid=1850)[0m self.req_queue.waiting_req_list length: 0
[36m(RouterManager pid=1850)[0m === RouterManager iteration 1003 ===
[36m(RouterManager pid=1850)[0m self.req_queue.waiting_req_list length: 0
[36m(RouterManager pid=1850)[0m === RouterManager iteration 1004 ===
[36m(RouterManager pid=1850)[0m self.req_queue.waiting_req_list length: 0
[36m(RouterManager pid=1850)[0m === RouterManager iteration 1005 ===
[36m(RouterManager pid=1850)[0m self.req_queue.waiting_req_list length: 0
[36m(RouterManager pid=1850)[0m === RouterManager iteration 1006 ===
[36m(RouterManager pid=1850)[0m self.req_queue.waiting_req_list length: 0
[36m(RouterManager pid=1850)[0m === RouterManager iteration 1007 ===
[36m(RouterManager pid=1850)[0m self.req_queue.waiting_req_list length: 0
[36m(RouterManager pid=1850)[0m === RouterManager iteration 1008 ===
[36m(RouterManager pid=1850)[0m self.req_queue.waiting_req_list length: 0
[36m(RouterManager pid=1850)[0m === RouterManager iteration 1009 ===
[36m(RouterManager pid=1850)[0m self.req_queue.waiting_req_list length: 0
[36m(RouterManager pid=1850)[0m === RouterManager iteration 1010 ===
[36m(RouterManager pid=1850)[0m self.req_queue.waiting_req_list length: 0
[36m(RouterManager pid=1850)[0m === RouterManager iteration 1011 ===
[36m(RouterManager pid=1850)[0m self.req_queue.waiting_req_list length: 0
[36m(RouterManager pid=1850)[0m === RouterManager iteration 1012 ===
[36m(RouterManager pid=1850)[0m self.req_queue.waiting_req_list length: 0
[36m(RouterManager pid=1850)[0m === RouterManager iteration 1013 ===
[36m(RouterManager pid=1850)[0m self.req_queue.waiting_req_list length: 0
[36m(RouterManager pid=1850)[0m === RouterManager iteration 1014 ===
[36m(RouterManager pid=1850)[0m self.req_queue.waiting_req_list length: 0
[36m(RouterManager pid=1850)[0m === RouterManager iteration 1015 ===
[36m(RouterManager pid=1850)[0m self.req_queue.waiting_req_list length: 0
[36m(RouterManager pid=1850)[0m === RouterManager iteration 1016 ===
[36m(RouterManager pid=1850)[0m self.req_queue.waiting_req_list length: 0
[36m(RouterManager pid=1850)[0m === RouterManager iteration 1017 ===
[36m(RouterManager pid=1850)[0m self.req_queue.waiting_req_list length: 0
[36m(RouterManager pid=1850)[0m === RouterManager iteration 1018 ===
[36m(RouterManager pid=1850)[0m self.req_queue.waiting_req_list length: 0
[36m(RouterManager pid=1850)[0m === RouterManager iteration 1019 ===
[36m(RouterManager pid=1850)[0m self.req_queue.waiting_req_list length: 0
[36m(RouterManager pid=1850)[0m === RouterManager iteration 1020 ===
[36m(RouterManager pid=1850)[0m self.req_queue.waiting_req_list length: 0
[36m(RouterManager pid=1850)[0m === RouterManager iteration 1021 ===
[36m(RouterManager pid=1850)[0m self.req_queue.waiting_req_list length: 0
[36m(RouterManager pid=1850)[0m === RouterManager iteration 1022 ===
[36m(RouterManager pid=1850)[0m self.req_queue.waiting_req_list length: 0
[36m(RouterManager pid=1850)[0m === RouterManager iteration 1023 ===
[36m(RouterManager pid=1850)[0m self.req_queue.waiting_req_list length: 0
[36m(RouterManager pid=1850)[0m === RouterManager iteration 1024 ===
[36m(RouterManager pid=1850)[0m self.req_queue.waiting_req_list length: 0
[36m(RouterManager pid=1850)[0m === RouterManager iteration 1025 ===
[36m(RouterManager pid=1850)[0m self.req_queue.waiting_req_list length: 0
[36m(RouterManager pid=1850)[0m === RouterManager iteration 1026 ===
[36m(RouterManager pid=1850)[0m self.req_queue.waiting_req_list length: 0
[36m(RouterManager pid=1850)[0m === RouterManager iteration 1027 ===
[36m(RouterManager pid=1850)[0m self.req_queue.waiting_req_list length: 0
[36m(RouterManager pid=1850)[0m === RouterManager iteration 1028 ===
[36m(RouterManager pid=1850)[0m self.req_queue.waiting_req_list length: 0
[36m(RouterManager pid=1850)[0m === RouterManager iteration 1029 ===
[36m(RouterManager pid=1850)[0m self.req_queue.waiting_req_list length: 0
[36m(RouterManager pid=1850)[0m === RouterManager iteration 1030 ===
[36m(RouterManager pid=1850)[0m self.req_queue.waiting_req_list length: 0
[36m(RouterManager pid=1850)[0m === RouterManager iteration 1031 ===
[36m(RouterManager pid=1850)[0m self.req_queue.waiting_req_list length: 0
[36m(RouterManager pid=1850)[0m === RouterManager iteration 1032 ===
[36m(RouterManager pid=1850)[0m self.req_queue.waiting_req_list length: 0
[36m(RouterManager pid=1850)[0m === RouterManager iteration 1033 ===
[36m(RouterManager pid=1850)[0m self.req_queue.waiting_req_list length: 0
[36m(RouterManager pid=1850)[0m === RouterManager iteration 1034 ===
[36m(RouterManager pid=1850)[0m self.req_queue.waiting_req_list length: 0
[36m(RouterManager pid=1850)[0m === RouterManager iteration 1035 ===
[36m(RouterManager pid=1850)[0m self.req_queue.waiting_req_list length: 0
[36m(RouterManager pid=1850)[0m === RouterManager iteration 1036 ===
[36m(RouterManager pid=1850)[0m self.req_queue.waiting_req_list length: 0
[36m(RouterManager pid=1850)[0m === RouterManager iteration 1037 ===
[36m(RouterManager pid=1850)[0m self.req_queue.waiting_req_list length: 0
[36m(RouterManager pid=1850)[0m === RouterManager iteration 1038 ===
[36m(RouterManager pid=1850)[0m self.req_queue.waiting_req_list length: 0
[36m(RouterManager pid=1850)[0m === RouterManager iteration 1039 ===
[36m(RouterManager pid=1850)[0m self.req_queue.waiting_req_list length: 0
[36m(RouterManager pid=1850)[0m === RouterManager iteration 1040 ===
[36m(RouterManager pid=1850)[0m self.req_queue.waiting_req_list length: 0
[36m(RouterManager pid=1850)[0m === RouterManager iteration 1041 ===
[36m(RouterManager pid=1850)[0m self.req_queue.waiting_req_list length: 0
[36m(RouterManager pid=1850)[0m === RouterManager iteration 1042 ===
[36m(RouterManager pid=1850)[0m self.req_queue.waiting_req_list length: 0
[36m(RouterManager pid=1850)[0m === RouterManager iteration 1043 ===
[36m(RouterManager pid=1850)[0m self.req_queue.waiting_req_list length: 0
[36m(RouterManager pid=1850)[0m === RouterManager iteration 1044 ===
[36m(RouterManager pid=1850)[0m self.req_queue.waiting_req_list length: 0
[36m(RouterManager pid=1850)[0m === RouterManager iteration 1045 ===
[36m(RouterManager pid=1850)[0m self.req_queue.waiting_req_list length: 0
[36m(RouterManager pid=1850)[0m === RouterManager iteration 1046 ===
[36m(RouterManager pid=1850)[0m self.req_queue.waiting_req_list length: 0
[36m(RouterManager pid=1850)[0m === RouterManager iteration 1047 ===
[36m(RouterManager pid=1850)[0m self.req_queue.waiting_req_list length: 0
[36m(RouterManager pid=1850)[0m === RouterManager iteration 1048 ===
[36m(RouterManager pid=1850)[0m self.req_queue.waiting_req_list length: 0
[36m(RouterManager pid=1850)[0m === RouterManager iteration 1049 ===
[36m(RouterManager pid=1850)[0m self.req_queue.waiting_req_list length: 0
[36m(RouterManager pid=1850)[0m === RouterManager iteration 1050 ===
[36m(RouterManager pid=1850)[0m self.req_queue.waiting_req_list length: 0
[36m(RouterManager pid=1850)[0m === RouterManager iteration 1051 ===
[36m(RouterManager pid=1850)[0m self.req_queue.waiting_req_list length: 0
[36m(RouterManager pid=1850)[0m === RouterManager iteration 1052 ===
[36m(RouterManager pid=1850)[0m self.req_queue.waiting_req_list length: 0
[36m(RouterManager pid=1850)[0m === RouterManager iteration 1053 ===
[36m(RouterManager pid=1850)[0m self.req_queue.waiting_req_list length: 0
[36m(RouterManager pid=1850)[0m === RouterManager iteration 1054 ===
[36m(RouterManager pid=1850)[0m self.req_queue.waiting_req_list length: 0
[36m(RouterManager pid=1850)[0m === RouterManager iteration 1055 ===
[36m(RouterManager pid=1850)[0m self.req_queue.waiting_req_list length: 0
[36m(RouterManager pid=1850)[0m === RouterManager iteration 1056 ===
[36m(RouterManager pid=1850)[0m self.req_queue.waiting_req_list length: 0
[36m(RouterManager pid=1850)[0m === RouterManager iteration 1057 ===
[36m(RouterManager pid=1850)[0m self.req_queue.waiting_req_list length: 0
[36m(RouterManager pid=1850)[0m === RouterManager iteration 1058 ===
[36m(RouterManager pid=1850)[0m self.req_queue.waiting_req_list length: 0
[36m(RouterManager pid=1850)[0m === RouterManager iteration 1059 ===
[36m(RouterManager pid=1850)[0m self.req_queue.waiting_req_list length: 0
[36m(RouterManager pid=1850)[0m === RouterManager iteration 1060 ===
[36m(RouterManager pid=1850)[0m self.req_queue.waiting_req_list length: 0
[36m(RouterManager pid=1850)[0m === RouterManager iteration 1061 ===
[36m(RouterManager pid=1850)[0m self.req_queue.waiting_req_list length: 0
[36m(RouterManager pid=1850)[0m === RouterManager iteration 1062 ===
[36m(RouterManager pid=1850)[0m self.req_queue.waiting_req_list length: 0
[36m(RouterManager pid=1850)[0m === RouterManager iteration 1063 ===
[36m(RouterManager pid=1850)[0m self.req_queue.waiting_req_list length: 0
[36m(RouterManager pid=1850)[0m === RouterManager iteration 1064 ===
[36m(RouterManager pid=1850)[0m self.req_queue.waiting_req_list length: 0
[36m(RouterManager pid=1850)[0m === RouterManager iteration 1065 ===
[36m(RouterManager pid=1850)[0m self.req_queue.waiting_req_list length: 0
[36m(RouterManager pid=1850)[0m === RouterManager iteration 1066 ===
[36m(RouterManager pid=1850)[0m self.req_queue.waiting_req_list length: 0
[36m(RouterManager pid=1850)[0m === RouterManager iteration 1067 ===
[36m(RouterManager pid=1850)[0m self.req_queue.waiting_req_list length: 0
[36m(RouterManager pid=1850)[0m === RouterManager iteration 1068 ===
[36m(RouterManager pid=1850)[0m self.req_queue.waiting_req_list length: 0
[36m(RouterManager pid=1850)[0m === RouterManager iteration 1069 ===
[36m(RouterManager pid=1850)[0m self.req_queue.waiting_req_list length: 0
[36m(RouterManager pid=1850)[0m === RouterManager iteration 1070 ===
[36m(RouterManager pid=1850)[0m self.req_queue.waiting_req_list length: 0
[36m(RouterManager pid=1850)[0m === RouterManager iteration 1071 ===
[36m(RouterManager pid=1850)[0m self.req_queue.waiting_req_list length: 0
[36m(RouterManager pid=1850)[0m === RouterManager iteration 1072 ===
[36m(RouterManager pid=1850)[0m self.req_queue.waiting_req_list length: 0
[36m(RouterManager pid=1850)[0m === RouterManager iteration 1073 ===
[36m(RouterManager pid=1850)[0m self.req_queue.waiting_req_list length: 0
[36m(RouterManager pid=1850)[0m === RouterManager iteration 1074 ===
[36m(RouterManager pid=1850)[0m self.req_queue.waiting_req_list length: 0
[36m(RouterManager pid=1850)[0m === RouterManager iteration 1075 ===
[36m(RouterManager pid=1850)[0m self.req_queue.waiting_req_list length: 0
[36m(RouterManager pid=1850)[0m === RouterManager iteration 1076 ===
[36m(RouterManager pid=1850)[0m self.req_queue.waiting_req_list length: 0
[36m(RouterManager pid=1850)[0m === RouterManager iteration 1077 ===
[36m(RouterManager pid=1850)[0m self.req_queue.waiting_req_list length: 0
[36m(RouterManager pid=1850)[0m === RouterManager iteration 1078 ===
[36m(RouterManager pid=1850)[0m self.req_queue.waiting_req_list length: 0
[36m(RouterManager pid=1850)[0m === RouterManager iteration 1079 ===
[36m(RouterManager pid=1850)[0m self.req_queue.waiting_req_list length: 0
[36m(RouterManager pid=1850)[0m === RouterManager iteration 1080 ===
[36m(RouterManager pid=1850)[0m self.req_queue.waiting_req_list length: 0
[36m(RouterManager pid=1850)[0m === RouterManager iteration 1081 ===
[36m(RouterManager pid=1850)[0m self.req_queue.waiting_req_list length: 0
[36m(RouterManager pid=1850)[0m === RouterManager iteration 1082 ===
[36m(RouterManager pid=1850)[0m self.req_queue.waiting_req_list length: 0
[36m(RouterManager pid=1850)[0m === RouterManager iteration 1083 ===
[36m(RouterManager pid=1850)[0m self.req_queue.waiting_req_list length: 0
[36m(RouterManager pid=1850)[0m === RouterManager iteration 1084 ===
[36m(RouterManager pid=1850)[0m self.req_queue.waiting_req_list length: 0
[36m(RouterManager pid=1850)[0m === RouterManager iteration 1085 ===
[36m(RouterManager pid=1850)[0m self.req_queue.waiting_req_list length: 0
[36m(RouterManager pid=1850)[0m === RouterManager iteration 1086 ===
[36m(RouterManager pid=1850)[0m self.req_queue.waiting_req_list length: 0
[36m(RouterManager pid=1850)[0m === RouterManager iteration 1087 ===
[36m(RouterManager pid=1850)[0m self.req_queue.waiting_req_list length: 0
[36m(RouterManager pid=1850)[0m === RouterManager iteration 1088 ===
[36m(RouterManager pid=1850)[0m self.req_queue.waiting_req_list length: 0
[36m(RouterManager pid=1850)[0m === RouterManager iteration 1089 ===
[36m(RouterManager pid=1850)[0m self.req_queue.waiting_req_list length: 0
[36m(RouterManager pid=1850)[0m === RouterManager iteration 1090 ===
[36m(RouterManager pid=1850)[0m self.req_queue.waiting_req_list length: 0
[36m(RouterManager pid=1850)[0m === RouterManager iteration 1091 ===
[36m(RouterManager pid=1850)[0m self.req_queue.waiting_req_list length: 0
[36m(RouterManager pid=1850)[0m === RouterManager iteration 1092 ===
[36m(RouterManager pid=1850)[0m self.req_queue.waiting_req_list length: 0
[36m(RouterManager pid=1850)[0m === RouterManager iteration 1093 ===
[36m(RouterManager pid=1850)[0m self.req_queue.waiting_req_list length: 0
[36m(RouterManager pid=1850)[0m === RouterManager iteration 1094 ===
[36m(RouterManager pid=1850)[0m self.req_queue.waiting_req_list length: 0
[36m(RouterManager pid=1850)[0m === RouterManager iteration 1095 ===
[36m(RouterManager pid=1850)[0m self.req_queue.waiting_req_list length: 0
[36m(RouterManager pid=1850)[0m === RouterManager iteration 1096 ===
[36m(RouterManager pid=1850)[0m self.req_queue.waiting_req_list length: 0
[36m(RouterManager pid=1850)[0m === RouterManager iteration 1097 ===
[36m(RouterManager pid=1850)[0m self.req_queue.waiting_req_list length: 0
[36m(RouterManager pid=1850)[0m === RouterManager iteration 1098 ===
[36m(RouterManager pid=1850)[0m self.req_queue.waiting_req_list length: 0
[36m(RouterManager pid=1850)[0m === RouterManager iteration 1099 ===
[36m(RouterManager pid=1850)[0m self.req_queue.waiting_req_list length: 0
[36m(RouterManager pid=1850)[0m === RouterManager iteration 1100 ===
[36m(RouterManager pid=1850)[0m self.req_queue.waiting_req_list length: 0
[36m(RouterManager pid=1850)[0m === RouterManager iteration 1101 ===
[36m(RouterManager pid=1850)[0m self.req_queue.waiting_req_list length: 0
[36m(RouterManager pid=1850)[0m === RouterManager iteration 1102 ===
[36m(RouterManager pid=1850)[0m self.req_queue.waiting_req_list length: 0
[36m(RouterManager pid=1850)[0m === RouterManager iteration 1103 ===
[36m(RouterManager pid=1850)[0m self.req_queue.waiting_req_list length: 0
[36m(RouterManager pid=1850)[0m === RouterManager iteration 1104 ===
[36m(RouterManager pid=1850)[0m self.req_queue.waiting_req_list length: 0
[36m(RouterManager pid=1850)[0m === RouterManager iteration 1105 ===
[36m(RouterManager pid=1850)[0m self.req_queue.waiting_req_list length: 0
[36m(RouterManager pid=1850)[0m === RouterManager iteration 1106 ===
[36m(RouterManager pid=1850)[0m self.req_queue.waiting_req_list length: 0
[36m(RouterManager pid=1850)[0m === RouterManager iteration 1107 ===
[36m(RouterManager pid=1850)[0m self.req_queue.waiting_req_list length: 0
[36m(RouterManager pid=1850)[0m === RouterManager iteration 1108 ===
[36m(RouterManager pid=1850)[0m self.req_queue.waiting_req_list length: 0
[36m(RouterManager pid=1850)[0m === RouterManager iteration 1109 ===
[36m(RouterManager pid=1850)[0m self.req_queue.waiting_req_list length: 0
[36m(RouterManager pid=1850)[0m === RouterManager iteration 1110 ===
[36m(RouterManager pid=1850)[0m self.req_queue.waiting_req_list length: 0
[36m(RouterManager pid=1850)[0m === RouterManager iteration 1111 ===
[36m(RouterManager pid=1850)[0m self.req_queue.waiting_req_list length: 0
[36m(RouterManager pid=1850)[0m === RouterManager iteration 1112 ===
[36m(RouterManager pid=1850)[0m self.req_queue.waiting_req_list length: 0
[36m(RouterManager pid=1850)[0m === RouterManager iteration 1113 ===
[36m(RouterManager pid=1850)[0m self.req_queue.waiting_req_list length: 0
[36m(RouterManager pid=1850)[0m === RouterManager iteration 1114 ===
[36m(RouterManager pid=1850)[0m self.req_queue.waiting_req_list length: 0
[36m(RouterManager pid=1850)[0m === RouterManager iteration 1115 ===
[36m(RouterManager pid=1850)[0m self.req_queue.waiting_req_list length: 0
[36m(RouterManager pid=1850)[0m === RouterManager iteration 1116 ===
[36m(RouterManager pid=1850)[0m self.req_queue.waiting_req_list length: 0
[36m(RouterManager pid=1850)[0m === RouterManager iteration 1117 ===
[36m(RouterManager pid=1850)[0m self.req_queue.waiting_req_list length: 0
[36m(RouterManager pid=1850)[0m === RouterManager iteration 1118 ===
[36m(RouterManager pid=1850)[0m self.req_queue.waiting_req_list length: 0
[36m(RouterManager pid=1850)[0m === RouterManager iteration 1119 ===
[36m(RouterManager pid=1850)[0m self.req_queue.waiting_req_list length: 0
[36m(RouterManager pid=1850)[0m === RouterManager iteration 1120 ===
[36m(RouterManager pid=1850)[0m self.req_queue.waiting_req_list length: 0
[36m(RouterManager pid=1850)[0m === RouterManager iteration 1121 ===
[36m(RouterManager pid=1850)[0m self.req_queue.waiting_req_list length: 0
[36m(RouterManager pid=1850)[0m === RouterManager iteration 1122 ===
[36m(RouterManager pid=1850)[0m self.req_queue.waiting_req_list length: 0
[36m(RouterManager pid=1850)[0m === RouterManager iteration 1123 ===
[36m(RouterManager pid=1850)[0m self.req_queue.waiting_req_list length: 0
[36m(RouterManager pid=1850)[0m === RouterManager iteration 1124 ===
[36m(RouterManager pid=1850)[0m self.req_queue.waiting_req_list length: 0
[36m(RouterManager pid=1850)[0m === RouterManager iteration 1125 ===
[36m(RouterManager pid=1850)[0m self.req_queue.waiting_req_list length: 0
[36m(RouterManager pid=1850)[0m === RouterManager iteration 1126 ===
[36m(RouterManager pid=1850)[0m self.req_queue.waiting_req_list length: 0
[36m(RouterManager pid=1850)[0m === RouterManager iteration 1127 ===
[36m(RouterManager pid=1850)[0m self.req_queue.waiting_req_list length: 0
[36m(RouterManager pid=1850)[0m === RouterManager iteration 1128 ===
[36m(RouterManager pid=1850)[0m self.req_queue.waiting_req_list length: 0
[36m(RouterManager pid=1850)[0m === RouterManager iteration 1129 ===
[36m(RouterManager pid=1850)[0m self.req_queue.waiting_req_list length: 0
[36m(RouterManager pid=1850)[0m === RouterManager iteration 1130 ===
[36m(RouterManager pid=1850)[0m self.req_queue.waiting_req_list length: 0
[36m(RouterManager pid=1850)[0m === RouterManager iteration 1131 ===
[36m(RouterManager pid=1850)[0m self.req_queue.waiting_req_list length: 0
[36m(RouterManager pid=1850)[0m === RouterManager iteration 1132 ===
[36m(RouterManager pid=1850)[0m self.req_queue.waiting_req_list length: 0
[36m(RouterManager pid=1850)[0m === RouterManager iteration 1133 ===
[36m(RouterManager pid=1850)[0m self.req_queue.waiting_req_list length: 0
[36m(RouterManager pid=1850)[0m === RouterManager iteration 1134 ===
[36m(RouterManager pid=1850)[0m self.req_queue.waiting_req_list length: 0
[36m(RouterManager pid=1850)[0m === RouterManager iteration 1135 ===
[36m(RouterManager pid=1850)[0m self.req_queue.waiting_req_list length: 0
[36m(RouterManager pid=1850)[0m === RouterManager iteration 1136 ===
[36m(RouterManager pid=1850)[0m self.req_queue.waiting_req_list length: 0
[36m(RouterManager pid=1850)[0m === RouterManager iteration 1137 ===
[36m(RouterManager pid=1850)[0m self.req_queue.waiting_req_list length: 0
[36m(RouterManager pid=1850)[0m === RouterManager iteration 1138 ===
[36m(RouterManager pid=1850)[0m self.req_queue.waiting_req_list length: 0
[36m(RouterManager pid=1850)[0m === RouterManager iteration 1139 ===
[36m(RouterManager pid=1850)[0m self.req_queue.waiting_req_list length: 0
[36m(RouterManager pid=1850)[0m === RouterManager iteration 1140 ===
[36m(RouterManager pid=1850)[0m self.req_queue.waiting_req_list length: 0
[36m(RouterManager pid=1850)[0m === RouterManager iteration 1141 ===
[36m(RouterManager pid=1850)[0m self.req_queue.waiting_req_list length: 0
[36m(RouterManager pid=1850)[0m === RouterManager iteration 1142 ===
[36m(RouterManager pid=1850)[0m self.req_queue.waiting_req_list length: 0
[36m(RouterManager pid=1850)[0m === RouterManager iteration 1143 ===
[36m(RouterManager pid=1850)[0m self.req_queue.waiting_req_list length: 0
[36m(RouterManager pid=1850)[0m === RouterManager iteration 1144 ===
[36m(RouterManager pid=1850)[0m self.req_queue.waiting_req_list length: 0
[36m(RouterManager pid=1850)[0m === RouterManager iteration 1145 ===
[36m(RouterManager pid=1850)[0m self.req_queue.waiting_req_list length: 0
[36m(RouterManager pid=1850)[0m === RouterManager iteration 1146 ===
[36m(RouterManager pid=1850)[0m self.req_queue.waiting_req_list length: 0
[36m(RouterManager pid=1850)[0m === RouterManager iteration 1147 ===
[36m(RouterManager pid=1850)[0m self.req_queue.waiting_req_list length: 0
[36m(RouterManager pid=1850)[0m === RouterManager iteration 1148 ===
[36m(RouterManager pid=1850)[0m self.req_queue.waiting_req_list length: 0
[36m(RouterManager pid=1850)[0m === RouterManager iteration 1149 ===
[36m(RouterManager pid=1850)[0m self.req_queue.waiting_req_list length: 0
[36m(RouterManager pid=1850)[0m === RouterManager iteration 1150 ===
[36m(RouterManager pid=1850)[0m self.req_queue.waiting_req_list length: 0
[36m(RouterManager pid=1850)[0m === RouterManager iteration 1151 ===
[36m(RouterManager pid=1850)[0m self.req_queue.waiting_req_list length: 0
[36m(RouterManager pid=1850)[0m === RouterManager iteration 1152 ===
[36m(RouterManager pid=1850)[0m self.req_queue.waiting_req_list length: 0
[36m(RouterManager pid=1850)[0m === RouterManager iteration 1153 ===
[36m(RouterManager pid=1850)[0m self.req_queue.waiting_req_list length: 0
[36m(RouterManager pid=1850)[0m === RouterManager iteration 1154 ===
[36m(RouterManager pid=1850)[0m self.req_queue.waiting_req_list length: 0
[36m(RouterManager pid=1850)[0m === RouterManager iteration 1155 ===
[36m(RouterManager pid=1850)[0m self.req_queue.waiting_req_list length: 0
[36m(RouterManager pid=1850)[0m === RouterManager iteration 1156 ===
[36m(RouterManager pid=1850)[0m self.req_queue.waiting_req_list length: 0
[36m(RouterManager pid=1850)[0m === RouterManager iteration 1157 ===
[36m(RouterManager pid=1850)[0m self.req_queue.waiting_req_list length: 0
[36m(RouterManager pid=1850)[0m === RouterManager iteration 1158 ===
[36m(RouterManager pid=1850)[0m self.req_queue.waiting_req_list length: 0
[36m(RouterManager pid=1850)[0m === RouterManager iteration 1159 ===
[36m(RouterManager pid=1850)[0m self.req_queue.waiting_req_list length: 0
[36m(RouterManager pid=1850)[0m === RouterManager iteration 1160 ===
[36m(RouterManager pid=1850)[0m self.req_queue.waiting_req_list length: 0
[36m(RouterManager pid=1850)[0m === RouterManager iteration 1161 ===
[36m(RouterManager pid=1850)[0m self.req_queue.waiting_req_list length: 0
[36m(RouterManager pid=1850)[0m === RouterManager iteration 1162 ===
[36m(RouterManager pid=1850)[0m self.req_queue.waiting_req_list length: 0
[36m(RouterManager pid=1850)[0m === RouterManager iteration 1163 ===
[36m(RouterManager pid=1850)[0m self.req_queue.waiting_req_list length: 0
[36m(RouterManager pid=1850)[0m === RouterManager iteration 1164 ===
[36m(RouterManager pid=1850)[0m self.req_queue.waiting_req_list length: 0
[36m(RouterManager pid=1850)[0m === RouterManager iteration 1165 ===
[36m(RouterManager pid=1850)[0m self.req_queue.waiting_req_list length: 0
[36m(RouterManager pid=1850)[0m === RouterManager iteration 1166 ===
[36m(RouterManager pid=1850)[0m self.req_queue.waiting_req_list length: 0
[36m(RouterManager pid=1850)[0m === RouterManager iteration 1167 ===
[36m(RouterManager pid=1850)[0m self.req_queue.waiting_req_list length: 0
[36m(RouterManager pid=1850)[0m === RouterManager iteration 1168 ===
[36m(RouterManager pid=1850)[0m self.req_queue.waiting_req_list length: 0
[36m(RouterManager pid=1850)[0m === RouterManager iteration 1169 ===
[36m(RouterManager pid=1850)[0m self.req_queue.waiting_req_list length: 0
[36m(RouterManager pid=1850)[0m === RouterManager iteration 1170 ===
[36m(RouterManager pid=1850)[0m self.req_queue.waiting_req_list length: 0
[36m(RouterManager pid=1850)[0m === RouterManager iteration 1171 ===
[36m(RouterManager pid=1850)[0m self.req_queue.waiting_req_list length: 0
[36m(RouterManager pid=1850)[0m === RouterManager iteration 1172 ===
[36m(RouterManager pid=1850)[0m self.req_queue.waiting_req_list length: 0
[36m(RouterManager pid=1850)[0m === RouterManager iteration 1173 ===
[36m(RouterManager pid=1850)[0m self.req_queue.waiting_req_list length: 0
[36m(RouterManager pid=1850)[0m === RouterManager iteration 1174 ===
[36m(RouterManager pid=1850)[0m self.req_queue.waiting_req_list length: 0
[36m(RouterManager pid=1850)[0m === RouterManager iteration 1175 ===
[36m(RouterManager pid=1850)[0m self.req_queue.waiting_req_list length: 0
[36m(RouterManager pid=1850)[0m === RouterManager iteration 1176 ===
[36m(RouterManager pid=1850)[0m self.req_queue.waiting_req_list length: 0
[36m(RouterManager pid=1850)[0m === RouterManager iteration 1177 ===
[36m(RouterManager pid=1850)[0m self.req_queue.waiting_req_list length: 0
[36m(RouterManager pid=1850)[0m === RouterManager iteration 1178 ===
[36m(RouterManager pid=1850)[0m self.req_queue.waiting_req_list length: 0
[36m(RouterManager pid=1850)[0m === RouterManager iteration 1179 ===
[36m(RouterManager pid=1850)[0m self.req_queue.waiting_req_list length: 0
[36m(RouterManager pid=1850)[0m === RouterManager iteration 1180 ===
[36m(RouterManager pid=1850)[0m self.req_queue.waiting_req_list length: 0
[36m(RouterManager pid=1850)[0m === RouterManager iteration 1181 ===
[36m(RouterManager pid=1850)[0m self.req_queue.waiting_req_list length: 0
[36m(RouterManager pid=1850)[0m === RouterManager iteration 1182 ===
[36m(RouterManager pid=1850)[0m self.req_queue.waiting_req_list length: 0
[36m(RouterManager pid=1850)[0m === RouterManager iteration 1183 ===
[36m(RouterManager pid=1850)[0m self.req_queue.waiting_req_list length: 0
[36m(RouterManager pid=1850)[0m === RouterManager iteration 1184 ===
[36m(RouterManager pid=1850)[0m self.req_queue.waiting_req_list length: 0
[36m(RouterManager pid=1850)[0m === RouterManager iteration 1185 ===
[36m(RouterManager pid=1850)[0m self.req_queue.waiting_req_list length: 0
[36m(RouterManager pid=1850)[0m === RouterManager iteration 1186 ===
[36m(RouterManager pid=1850)[0m self.req_queue.waiting_req_list length: 0
[36m(RouterManager pid=1850)[0m === RouterManager iteration 1187 ===
[36m(RouterManager pid=1850)[0m self.req_queue.waiting_req_list length: 0
[36m(RouterManager pid=1850)[0m === RouterManager iteration 1188 ===
[36m(RouterManager pid=1850)[0m self.req_queue.waiting_req_list length: 0
[36m(RouterManager pid=1850)[0m === RouterManager iteration 1189 ===
[36m(RouterManager pid=1850)[0m self.req_queue.waiting_req_list length: 0
[36m(RouterManager pid=1850)[0m === RouterManager iteration 1190 ===
[36m(RouterManager pid=1850)[0m self.req_queue.waiting_req_list length: 0
[36m(RouterManager pid=1850)[0m === RouterManager iteration 1191 ===
[36m(RouterManager pid=1850)[0m self.req_queue.waiting_req_list length: 0
[36m(RouterManager pid=1850)[0m === RouterManager iteration 1192 ===
[36m(RouterManager pid=1850)[0m self.req_queue.waiting_req_list length: 0
[36m(RouterManager pid=1850)[0m === RouterManager iteration 1193 ===
[36m(RouterManager pid=1850)[0m self.req_queue.waiting_req_list length: 0
[36m(RouterManager pid=1850)[0m === RouterManager iteration 1194 ===
[36m(RouterManager pid=1850)[0m self.req_queue.waiting_req_list length: 0
[36m(RouterManager pid=1850)[0m === RouterManager iteration 1195 ===
[36m(RouterManager pid=1850)[0m self.req_queue.waiting_req_list length: 0
[36m(RouterManager pid=1850)[0m === RouterManager iteration 1196 ===
[36m(RouterManager pid=1850)[0m self.req_queue.waiting_req_list length: 0
[36m(RouterManager pid=1850)[0m === RouterManager iteration 1197 ===
[36m(RouterManager pid=1850)[0m self.req_queue.waiting_req_list length: 0
[36m(RouterManager pid=1850)[0m === RouterManager iteration 1198 ===
[36m(RouterManager pid=1850)[0m self.req_queue.waiting_req_list length: 0
[36m(RouterManager pid=1850)[0m === RouterManager iteration 1199 ===
[36m(RouterManager pid=1850)[0m self.req_queue.waiting_req_list length: 0
[36m(RouterManager pid=1850)[0m === RouterManager iteration 1200 ===
[36m(RouterManager pid=1850)[0m self.req_queue.waiting_req_list length: 0
[36m(RouterManager pid=1850)[0m === RouterManager iteration 1201 ===
[36m(RouterManager pid=1850)[0m self.req_queue.waiting_req_list length: 0
[36m(RouterManager pid=1850)[0m === RouterManager iteration 1202 ===
[36m(RouterManager pid=1850)[0m self.req_queue.waiting_req_list length: 0
[36m(RouterManager pid=1850)[0m === RouterManager iteration 1203 ===
[36m(RouterManager pid=1850)[0m self.req_queue.waiting_req_list length: 0
[36m(RouterManager pid=1850)[0m === RouterManager iteration 1204 ===
[36m(RouterManager pid=1850)[0m self.req_queue.waiting_req_list length: 0
[36m(RouterManager pid=1850)[0m === RouterManager iteration 1205 ===
[36m(RouterManager pid=1850)[0m self.req_queue.waiting_req_list length: 0
[36m(RouterManager pid=1850)[0m === RouterManager iteration 1206 ===
[36m(RouterManager pid=1850)[0m self.req_queue.waiting_req_list length: 0
[36m(RouterManager pid=1850)[0m === RouterManager iteration 1207 ===
[36m(RouterManager pid=1850)[0m self.req_queue.waiting_req_list length: 0
[36m(RouterManager pid=1850)[0m === RouterManager iteration 1208 ===
[36m(RouterManager pid=1850)[0m self.req_queue.waiting_req_list length: 0
[36m(RouterManager pid=1850)[0m === RouterManager iteration 1209 ===
[36m(RouterManager pid=1850)[0m self.req_queue.waiting_req_list length: 0
[36m(RouterManager pid=1850)[0m === RouterManager iteration 1210 ===
[36m(RouterManager pid=1850)[0m self.req_queue.waiting_req_list length: 0
[36m(RouterManager pid=1850)[0m === RouterManager iteration 1211 ===
[36m(RouterManager pid=1850)[0m self.req_queue.waiting_req_list length: 0
[36m(RouterManager pid=1850)[0m === RouterManager iteration 1212 ===
[36m(RouterManager pid=1850)[0m self.req_queue.waiting_req_list length: 0
[36m(RouterManager pid=1850)[0m === RouterManager iteration 1213 ===
[36m(RouterManager pid=1850)[0m self.req_queue.waiting_req_list length: 0
[36m(RouterManager pid=1850)[0m === RouterManager iteration 1214 ===
[36m(RouterManager pid=1850)[0m self.req_queue.waiting_req_list length: 0
[36m(RouterManager pid=1850)[0m === RouterManager iteration 1215 ===
[36m(RouterManager pid=1850)[0m self.req_queue.waiting_req_list length: 0
[36m(RouterManager pid=1850)[0m === RouterManager iteration 1216 ===
[36m(RouterManager pid=1850)[0m self.req_queue.waiting_req_list length: 0
[36m(RouterManager pid=1850)[0m === RouterManager iteration 1217 ===
[36m(RouterManager pid=1850)[0m self.req_queue.waiting_req_list length: 0
[36m(RouterManager pid=1850)[0m === RouterManager iteration 1218 ===
[36m(RouterManager pid=1850)[0m self.req_queue.waiting_req_list length: 0
[36m(RouterManager pid=1850)[0m === RouterManager iteration 1219 ===
[36m(RouterManager pid=1850)[0m self.req_queue.waiting_req_list length: 0
[36m(RouterManager pid=1850)[0m === RouterManager iteration 1220 ===
[36m(RouterManager pid=1850)[0m self.req_queue.waiting_req_list length: 0
[36m(RouterManager pid=1850)[0m === RouterManager iteration 1221 ===
[36m(RouterManager pid=1850)[0m self.req_queue.waiting_req_list length: 0
[36m(RouterManager pid=1850)[0m === RouterManager iteration 1222 ===
[36m(RouterManager pid=1850)[0m self.req_queue.waiting_req_list length: 0
[36m(RouterManager pid=1850)[0m === RouterManager iteration 1223 ===
[36m(RouterManager pid=1850)[0m self.req_queue.waiting_req_list length: 0
[36m(RouterManager pid=1850)[0m === RouterManager iteration 1224 ===
[36m(RouterManager pid=1850)[0m self.req_queue.waiting_req_list length: 0
[36m(RouterManager pid=1850)[0m === RouterManager iteration 1225 ===
[36m(RouterManager pid=1850)[0m self.req_queue.waiting_req_list length: 0
[36m(RouterManager pid=1850)[0m === RouterManager iteration 1226 ===
[36m(RouterManager pid=1850)[0m self.req_queue.waiting_req_list length: 0
[36m(RouterManager pid=1850)[0m === RouterManager iteration 1227 ===
[36m(RouterManager pid=1850)[0m self.req_queue.waiting_req_list length: 0
[36m(RouterManager pid=1850)[0m === RouterManager iteration 1228 ===
[36m(RouterManager pid=1850)[0m self.req_queue.waiting_req_list length: 0
[36m(RouterManager pid=1850)[0m === RouterManager iteration 1229 ===
[36m(RouterManager pid=1850)[0m self.req_queue.waiting_req_list length: 0
[36m(RouterManager pid=1850)[0m === RouterManager iteration 1230 ===
[36m(RouterManager pid=1850)[0m self.req_queue.waiting_req_list length: 0
[36m(RouterManager pid=1850)[0m === RouterManager iteration 1231 ===
[36m(RouterManager pid=1850)[0m self.req_queue.waiting_req_list length: 0
[36m(RouterManager pid=1850)[0m === RouterManager iteration 1232 ===
[36m(RouterManager pid=1850)[0m self.req_queue.waiting_req_list length: 0
[36m(RouterManager pid=1850)[0m === RouterManager iteration 1233 ===
[36m(RouterManager pid=1850)[0m self.req_queue.waiting_req_list length: 0
[36m(RouterManager pid=1850)[0m === RouterManager iteration 1234 ===
[36m(RouterManager pid=1850)[0m self.req_queue.waiting_req_list length: 0
[36m(RouterManager pid=1850)[0m === RouterManager iteration 1235 ===
[36m(RouterManager pid=1850)[0m self.req_queue.waiting_req_list length: 0
[36m(RouterManager pid=1850)[0m === RouterManager iteration 1236 ===
[36m(RouterManager pid=1850)[0m self.req_queue.waiting_req_list length: 0
[36m(RouterManager pid=1850)[0m === RouterManager iteration 1237 ===
[36m(RouterManager pid=1850)[0m self.req_queue.waiting_req_list length: 0
[36m(RouterManager pid=1850)[0m === RouterManager iteration 1238 ===
[36m(RouterManager pid=1850)[0m self.req_queue.waiting_req_list length: 0
[36m(RouterManager pid=1850)[0m === RouterManager iteration 1239 ===
[36m(RouterManager pid=1850)[0m self.req_queue.waiting_req_list length: 0
[36m(RouterManager pid=1850)[0m === RouterManager iteration 1240 ===
[36m(RouterManager pid=1850)[0m self.req_queue.waiting_req_list length: 0
[36m(RouterManager pid=1850)[0m === RouterManager iteration 1241 ===
[36m(RouterManager pid=1850)[0m self.req_queue.waiting_req_list length: 0
[36m(RouterManager pid=1850)[0m === RouterManager iteration 1242 ===
[36m(RouterManager pid=1850)[0m self.req_queue.waiting_req_list length: 0
[36m(RouterManager pid=1850)[0m === RouterManager iteration 1243 ===
[36m(RouterManager pid=1850)[0m self.req_queue.waiting_req_list length: 0
[36m(RouterManager pid=1850)[0m === RouterManager iteration 1244 ===
[36m(RouterManager pid=1850)[0m self.req_queue.waiting_req_list length: 0
[36m(RouterManager pid=1850)[0m === RouterManager iteration 1245 ===
[36m(RouterManager pid=1850)[0m self.req_queue.waiting_req_list length: 0
[36m(RouterManager pid=1850)[0m === RouterManager iteration 1246 ===
[36m(RouterManager pid=1850)[0m self.req_queue.waiting_req_list length: 0
[36m(RouterManager pid=1850)[0m === RouterManager iteration 1247 ===
[36m(RouterManager pid=1850)[0m self.req_queue.waiting_req_list length: 0
[36m(RouterManager pid=1850)[0m === RouterManager iteration 1248 ===
[36m(RouterManager pid=1850)[0m self.req_queue.waiting_req_list length: 0
[36m(RouterManager pid=1850)[0m === RouterManager iteration 1249 ===
[36m(RouterManager pid=1850)[0m self.req_queue.waiting_req_list length: 0
[36m(RouterManager pid=1850)[0m === RouterManager iteration 1250 ===
[36m(RouterManager pid=1850)[0m self.req_queue.waiting_req_list length: 0
[36m(RouterManager pid=1850)[0m === RouterManager iteration 1251 ===
[36m(RouterManager pid=1850)[0m self.req_queue.waiting_req_list length: 0
[36m(RouterManager pid=1850)[0m === RouterManager iteration 1252 ===
[36m(RouterManager pid=1850)[0m self.req_queue.waiting_req_list length: 0
[36m(RouterManager pid=1850)[0m === RouterManager iteration 1253 ===
[36m(RouterManager pid=1850)[0m self.req_queue.waiting_req_list length: 0
[36m(RouterManager pid=1850)[0m === RouterManager iteration 1254 ===
[36m(RouterManager pid=1850)[0m self.req_queue.waiting_req_list length: 0
[36m(RouterManager pid=1850)[0m === RouterManager iteration 1255 ===
[36m(RouterManager pid=1850)[0m self.req_queue.waiting_req_list length: 0
[36m(RouterManager pid=1850)[0m === RouterManager iteration 1256 ===
[36m(RouterManager pid=1850)[0m self.req_queue.waiting_req_list length: 0
[36m(RouterManager pid=1850)[0m === RouterManager iteration 1257 ===
[36m(RouterManager pid=1850)[0m self.req_queue.waiting_req_list length: 0
[36m(RouterManager pid=1850)[0m === RouterManager iteration 1258 ===
[36m(RouterManager pid=1850)[0m self.req_queue.waiting_req_list length: 0
[36m(RouterManager pid=1850)[0m === RouterManager iteration 1259 ===
[36m(RouterManager pid=1850)[0m self.req_queue.waiting_req_list length: 0
[36m(RouterManager pid=1850)[0m === RouterManager iteration 1260 ===
[36m(RouterManager pid=1850)[0m self.req_queue.waiting_req_list length: 0
[36m(RouterManager pid=1850)[0m === RouterManager iteration 1261 ===
[36m(RouterManager pid=1850)[0m self.req_queue.waiting_req_list length: 0
[36m(RouterManager pid=1850)[0m === RouterManager iteration 1262 ===
[36m(RouterManager pid=1850)[0m self.req_queue.waiting_req_list length: 0
[36m(RouterManager pid=1850)[0m === RouterManager iteration 1263 ===
[36m(RouterManager pid=1850)[0m self.req_queue.waiting_req_list length: 0
[36m(RouterManager pid=1850)[0m === RouterManager iteration 1264 ===
[36m(RouterManager pid=1850)[0m self.req_queue.waiting_req_list length: 0
[36m(RouterManager pid=1850)[0m === RouterManager iteration 1265 ===
[36m(RouterManager pid=1850)[0m self.req_queue.waiting_req_list length: 0
[36m(RouterManager pid=1850)[0m === RouterManager iteration 1266 ===
[36m(RouterManager pid=1850)[0m self.req_queue.waiting_req_list length: 0
[36m(RouterManager pid=1850)[0m === RouterManager iteration 1267 ===
[36m(RouterManager pid=1850)[0m self.req_queue.waiting_req_list length: 0
[36m(RouterManager pid=1850)[0m === RouterManager iteration 1268 ===
[36m(RouterManager pid=1850)[0m self.req_queue.waiting_req_list length: 0
[36m(RouterManager pid=1850)[0m === RouterManager iteration 1269 ===
[36m(RouterManager pid=1850)[0m self.req_queue.waiting_req_list length: 0
[36m(RouterManager pid=1850)[0m === RouterManager iteration 1270 ===
[36m(RouterManager pid=1850)[0m self.req_queue.waiting_req_list length: 0
[36m(RouterManager pid=1850)[0m === RouterManager iteration 1271 ===
[36m(RouterManager pid=1850)[0m self.req_queue.waiting_req_list length: 0
[36m(RouterManager pid=1850)[0m === RouterManager iteration 1272 ===
[36m(RouterManager pid=1850)[0m self.req_queue.waiting_req_list length: 0
[36m(RouterManager pid=1850)[0m === RouterManager iteration 1273 ===
[36m(RouterManager pid=1850)[0m self.req_queue.waiting_req_list length: 0
[36m(RouterManager pid=1850)[0m === RouterManager iteration 1274 ===
[36m(RouterManager pid=1850)[0m self.req_queue.waiting_req_list length: 0
[36m(RouterManager pid=1850)[0m === RouterManager iteration 1275 ===
[36m(RouterManager pid=1850)[0m self.req_queue.waiting_req_list length: 0
[36m(RouterManager pid=1850)[0m === RouterManager iteration 1276 ===
[36m(RouterManager pid=1850)[0m self.req_queue.waiting_req_list length: 0
[36m(RouterManager pid=1850)[0m === RouterManager iteration 1277 ===
[36m(RouterManager pid=1850)[0m self.req_queue.waiting_req_list length: 0
[36m(RouterManager pid=1850)[0m === RouterManager iteration 1278 ===
[36m(RouterManager pid=1850)[0m self.req_queue.waiting_req_list length: 0
[36m(RouterManager pid=1850)[0m === RouterManager iteration 1279 ===
[36m(RouterManager pid=1850)[0m self.req_queue.waiting_req_list length: 0
[36m(RouterManager pid=1850)[0m === RouterManager iteration 1280 ===
[36m(RouterManager pid=1850)[0m self.req_queue.waiting_req_list length: 0
[36m(RouterManager pid=1850)[0m === RouterManager iteration 1281 ===
[36m(RouterManager pid=1850)[0m self.req_queue.waiting_req_list length: 0
[36m(RouterManager pid=1850)[0m === RouterManager iteration 1282 ===
[36m(RouterManager pid=1850)[0m self.req_queue.waiting_req_list length: 0
[36m(RouterManager pid=1850)[0m === RouterManager iteration 1283 ===
[36m(RouterManager pid=1850)[0m self.req_queue.waiting_req_list length: 0
[36m(RouterManager pid=1850)[0m === RouterManager iteration 1284 ===
[36m(RouterManager pid=1850)[0m self.req_queue.waiting_req_list length: 0
[36m(RouterManager pid=1850)[0m === RouterManager iteration 1285 ===
[36m(RouterManager pid=1850)[0m self.req_queue.waiting_req_list length: 0
[36m(RouterManager pid=1850)[0m === RouterManager iteration 1286 ===
[36m(RouterManager pid=1850)[0m self.req_queue.waiting_req_list length: 0
[36m(RouterManager pid=1850)[0m === RouterManager iteration 1287 ===
[36m(RouterManager pid=1850)[0m self.req_queue.waiting_req_list length: 0
[36m(RouterManager pid=1850)[0m === RouterManager iteration 1288 ===
[36m(RouterManager pid=1850)[0m self.req_queue.waiting_req_list length: 0
[36m(RouterManager pid=1850)[0m === RouterManager iteration 1289 ===
[36m(RouterManager pid=1850)[0m self.req_queue.waiting_req_list length: 0
[36m(RouterManager pid=1850)[0m === RouterManager iteration 1290 ===
[36m(RouterManager pid=1850)[0m self.req_queue.waiting_req_list length: 0
[36m(RouterManager pid=1850)[0m === RouterManager iteration 1291 ===
[36m(RouterManager pid=1850)[0m self.req_queue.waiting_req_list length: 0
[36m(RouterManager pid=1850)[0m === RouterManager iteration 1292 ===
[36m(RouterManager pid=1850)[0m self.req_queue.waiting_req_list length: 0
[36m(RouterManager pid=1850)[0m === RouterManager iteration 1293 ===
[36m(RouterManager pid=1850)[0m self.req_queue.waiting_req_list length: 0
[36m(RouterManager pid=1850)[0m === RouterManager iteration 1294 ===
[36m(RouterManager pid=1850)[0m self.req_queue.waiting_req_list length: 0
[36m(RouterManager pid=1850)[0m === RouterManager iteration 1295 ===
[36m(RouterManager pid=1850)[0m self.req_queue.waiting_req_list length: 0
[36m(RouterManager pid=1850)[0m === RouterManager iteration 1296 ===
[36m(RouterManager pid=1850)[0m self.req_queue.waiting_req_list length: 0
[36m(RouterManager pid=1850)[0m === RouterManager iteration 1297 ===
[36m(RouterManager pid=1850)[0m self.req_queue.waiting_req_list length: 0
[36m(RouterManager pid=1850)[0m === RouterManager iteration 1298 ===
[36m(RouterManager pid=1850)[0m self.req_queue.waiting_req_list length: 0
[36m(RouterManager pid=1850)[0m === RouterManager iteration 1299 ===
[36m(RouterManager pid=1850)[0m self.req_queue.waiting_req_list length: 0
[36m(RouterManager pid=1850)[0m === RouterManager iteration 1300 ===
[36m(RouterManager pid=1850)[0m self.req_queue.waiting_req_list length: 0
[36m(RouterManager pid=1850)[0m === RouterManager iteration 1301 ===
[36m(RouterManager pid=1850)[0m self.req_queue.waiting_req_list length: 0
[36m(RouterManager pid=1850)[0m === RouterManager iteration 1302 ===
[36m(RouterManager pid=1850)[0m self.req_queue.waiting_req_list length: 0
[36m(RouterManager pid=1850)[0m === RouterManager iteration 1303 ===
[36m(RouterManager pid=1850)[0m self.req_queue.waiting_req_list length: 0
[36m(RouterManager pid=1850)[0m === RouterManager iteration 1304 ===
[36m(RouterManager pid=1850)[0m self.req_queue.waiting_req_list length: 0
[36m(RouterManager pid=1850)[0m === RouterManager iteration 1305 ===
[36m(RouterManager pid=1850)[0m self.req_queue.waiting_req_list length: 0
[36m(RouterManager pid=1850)[0m === RouterManager iteration 1306 ===
[36m(RouterManager pid=1850)[0m self.req_queue.waiting_req_list length: 0
[36m(RouterManager pid=1850)[0m === RouterManager iteration 1307 ===
[36m(RouterManager pid=1850)[0m self.req_queue.waiting_req_list length: 0
[36m(RouterManager pid=1850)[0m === RouterManager iteration 1308 ===
[36m(RouterManager pid=1850)[0m self.req_queue.waiting_req_list length: 0
[36m(RouterManager pid=1850)[0m === RouterManager iteration 1309 ===
[36m(RouterManager pid=1850)[0m self.req_queue.waiting_req_list length: 0
[36m(RouterManager pid=1850)[0m === RouterManager iteration 1310 ===
[36m(RouterManager pid=1850)[0m self.req_queue.waiting_req_list length: 0
[36m(RouterManager pid=1850)[0m === RouterManager iteration 1311 ===
[36m(RouterManager pid=1850)[0m self.req_queue.waiting_req_list length: 0
[36m(RouterManager pid=1850)[0m === RouterManager iteration 1312 ===
[36m(RouterManager pid=1850)[0m self.req_queue.waiting_req_list length: 0
[36m(RouterManager pid=1850)[0m === RouterManager iteration 1313 ===
[36m(RouterManager pid=1850)[0m self.req_queue.waiting_req_list length: 0
[36m(RouterManager pid=1850)[0m === RouterManager iteration 1314 ===
[36m(RouterManager pid=1850)[0m self.req_queue.waiting_req_list length: 0
[36m(RouterManager pid=1850)[0m === RouterManager iteration 1315 ===
[36m(RouterManager pid=1850)[0m self.req_queue.waiting_req_list length: 0
[36m(RouterManager pid=1850)[0m === RouterManager iteration 1316 ===
[36m(RouterManager pid=1850)[0m self.req_queue.waiting_req_list length: 0
[36m(RouterManager pid=1850)[0m === RouterManager iteration 1317 ===
[36m(RouterManager pid=1850)[0m self.req_queue.waiting_req_list length: 0
[36m(RouterManager pid=1850)[0m === RouterManager iteration 1318 ===
[36m(RouterManager pid=1850)[0m self.req_queue.waiting_req_list length: 0
[36m(RouterManager pid=1850)[0m === RouterManager iteration 1319 ===
[36m(RouterManager pid=1850)[0m self.req_queue.waiting_req_list length: 0
[36m(RouterManager pid=1850)[0m === RouterManager iteration 1320 ===
[36m(RouterManager pid=1850)[0m self.req_queue.waiting_req_list length: 0
[36m(RouterManager pid=1850)[0m === RouterManager iteration 1321 ===
[36m(RouterManager pid=1850)[0m self.req_queue.waiting_req_list length: 0
[36m(RouterManager pid=1850)[0m === RouterManager iteration 1322 ===
[36m(RouterManager pid=1850)[0m self.req_queue.waiting_req_list length: 0
[36m(RouterManager pid=1850)[0m === RouterManager iteration 1323 ===
[36m(RouterManager pid=1850)[0m self.req_queue.waiting_req_list length: 0
[36m(RouterManager pid=1850)[0m === RouterManager iteration 1324 ===
[36m(RouterManager pid=1850)[0m self.req_queue.waiting_req_list length: 0
[36m(RouterManager pid=1850)[0m === RouterManager iteration 1325 ===
[36m(RouterManager pid=1850)[0m self.req_queue.waiting_req_list length: 0
[36m(RouterManager pid=1850)[0m === RouterManager iteration 1326 ===
[36m(RouterManager pid=1850)[0m self.req_queue.waiting_req_list length: 0
[36m(RouterManager pid=1850)[0m === RouterManager iteration 1327 ===
[36m(RouterManager pid=1850)[0m self.req_queue.waiting_req_list length: 0
[36m(RouterManager pid=1850)[0m === RouterManager iteration 1328 ===
[36m(RouterManager pid=1850)[0m self.req_queue.waiting_req_list length: 0
[36m(RouterManager pid=1850)[0m === RouterManager iteration 1329 ===
[36m(RouterManager pid=1850)[0m self.req_queue.waiting_req_list length: 0
[36m(RouterManager pid=1850)[0m === RouterManager iteration 1330 ===
[36m(RouterManager pid=1850)[0m self.req_queue.waiting_req_list length: 0
[36m(RouterManager pid=1850)[0m === RouterManager iteration 1331 ===
[36m(RouterManager pid=1850)[0m self.req_queue.waiting_req_list length: 0
[36m(RouterManager pid=1850)[0m === RouterManager iteration 1332 ===
[36m(RouterManager pid=1850)[0m self.req_queue.waiting_req_list length: 0
[36m(RouterManager pid=1850)[0m === RouterManager iteration 1333 ===
[36m(RouterManager pid=1850)[0m self.req_queue.waiting_req_list length: 0
[36m(RouterManager pid=1850)[0m === RouterManager iteration 1334 ===
[36m(RouterManager pid=1850)[0m self.req_queue.waiting_req_list length: 0
[36m(RouterManager pid=1850)[0m === RouterManager iteration 1335 ===
[36m(RouterManager pid=1850)[0m self.req_queue.waiting_req_list length: 0
[36m(RouterManager pid=1850)[0m === RouterManager iteration 1336 ===
[36m(RouterManager pid=1850)[0m self.req_queue.waiting_req_list length: 0
[36m(RouterManager pid=1850)[0m === RouterManager iteration 1337 ===
[36m(RouterManager pid=1850)[0m self.req_queue.waiting_req_list length: 0
[36m(RouterManager pid=1850)[0m === RouterManager iteration 1338 ===
[36m(RouterManager pid=1850)[0m self.req_queue.waiting_req_list length: 0
[36m(RouterManager pid=1850)[0m === RouterManager iteration 1339 ===
[36m(RouterManager pid=1850)[0m self.req_queue.waiting_req_list length: 0
[36m(RouterManager pid=1850)[0m === RouterManager iteration 1340 ===
[36m(RouterManager pid=1850)[0m self.req_queue.waiting_req_list length: 0
[36m(RouterManager pid=1850)[0m === RouterManager iteration 1341 ===
[36m(RouterManager pid=1850)[0m self.req_queue.waiting_req_list length: 0
[36m(RouterManager pid=1850)[0m === RouterManager iteration 1342 ===
[36m(RouterManager pid=1850)[0m self.req_queue.waiting_req_list length: 0
[36m(RouterManager pid=1850)[0m === RouterManager iteration 1343 ===
[36m(RouterManager pid=1850)[0m self.req_queue.waiting_req_list length: 0
[36m(RouterManager pid=1850)[0m === RouterManager iteration 1344 ===
[36m(RouterManager pid=1850)[0m self.req_queue.waiting_req_list length: 0
[36m(RouterManager pid=1850)[0m === RouterManager iteration 1345 ===
[36m(RouterManager pid=1850)[0m self.req_queue.waiting_req_list length: 0
[36m(RouterManager pid=1850)[0m === RouterManager iteration 1346 ===
[36m(RouterManager pid=1850)[0m self.req_queue.waiting_req_list length: 0
[36m(RouterManager pid=1850)[0m === RouterManager iteration 1347 ===
[36m(RouterManager pid=1850)[0m self.req_queue.waiting_req_list length: 0
[36m(RouterManager pid=1850)[0m === RouterManager iteration 1348 ===
[36m(RouterManager pid=1850)[0m self.req_queue.waiting_req_list length: 0
[36m(RouterManager pid=1850)[0m === RouterManager iteration 1349 ===
[36m(RouterManager pid=1850)[0m self.req_queue.waiting_req_list length: 0
[36m(RouterManager pid=1850)[0m === RouterManager iteration 1350 ===
[36m(RouterManager pid=1850)[0m self.req_queue.waiting_req_list length: 0
[36m(RouterManager pid=1850)[0m === RouterManager iteration 1351 ===
[36m(RouterManager pid=1850)[0m self.req_queue.waiting_req_list length: 0
[36m(RouterManager pid=1850)[0m === RouterManager iteration 1352 ===
[36m(RouterManager pid=1850)[0m self.req_queue.waiting_req_list length: 0
[36m(RouterManager pid=1850)[0m === RouterManager iteration 1353 ===
[36m(RouterManager pid=1850)[0m self.req_queue.waiting_req_list length: 0
[36m(RouterManager pid=1850)[0m === RouterManager iteration 1354 ===
[36m(RouterManager pid=1850)[0m self.req_queue.waiting_req_list length: 0
[36m(RouterManager pid=1850)[0m === RouterManager iteration 1355 ===
[36m(RouterManager pid=1850)[0m self.req_queue.waiting_req_list length: 0
[36m(RouterManager pid=1850)[0m === RouterManager iteration 1356 ===
[36m(RouterManager pid=1850)[0m self.req_queue.waiting_req_list length: 0
[36m(RouterManager pid=1850)[0m === RouterManager iteration 1357 ===
[36m(RouterManager pid=1850)[0m self.req_queue.waiting_req_list length: 0
[36m(RouterManager pid=1850)[0m === RouterManager iteration 1358 ===
[36m(RouterManager pid=1850)[0m self.req_queue.waiting_req_list length: 0
[36m(RouterManager pid=1850)[0m === RouterManager iteration 1359 ===
[36m(RouterManager pid=1850)[0m self.req_queue.waiting_req_list length: 0
[36m(RouterManager pid=1850)[0m === RouterManager iteration 1360 ===
[36m(RouterManager pid=1850)[0m self.req_queue.waiting_req_list length: 0
[36m(RouterManager pid=1850)[0m === RouterManager iteration 1361 ===
[36m(RouterManager pid=1850)[0m self.req_queue.waiting_req_list length: 0
[36m(RouterManager pid=1850)[0m === RouterManager iteration 1362 ===
[36m(RouterManager pid=1850)[0m self.req_queue.waiting_req_list length: 0
[36m(RouterManager pid=1850)[0m === RouterManager iteration 1363 ===
[36m(RouterManager pid=1850)[0m self.req_queue.waiting_req_list length: 0
[36m(RouterManager pid=1850)[0m === RouterManager iteration 1364 ===
[36m(RouterManager pid=1850)[0m self.req_queue.waiting_req_list length: 0
[36m(RouterManager pid=1850)[0m === RouterManager iteration 1365 ===
[36m(RouterManager pid=1850)[0m self.req_queue.waiting_req_list length: 0
[36m(RouterManager pid=1850)[0m === RouterManager iteration 1366 ===
[36m(RouterManager pid=1850)[0m self.req_queue.waiting_req_list length: 0
[36m(RouterManager pid=1850)[0m === RouterManager iteration 1367 ===
[36m(RouterManager pid=1850)[0m self.req_queue.waiting_req_list length: 0
[36m(RouterManager pid=1850)[0m === RouterManager iteration 1368 ===
[36m(RouterManager pid=1850)[0m self.req_queue.waiting_req_list length: 0
[36m(RouterManager pid=1850)[0m === RouterManager iteration 1369 ===
[36m(RouterManager pid=1850)[0m self.req_queue.waiting_req_list length: 0
[36m(RouterManager pid=1850)[0m === RouterManager iteration 1370 ===
[36m(RouterManager pid=1850)[0m self.req_queue.waiting_req_list length: 0
[36m(RouterManager pid=1850)[0m === RouterManager iteration 1371 ===
[36m(RouterManager pid=1850)[0m self.req_queue.waiting_req_list length: 0
[36m(RouterManager pid=1850)[0m === RouterManager iteration 1372 ===
[36m(RouterManager pid=1850)[0m self.req_queue.waiting_req_list length: 0
[36m(RouterManager pid=1850)[0m === RouterManager iteration 1373 ===
[36m(RouterManager pid=1850)[0m self.req_queue.waiting_req_list length: 0
[36m(RouterManager pid=1850)[0m === RouterManager iteration 1374 ===
[36m(RouterManager pid=1850)[0m self.req_queue.waiting_req_list length: 0
[36m(RouterManager pid=1850)[0m === RouterManager iteration 1375 ===
[36m(RouterManager pid=1850)[0m self.req_queue.waiting_req_list length: 0
[36m(RouterManager pid=1850)[0m === RouterManager iteration 1376 ===
[36m(RouterManager pid=1850)[0m self.req_queue.waiting_req_list length: 0
[36m(RouterManager pid=1850)[0m === RouterManager iteration 1377 ===
[36m(RouterManager pid=1850)[0m self.req_queue.waiting_req_list length: 0
[36m(RouterManager pid=1850)[0m === RouterManager iteration 1378 ===
[36m(RouterManager pid=1850)[0m self.req_queue.waiting_req_list length: 0
[36m(RouterManager pid=1850)[0m === RouterManager iteration 1379 ===
[36m(RouterManager pid=1850)[0m self.req_queue.waiting_req_list length: 0
[36m(RouterManager pid=1850)[0m === RouterManager iteration 1380 ===
[36m(RouterManager pid=1850)[0m self.req_queue.waiting_req_list length: 0
[36m(RouterManager pid=1850)[0m === RouterManager iteration 1381 ===
[36m(RouterManager pid=1850)[0m self.req_queue.waiting_req_list length: 0
[36m(RouterManager pid=1850)[0m === RouterManager iteration 1382 ===
[36m(RouterManager pid=1850)[0m self.req_queue.waiting_req_list length: 0
[36m(RouterManager pid=1850)[0m === RouterManager iteration 1383 ===
[36m(RouterManager pid=1850)[0m self.req_queue.waiting_req_list length: 0
[36m(RouterManager pid=1850)[0m === RouterManager iteration 1384 ===
[36m(RouterManager pid=1850)[0m self.req_queue.waiting_req_list length: 0
[36m(RouterManager pid=1850)[0m === RouterManager iteration 1385 ===
[36m(RouterManager pid=1850)[0m self.req_queue.waiting_req_list length: 0
[36m(RouterManager pid=1850)[0m === RouterManager iteration 1386 ===
[36m(RouterManager pid=1850)[0m self.req_queue.waiting_req_list length: 0
[36m(RouterManager pid=1850)[0m === RouterManager iteration 1387 ===
[36m(RouterManager pid=1850)[0m self.req_queue.waiting_req_list length: 0
[36m(RouterManager pid=1850)[0m === RouterManager iteration 1388 ===
[36m(RouterManager pid=1850)[0m self.req_queue.waiting_req_list length: 0
[36m(RouterManager pid=1850)[0m === RouterManager iteration 1389 ===
[36m(RouterManager pid=1850)[0m self.req_queue.waiting_req_list length: 0
[36m(RouterManager pid=1850)[0m === RouterManager iteration 1390 ===
[36m(RouterManager pid=1850)[0m self.req_queue.waiting_req_list length: 0
[36m(RouterManager pid=1850)[0m === RouterManager iteration 1391 ===
[36m(RouterManager pid=1850)[0m self.req_queue.waiting_req_list length: 0
[36m(RouterManager pid=1850)[0m === RouterManager iteration 1392 ===
[36m(RouterManager pid=1850)[0m self.req_queue.waiting_req_list length: 0
[36m(RouterManager pid=1850)[0m === RouterManager iteration 1393 ===
[36m(RouterManager pid=1850)[0m self.req_queue.waiting_req_list length: 0
[36m(RouterManager pid=1850)[0m === RouterManager iteration 1394 ===
[36m(RouterManager pid=1850)[0m self.req_queue.waiting_req_list length: 0
[36m(RouterManager pid=1850)[0m === RouterManager iteration 1395 ===
[36m(RouterManager pid=1850)[0m self.req_queue.waiting_req_list length: 0
[36m(RouterManager pid=1850)[0m === RouterManager iteration 1396 ===
[36m(RouterManager pid=1850)[0m self.req_queue.waiting_req_list length: 0
[36m(RouterManager pid=1850)[0m === RouterManager iteration 1397 ===
[36m(RouterManager pid=1850)[0m self.req_queue.waiting_req_list length: 0
[36m(RouterManager pid=1850)[0m === RouterManager iteration 1398 ===
[36m(RouterManager pid=1850)[0m self.req_queue.waiting_req_list length: 0
[36m(RouterManager pid=1850)[0m === RouterManager iteration 1399 ===
[36m(RouterManager pid=1850)[0m self.req_queue.waiting_req_list length: 0
[36m(RouterManager pid=1850)[0m === RouterManager iteration 1400 ===
[36m(RouterManager pid=1850)[0m self.req_queue.waiting_req_list length: 0
[36m(RouterManager pid=1850)[0m === RouterManager iteration 1401 ===
[36m(RouterManager pid=1850)[0m self.req_queue.waiting_req_list length: 0
[36m(RouterManager pid=1850)[0m === RouterManager iteration 1402 ===
[36m(RouterManager pid=1850)[0m self.req_queue.waiting_req_list length: 0
[36m(RouterManager pid=1850)[0m === RouterManager iteration 1403 ===
[36m(RouterManager pid=1850)[0m self.req_queue.waiting_req_list length: 0
[36m(RouterManager pid=1850)[0m === RouterManager iteration 1404 ===
[36m(RouterManager pid=1850)[0m self.req_queue.waiting_req_list length: 0
[36m(RouterManager pid=1850)[0m === RouterManager iteration 1405 ===
[36m(RouterManager pid=1850)[0m self.req_queue.waiting_req_list length: 0
[36m(RouterManager pid=1850)[0m === RouterManager iteration 1406 ===
[36m(RouterManager pid=1850)[0m self.req_queue.waiting_req_list length: 0
[36m(RouterManager pid=1850)[0m === RouterManager iteration 1407 ===
[36m(RouterManager pid=1850)[0m self.req_queue.waiting_req_list length: 0
[36m(RouterManager pid=1850)[0m === RouterManager iteration 1408 ===
[36m(RouterManager pid=1850)[0m self.req_queue.waiting_req_list length: 0
[36m(RouterManager pid=1850)[0m === RouterManager iteration 1409 ===
[36m(RouterManager pid=1850)[0m self.req_queue.waiting_req_list length: 0
[36m(RouterManager pid=1850)[0m === RouterManager iteration 1410 ===
[36m(RouterManager pid=1850)[0m self.req_queue.waiting_req_list length: 0
[36m(RouterManager pid=1850)[0m === RouterManager iteration 1411 ===
[36m(RouterManager pid=1850)[0m self.req_queue.waiting_req_list length: 0
[36m(RouterManager pid=1850)[0m === RouterManager iteration 1412 ===
[36m(RouterManager pid=1850)[0m self.req_queue.waiting_req_list length: 0
[36m(RouterManager pid=1850)[0m === RouterManager iteration 1413 ===
[36m(RouterManager pid=1850)[0m self.req_queue.waiting_req_list length: 0
[36m(RouterManager pid=1850)[0m === RouterManager iteration 1414 ===
[36m(RouterManager pid=1850)[0m self.req_queue.waiting_req_list length: 0
[36m(RouterManager pid=1850)[0m === RouterManager iteration 1415 ===
[36m(RouterManager pid=1850)[0m self.req_queue.waiting_req_list length: 0
[36m(RouterManager pid=1850)[0m === RouterManager iteration 1416 ===
[36m(RouterManager pid=1850)[0m self.req_queue.waiting_req_list length: 0
[36m(RouterManager pid=1850)[0m === RouterManager iteration 1417 ===
[36m(RouterManager pid=1850)[0m self.req_queue.waiting_req_list length: 0
[36m(RouterManager pid=1850)[0m === RouterManager iteration 1418 ===
[36m(RouterManager pid=1850)[0m self.req_queue.waiting_req_list length: 0
[36m(RouterManager pid=1850)[0m === RouterManager iteration 1419 ===
[36m(RouterManager pid=1850)[0m self.req_queue.waiting_req_list length: 0
[36m(RouterManager pid=1850)[0m === RouterManager iteration 1420 ===
[36m(RouterManager pid=1850)[0m self.req_queue.waiting_req_list length: 0
[36m(RouterManager pid=1850)[0m === RouterManager iteration 1421 ===
[36m(RouterManager pid=1850)[0m self.req_queue.waiting_req_list length: 0
[36m(RouterManager pid=1850)[0m === RouterManager iteration 1422 ===
[36m(RouterManager pid=1850)[0m self.req_queue.waiting_req_list length: 0
[36m(RouterManager pid=1850)[0m === RouterManager iteration 1423 ===
[36m(RouterManager pid=1850)[0m self.req_queue.waiting_req_list length: 0
[36m(RouterManager pid=1850)[0m === RouterManager iteration 1424 ===
[36m(RouterManager pid=1850)[0m self.req_queue.waiting_req_list length: 0
[36m(RouterManager pid=1850)[0m === RouterManager iteration 1425 ===
[36m(RouterManager pid=1850)[0m self.req_queue.waiting_req_list length: 0
[36m(RouterManager pid=1850)[0m === RouterManager iteration 1426 ===
[36m(RouterManager pid=1850)[0m self.req_queue.waiting_req_list length: 0
[36m(RouterManager pid=1850)[0m === RouterManager iteration 1427 ===
[36m(RouterManager pid=1850)[0m self.req_queue.waiting_req_list length: 0
[36m(RouterManager pid=1850)[0m === RouterManager iteration 1428 ===
[36m(RouterManager pid=1850)[0m self.req_queue.waiting_req_list length: 0
[36m(RouterManager pid=1850)[0m === RouterManager iteration 1429 ===
[36m(RouterManager pid=1850)[0m self.req_queue.waiting_req_list length: 0
[36m(RouterManager pid=1850)[0m === RouterManager iteration 1430 ===
[36m(RouterManager pid=1850)[0m self.req_queue.waiting_req_list length: 0
[36m(RouterManager pid=1850)[0m === RouterManager iteration 1431 ===
[36m(RouterManager pid=1850)[0m self.req_queue.waiting_req_list length: 0
[36m(RouterManager pid=1850)[0m === RouterManager iteration 1432 ===
[36m(RouterManager pid=1850)[0m self.req_queue.waiting_req_list length: 0
[36m(RouterManager pid=1850)[0m === RouterManager iteration 1433 ===
[36m(RouterManager pid=1850)[0m self.req_queue.waiting_req_list length: 0
[36m(RouterManager pid=1850)[0m === RouterManager iteration 1434 ===
[36m(RouterManager pid=1850)[0m self.req_queue.waiting_req_list length: 0
[36m(RouterManager pid=1850)[0m === RouterManager iteration 1435 ===
[36m(RouterManager pid=1850)[0m self.req_queue.waiting_req_list length: 0
[36m(RouterManager pid=1850)[0m === RouterManager iteration 1436 ===
[36m(RouterManager pid=1850)[0m self.req_queue.waiting_req_list length: 0
[36m(RouterManager pid=1850)[0m === RouterManager iteration 1437 ===
[36m(RouterManager pid=1850)[0m self.req_queue.waiting_req_list length: 0
[36m(RouterManager pid=1850)[0m === RouterManager iteration 1438 ===
[36m(RouterManager pid=1850)[0m self.req_queue.waiting_req_list length: 0
[36m(RouterManager pid=1850)[0m === RouterManager iteration 1439 ===
[36m(RouterManager pid=1850)[0m self.req_queue.waiting_req_list length: 0
[36m(RouterManager pid=1850)[0m === RouterManager iteration 1440 ===
[36m(RouterManager pid=1850)[0m self.req_queue.waiting_req_list length: 0
[36m(RouterManager pid=1850)[0m === RouterManager iteration 1441 ===
[36m(RouterManager pid=1850)[0m self.req_queue.waiting_req_list length: 0
[36m(RouterManager pid=1850)[0m === RouterManager iteration 1442 ===
[36m(RouterManager pid=1850)[0m self.req_queue.waiting_req_list length: 0
[36m(RouterManager pid=1850)[0m === RouterManager iteration 1443 ===
[36m(RouterManager pid=1850)[0m self.req_queue.waiting_req_list length: 0
[36m(RouterManager pid=1850)[0m === RouterManager iteration 1444 ===
[36m(RouterManager pid=1850)[0m self.req_queue.waiting_req_list length: 0
[36m(RouterManager pid=1850)[0m === RouterManager iteration 1445 ===
[36m(RouterManager pid=1850)[0m self.req_queue.waiting_req_list length: 0
[36m(RouterManager pid=1850)[0m === RouterManager iteration 1446 ===
[36m(RouterManager pid=1850)[0m self.req_queue.waiting_req_list length: 0
[36m(RouterManager pid=1850)[0m === RouterManager iteration 1447 ===
[36m(RouterManager pid=1850)[0m self.req_queue.waiting_req_list length: 0
[36m(RouterManager pid=1850)[0m === RouterManager iteration 1448 ===
[36m(RouterManager pid=1850)[0m self.req_queue.waiting_req_list length: 0
[36m(RouterManager pid=1850)[0m === RouterManager iteration 1449 ===
[36m(RouterManager pid=1850)[0m self.req_queue.waiting_req_list length: 0
[36m(RouterManager pid=1850)[0m === RouterManager iteration 1450 ===
[36m(RouterManager pid=1850)[0m self.req_queue.waiting_req_list length: 0
[36m(RouterManager pid=1850)[0m === RouterManager iteration 1451 ===
[36m(RouterManager pid=1850)[0m self.req_queue.waiting_req_list length: 0
[36m(RouterManager pid=1850)[0m === RouterManager iteration 1452 ===
[36m(RouterManager pid=1850)[0m self.req_queue.waiting_req_list length: 0
[36m(RouterManager pid=1850)[0m === RouterManager iteration 1453 ===
[36m(RouterManager pid=1850)[0m self.req_queue.waiting_req_list length: 0
[36m(RouterManager pid=1850)[0m === RouterManager iteration 1454 ===
[36m(RouterManager pid=1850)[0m self.req_queue.waiting_req_list length: 0
[36m(RouterManager pid=1850)[0m === RouterManager iteration 1455 ===
[36m(RouterManager pid=1850)[0m self.req_queue.waiting_req_list length: 0
[36m(RouterManager pid=1850)[0m === RouterManager iteration 1456 ===
[36m(RouterManager pid=1850)[0m self.req_queue.waiting_req_list length: 0
[36m(RouterManager pid=1850)[0m === RouterManager iteration 1457 ===
[36m(RouterManager pid=1850)[0m self.req_queue.waiting_req_list length: 0
[36m(RouterManager pid=1850)[0m === RouterManager iteration 1458 ===
[36m(RouterManager pid=1850)[0m self.req_queue.waiting_req_list length: 0
[36m(RouterManager pid=1850)[0m === RouterManager iteration 1459 ===
[36m(RouterManager pid=1850)[0m self.req_queue.waiting_req_list length: 0
[36m(RouterManager pid=1850)[0m === RouterManager iteration 1460 ===
[36m(RouterManager pid=1850)[0m self.req_queue.waiting_req_list length: 0
[36m(RouterManager pid=1850)[0m === RouterManager iteration 1461 ===
[36m(RouterManager pid=1850)[0m self.req_queue.waiting_req_list length: 0
[36m(RouterManager pid=1850)[0m === RouterManager iteration 1462 ===
[36m(RouterManager pid=1850)[0m self.req_queue.waiting_req_list length: 0
[36m(RouterManager pid=1850)[0m === RouterManager iteration 1463 ===
[36m(RouterManager pid=1850)[0m self.req_queue.waiting_req_list length: 0
[36m(RouterManager pid=1850)[0m === RouterManager iteration 1464 ===
[36m(RouterManager pid=1850)[0m self.req_queue.waiting_req_list length: 0
[36m(RouterManager pid=1850)[0m === RouterManager iteration 1465 ===
[36m(RouterManager pid=1850)[0m self.req_queue.waiting_req_list length: 0
[36m(RouterManager pid=1850)[0m === RouterManager iteration 1466 ===
[36m(RouterManager pid=1850)[0m self.req_queue.waiting_req_list length: 0
[36m(RouterManager pid=1850)[0m === RouterManager iteration 1467 ===
[36m(RouterManager pid=1850)[0m self.req_queue.waiting_req_list length: 0
[36m(RouterManager pid=1850)[0m === RouterManager iteration 1468 ===
[36m(RouterManager pid=1850)[0m self.req_queue.waiting_req_list length: 0
[36m(RouterManager pid=1850)[0m === RouterManager iteration 1469 ===
[36m(RouterManager pid=1850)[0m self.req_queue.waiting_req_list length: 0
[36m(RouterManager pid=1850)[0m === RouterManager iteration 1470 ===
[36m(RouterManager pid=1850)[0m self.req_queue.waiting_req_list length: 0
[36m(RouterManager pid=1850)[0m === RouterManager iteration 1471 ===
[36m(RouterManager pid=1850)[0m self.req_queue.waiting_req_list length: 0
[36m(RouterManager pid=1850)[0m === RouterManager iteration 1472 ===
[36m(RouterManager pid=1850)[0m self.req_queue.waiting_req_list length: 0
[36m(RouterManager pid=1850)[0m === RouterManager iteration 1473 ===
[36m(RouterManager pid=1850)[0m self.req_queue.waiting_req_list length: 0
[36m(RouterManager pid=1850)[0m === RouterManager iteration 1474 ===
[36m(RouterManager pid=1850)[0m self.req_queue.waiting_req_list length: 0
[36m(RouterManager pid=1850)[0m === RouterManager iteration 1475 ===
[36m(RouterManager pid=1850)[0m self.req_queue.waiting_req_list length: 0
[36m(RouterManager pid=1850)[0m === RouterManager iteration 1476 ===
[36m(RouterManager pid=1850)[0m self.req_queue.waiting_req_list length: 0
[36m(RouterManager pid=1850)[0m === RouterManager iteration 1477 ===
[36m(RouterManager pid=1850)[0m self.req_queue.waiting_req_list length: 0
[36m(RouterManager pid=1850)[0m === RouterManager iteration 1478 ===
[36m(RouterManager pid=1850)[0m self.req_queue.waiting_req_list length: 0
[36m(RouterManager pid=1850)[0m === RouterManager iteration 1479 ===
[36m(RouterManager pid=1850)[0m self.req_queue.waiting_req_list length: 0
[36m(RouterManager pid=1850)[0m === RouterManager iteration 1480 ===
[36m(RouterManager pid=1850)[0m self.req_queue.waiting_req_list length: 0
[36m(RouterManager pid=1850)[0m === RouterManager iteration 1481 ===
[36m(RouterManager pid=1850)[0m self.req_queue.waiting_req_list length: 0
[36m(RouterManager pid=1850)[0m === RouterManager iteration 1482 ===
[36m(RouterManager pid=1850)[0m self.req_queue.waiting_req_list length: 0
[36m(RouterManager pid=1850)[0m === RouterManager iteration 1483 ===
[36m(RouterManager pid=1850)[0m self.req_queue.waiting_req_list length: 0
[36m(RouterManager pid=1850)[0m === RouterManager iteration 1484 ===
[36m(RouterManager pid=1850)[0m self.req_queue.waiting_req_list length: 0
[36m(RouterManager pid=1850)[0m === RouterManager iteration 1485 ===
[36m(RouterManager pid=1850)[0m self.req_queue.waiting_req_list length: 0
[36m(RouterManager pid=1850)[0m === RouterManager iteration 1486 ===
[36m(RouterManager pid=1850)[0m self.req_queue.waiting_req_list length: 0
[36m(RouterManager pid=1850)[0m === RouterManager iteration 1487 ===
[36m(RouterManager pid=1850)[0m self.req_queue.waiting_req_list length: 0
[36m(RouterManager pid=1850)[0m === RouterManager iteration 1488 ===
[36m(RouterManager pid=1850)[0m self.req_queue.waiting_req_list length: 0
[36m(RouterManager pid=1850)[0m === RouterManager iteration 1489 ===
[36m(RouterManager pid=1850)[0m self.req_queue.waiting_req_list length: 0
[36m(RouterManager pid=1850)[0m === RouterManager iteration 1490 ===
[36m(RouterManager pid=1850)[0m self.req_queue.waiting_req_list length: 0
[36m(RouterManager pid=1850)[0m === RouterManager iteration 1491 ===
[36m(RouterManager pid=1850)[0m self.req_queue.waiting_req_list length: 0
[36m(RouterManager pid=1850)[0m === RouterManager iteration 1492 ===
[36m(RouterManager pid=1850)[0m self.req_queue.waiting_req_list length: 0
[36m(RouterManager pid=1850)[0m === RouterManager iteration 1493 ===
[36m(RouterManager pid=1850)[0m self.req_queue.waiting_req_list length: 0
[36m(RouterManager pid=1850)[0m === RouterManager iteration 1494 ===
[36m(RouterManager pid=1850)[0m self.req_queue.waiting_req_list length: 0
[36m(RouterManager pid=1850)[0m === RouterManager iteration 1495 ===
[36m(RouterManager pid=1850)[0m self.req_queue.waiting_req_list length: 0
[36m(RouterManager pid=1850)[0m === RouterManager iteration 1496 ===
[36m(RouterManager pid=1850)[0m self.req_queue.waiting_req_list length: 0
[36m(RouterManager pid=1850)[0m === RouterManager iteration 1497 ===
[36m(RouterManager pid=1850)[0m self.req_queue.waiting_req_list length: 0
[36m(RouterManager pid=1850)[0m === RouterManager iteration 1498 ===
[36m(RouterManager pid=1850)[0m self.req_queue.waiting_req_list length: 0
[36m(RouterManager pid=1850)[0m === RouterManager iteration 1499 ===
[36m(RouterManager pid=1850)[0m self.req_queue.waiting_req_list length: 0
[36m(RouterManager pid=1850)[0m === RouterManager iteration 1500 ===
[36m(RouterManager pid=1850)[0m self.req_queue.waiting_req_list length: 0
[36m(RouterManager pid=1850)[0m === RouterManager iteration 1501 ===
[36m(RouterManager pid=1850)[0m self.req_queue.waiting_req_list length: 0
[36m(RouterManager pid=1850)[0m === RouterManager iteration 1502 ===
[36m(RouterManager pid=1850)[0m self.req_queue.waiting_req_list length: 0
[36m(RouterManager pid=1850)[0m === RouterManager iteration 1503 ===
[36m(RouterManager pid=1850)[0m self.req_queue.waiting_req_list length: 0
[36m(RouterManager pid=1850)[0m === RouterManager iteration 1504 ===
[36m(RouterManager pid=1850)[0m self.req_queue.waiting_req_list length: 0
[36m(RouterManager pid=1850)[0m === RouterManager iteration 1505 ===
[36m(RouterManager pid=1850)[0m self.req_queue.waiting_req_list length: 0
[36m(RouterManager pid=1850)[0m === RouterManager iteration 1506 ===
[36m(RouterManager pid=1850)[0m self.req_queue.waiting_req_list length: 0
[36m(RouterManager pid=1850)[0m === RouterManager iteration 1507 ===
[36m(RouterManager pid=1850)[0m self.req_queue.waiting_req_list length: 0
[36m(RouterManager pid=1850)[0m === RouterManager iteration 1508 ===
[36m(RouterManager pid=1850)[0m self.req_queue.waiting_req_list length: 0
[36m(RouterManager pid=1850)[0m === RouterManager iteration 1509 ===
[36m(RouterManager pid=1850)[0m self.req_queue.waiting_req_list length: 0
[36m(RouterManager pid=1850)[0m === RouterManager iteration 1510 ===
[36m(RouterManager pid=1850)[0m self.req_queue.waiting_req_list length: 0
[36m(RouterManager pid=1850)[0m === RouterManager iteration 1511 ===
[36m(RouterManager pid=1850)[0m self.req_queue.waiting_req_list length: 0
[36m(RouterManager pid=1850)[0m === RouterManager iteration 1512 ===
[36m(RouterManager pid=1850)[0m self.req_queue.waiting_req_list length: 0
[36m(RouterManager pid=1850)[0m === RouterManager iteration 1513 ===
[36m(RouterManager pid=1850)[0m self.req_queue.waiting_req_list length: 0
[36m(RouterManager pid=1850)[0m === RouterManager iteration 1514 ===
[36m(RouterManager pid=1850)[0m self.req_queue.waiting_req_list length: 0
[36m(RouterManager pid=1850)[0m === RouterManager iteration 1515 ===
[36m(RouterManager pid=1850)[0m self.req_queue.waiting_req_list length: 0
[36m(RouterManager pid=1850)[0m === RouterManager iteration 1516 ===
[36m(RouterManager pid=1850)[0m self.req_queue.waiting_req_list length: 0
[36m(RouterManager pid=1850)[0m === RouterManager iteration 1517 ===
[36m(RouterManager pid=1850)[0m self.req_queue.waiting_req_list length: 0
[36m(RouterManager pid=1850)[0m === RouterManager iteration 1518 ===
[36m(RouterManager pid=1850)[0m self.req_queue.waiting_req_list length: 0
[36m(RouterManager pid=1850)[0m === RouterManager iteration 1519 ===
[36m(RouterManager pid=1850)[0m self.req_queue.waiting_req_list length: 0
[36m(RouterManager pid=1850)[0m === RouterManager iteration 1520 ===
[36m(RouterManager pid=1850)[0m self.req_queue.waiting_req_list length: 0
[36m(RouterManager pid=1850)[0m === RouterManager iteration 1521 ===
[36m(RouterManager pid=1850)[0m self.req_queue.waiting_req_list length: 0
[36m(RouterManager pid=1850)[0m === RouterManager iteration 1522 ===
[36m(RouterManager pid=1850)[0m self.req_queue.waiting_req_list length: 0
[36m(RouterManager pid=1850)[0m === RouterManager iteration 1523 ===
[36m(RouterManager pid=1850)[0m self.req_queue.waiting_req_list length: 0
[36m(RouterManager pid=1850)[0m === RouterManager iteration 1524 ===
[36m(RouterManager pid=1850)[0m self.req_queue.waiting_req_list length: 0
[36m(RouterManager pid=1850)[0m === RouterManager iteration 1525 ===
[36m(RouterManager pid=1850)[0m self.req_queue.waiting_req_list length: 0
[36m(RouterManager pid=1850)[0m === RouterManager iteration 1526 ===
[36m(RouterManager pid=1850)[0m self.req_queue.waiting_req_list length: 0
[36m(RouterManager pid=1850)[0m === RouterManager iteration 1527 ===
[36m(RouterManager pid=1850)[0m self.req_queue.waiting_req_list length: 0
[36m(RouterManager pid=1850)[0m === RouterManager iteration 1528 ===
[36m(RouterManager pid=1850)[0m self.req_queue.waiting_req_list length: 0
[36m(RouterManager pid=1850)[0m === RouterManager iteration 1529 ===
[36m(RouterManager pid=1850)[0m self.req_queue.waiting_req_list length: 0
[36m(RouterManager pid=1850)[0m === RouterManager iteration 1530 ===
[36m(RouterManager pid=1850)[0m self.req_queue.waiting_req_list length: 0
[36m(RouterManager pid=1850)[0m === RouterManager iteration 1531 ===
[36m(RouterManager pid=1850)[0m self.req_queue.waiting_req_list length: 0
[36m(RouterManager pid=1850)[0m === RouterManager iteration 1532 ===
[36m(RouterManager pid=1850)[0m self.req_queue.waiting_req_list length: 0
[36m(RouterManager pid=1850)[0m === RouterManager iteration 1533 ===
[36m(RouterManager pid=1850)[0m self.req_queue.waiting_req_list length: 0
[36m(RouterManager pid=1850)[0m === RouterManager iteration 1534 ===
[36m(RouterManager pid=1850)[0m self.req_queue.waiting_req_list length: 0
[36m(RouterManager pid=1850)[0m === RouterManager iteration 1535 ===
[36m(RouterManager pid=1850)[0m self.req_queue.waiting_req_list length: 0
[36m(RouterManager pid=1850)[0m === RouterManager iteration 1536 ===
[36m(RouterManager pid=1850)[0m self.req_queue.waiting_req_list length: 0
[36m(RouterManager pid=1850)[0m === RouterManager iteration 1537 ===
[36m(RouterManager pid=1850)[0m self.req_queue.waiting_req_list length: 0
[36m(RouterManager pid=1850)[0m === RouterManager iteration 1538 ===
[36m(RouterManager pid=1850)[0m self.req_queue.waiting_req_list length: 0
[36m(RouterManager pid=1850)[0m === RouterManager iteration 1539 ===
[36m(RouterManager pid=1850)[0m self.req_queue.waiting_req_list length: 0
[36m(RouterManager pid=1850)[0m === RouterManager iteration 1540 ===
[36m(RouterManager pid=1850)[0m self.req_queue.waiting_req_list length: 0
[36m(RouterManager pid=1850)[0m === RouterManager iteration 1541 ===
[36m(RouterManager pid=1850)[0m self.req_queue.waiting_req_list length: 0
[36m(RouterManager pid=1850)[0m === RouterManager iteration 1542 ===
[36m(RouterManager pid=1850)[0m self.req_queue.waiting_req_list length: 0
[36m(RouterManager pid=1850)[0m === RouterManager iteration 1543 ===
[36m(RouterManager pid=1850)[0m self.req_queue.waiting_req_list length: 0
[36m(RouterManager pid=1850)[0m === RouterManager iteration 1544 ===
[36m(RouterManager pid=1850)[0m self.req_queue.waiting_req_list length: 0
[36m(RouterManager pid=1850)[0m === RouterManager iteration 1545 ===
[36m(RouterManager pid=1850)[0m self.req_queue.waiting_req_list length: 0
[36m(RouterManager pid=1850)[0m === RouterManager iteration 1546 ===
[36m(RouterManager pid=1850)[0m self.req_queue.waiting_req_list length: 0
[36m(RouterManager pid=1850)[0m === RouterManager iteration 1547 ===
[36m(RouterManager pid=1850)[0m self.req_queue.waiting_req_list length: 0
[36m(RouterManager pid=1850)[0m === RouterManager iteration 1548 ===
[36m(RouterManager pid=1850)[0m self.req_queue.waiting_req_list length: 0
[36m(RouterManager pid=1850)[0m === RouterManager iteration 1549 ===
[36m(RouterManager pid=1850)[0m self.req_queue.waiting_req_list length: 0
[36m(RouterManager pid=1850)[0m === RouterManager iteration 1550 ===
[36m(RouterManager pid=1850)[0m self.req_queue.waiting_req_list length: 0
[36m(RouterManager pid=1850)[0m === RouterManager iteration 1551 ===
[36m(RouterManager pid=1850)[0m self.req_queue.waiting_req_list length: 0
[36m(RouterManager pid=1850)[0m === RouterManager iteration 1552 ===
[36m(RouterManager pid=1850)[0m self.req_queue.waiting_req_list length: 0
[36m(RouterManager pid=1850)[0m === RouterManager iteration 1553 ===
[36m(RouterManager pid=1850)[0m self.req_queue.waiting_req_list length: 0
[36m(RouterManager pid=1850)[0m === RouterManager iteration 1554 ===
[36m(RouterManager pid=1850)[0m self.req_queue.waiting_req_list length: 0
[36m(RouterManager pid=1850)[0m === RouterManager iteration 1555 ===
[36m(RouterManager pid=1850)[0m self.req_queue.waiting_req_list length: 0
[36m(RouterManager pid=1850)[0m === RouterManager iteration 1556 ===
[36m(RouterManager pid=1850)[0m self.req_queue.waiting_req_list length: 0
[36m(RouterManager pid=1850)[0m === RouterManager iteration 1557 ===
[36m(RouterManager pid=1850)[0m self.req_queue.waiting_req_list length: 0
[36m(RouterManager pid=1850)[0m === RouterManager iteration 1558 ===
[36m(RouterManager pid=1850)[0m self.req_queue.waiting_req_list length: 0
[36m(RouterManager pid=1850)[0m === RouterManager iteration 1559 ===
[36m(RouterManager pid=1850)[0m self.req_queue.waiting_req_list length: 0
[36m(RouterManager pid=1850)[0m === RouterManager iteration 1560 ===
[36m(RouterManager pid=1850)[0m self.req_queue.waiting_req_list length: 0
[36m(RouterManager pid=1850)[0m === RouterManager iteration 1561 ===
[36m(RouterManager pid=1850)[0m self.req_queue.waiting_req_list length: 0
[36m(RouterManager pid=1850)[0m === RouterManager iteration 1562 ===
[36m(RouterManager pid=1850)[0m self.req_queue.waiting_req_list length: 0
[36m(RouterManager pid=1850)[0m === RouterManager iteration 1563 ===
[36m(RouterManager pid=1850)[0m self.req_queue.waiting_req_list length: 0
[36m(RouterManager pid=1850)[0m === RouterManager iteration 1564 ===
[36m(RouterManager pid=1850)[0m self.req_queue.waiting_req_list length: 0
[36m(RouterManager pid=1850)[0m === RouterManager iteration 1565 ===
[36m(RouterManager pid=1850)[0m self.req_queue.waiting_req_list length: 0
[36m(RouterManager pid=1850)[0m === RouterManager iteration 1566 ===
[36m(RouterManager pid=1850)[0m self.req_queue.waiting_req_list length: 0
[36m(RouterManager pid=1850)[0m === RouterManager iteration 1567 ===
[36m(RouterManager pid=1850)[0m self.req_queue.waiting_req_list length: 0
[36m(RouterManager pid=1850)[0m === RouterManager iteration 1568 ===
[36m(RouterManager pid=1850)[0m self.req_queue.waiting_req_list length: 0
[36m(RouterManager pid=1850)[0m === RouterManager iteration 1569 ===
[36m(RouterManager pid=1850)[0m self.req_queue.waiting_req_list length: 0
[36m(RouterManager pid=1850)[0m === RouterManager iteration 1570 ===
[36m(RouterManager pid=1850)[0m self.req_queue.waiting_req_list length: 0
[36m(RouterManager pid=1850)[0m === RouterManager iteration 1571 ===
[36m(RouterManager pid=1850)[0m self.req_queue.waiting_req_list length: 0
[36m(RouterManager pid=1850)[0m === RouterManager iteration 1572 ===
[36m(RouterManager pid=1850)[0m self.req_queue.waiting_req_list length: 0
[36m(RouterManager pid=1850)[0m === RouterManager iteration 1573 ===
[36m(RouterManager pid=1850)[0m self.req_queue.waiting_req_list length: 0
[36m(RouterManager pid=1850)[0m === RouterManager iteration 1574 ===
[36m(RouterManager pid=1850)[0m self.req_queue.waiting_req_list length: 0
[36m(RouterManager pid=1850)[0m === RouterManager iteration 1575 ===
[36m(RouterManager pid=1850)[0m self.req_queue.waiting_req_list length: 0
[36m(RouterManager pid=1850)[0m === RouterManager iteration 1576 ===
[36m(RouterManager pid=1850)[0m self.req_queue.waiting_req_list length: 0
[36m(RouterManager pid=1850)[0m === RouterManager iteration 1577 ===
[36m(RouterManager pid=1850)[0m self.req_queue.waiting_req_list length: 0
[36m(RouterManager pid=1850)[0m === RouterManager iteration 1578 ===
[36m(RouterManager pid=1850)[0m self.req_queue.waiting_req_list length: 0
[36m(RouterManager pid=1850)[0m === RouterManager iteration 1579 ===
[36m(RouterManager pid=1850)[0m self.req_queue.waiting_req_list length: 0
[36m(RouterManager pid=1850)[0m === RouterManager iteration 1580 ===
[36m(RouterManager pid=1850)[0m self.req_queue.waiting_req_list length: 0
[36m(RouterManager pid=1850)[0m === RouterManager iteration 1581 ===
[36m(RouterManager pid=1850)[0m self.req_queue.waiting_req_list length: 0
[36m(RouterManager pid=1850)[0m === RouterManager iteration 1582 ===
[36m(RouterManager pid=1850)[0m self.req_queue.waiting_req_list length: 0
[36m(RouterManager pid=1850)[0m === RouterManager iteration 1583 ===
[36m(RouterManager pid=1850)[0m self.req_queue.waiting_req_list length: 0
[36m(RouterManager pid=1850)[0m === RouterManager iteration 1584 ===
[36m(RouterManager pid=1850)[0m self.req_queue.waiting_req_list length: 0
[36m(RouterManager pid=1850)[0m === RouterManager iteration 1585 ===
[36m(RouterManager pid=1850)[0m self.req_queue.waiting_req_list length: 0
[36m(RouterManager pid=1850)[0m === RouterManager iteration 1586 ===
[36m(RouterManager pid=1850)[0m self.req_queue.waiting_req_list length: 0
[36m(RouterManager pid=1850)[0m === RouterManager iteration 1587 ===
[36m(RouterManager pid=1850)[0m self.req_queue.waiting_req_list length: 0
[36m(RouterManager pid=1850)[0m === RouterManager iteration 1588 ===
[36m(RouterManager pid=1850)[0m self.req_queue.waiting_req_list length: 0
[36m(RouterManager pid=1850)[0m === RouterManager iteration 1589 ===
[36m(RouterManager pid=1850)[0m self.req_queue.waiting_req_list length: 0
[36m(RouterManager pid=1850)[0m === RouterManager iteration 1590 ===
[36m(RouterManager pid=1850)[0m self.req_queue.waiting_req_list length: 0
[36m(RouterManager pid=1850)[0m === RouterManager iteration 1591 ===
[36m(RouterManager pid=1850)[0m self.req_queue.waiting_req_list length: 0
[36m(RouterManager pid=1850)[0m === RouterManager iteration 1592 ===
[36m(RouterManager pid=1850)[0m self.req_queue.waiting_req_list length: 0
[36m(RouterManager pid=1850)[0m === RouterManager iteration 1593 ===
[36m(RouterManager pid=1850)[0m self.req_queue.waiting_req_list length: 0
[36m(RouterManager pid=1850)[0m === RouterManager iteration 1594 ===
[36m(RouterManager pid=1850)[0m self.req_queue.waiting_req_list length: 0
