router_port: 10000, detokenization_port: 10002, httpserver_port: 10003, visual_port: 10004, cache_port: 10005
[36m(RouterManager pid=51733)[0m Starting the router on node a2
[36m(RouterManager pid=51733)[0m INFO 10-30 09:22:47 [manager.py:69] use_fixed_sp is False, use elastic sequence parallelism
[36m(RouterManager pid=51733)[0m start initializing Profiler, file: /host_home/LoongServe/exp_result/analytical-model.csv
[36m(RouterManager pid=51733)[0m DEBUG 10-30 09:22:47 [profiler.py:30] {'sp_world_size': '1', 'tp_world_size': '2', 'batch_size': '1.0', 'A': '16.86362619041683', 'B': '0.07984949464370102', 'C': '2.508286321756259e-06'}
[36m(RouterManager pid=51733)[0m DEBUG 10-30 09:22:47 [profiler.py:30] {'sp_world_size': '2', 'tp_world_size': '2', 'batch_size': '1.0', 'A': '21.778825461463946', 'B': '0.04646657083835285', 'C': '1.294495581963262e-06'}
[36m(RouterManager pid=51733)[0m DEBUG 10-30 09:22:47 [profiler.py:30] {'sp_world_size': '4', 'tp_world_size': '2', 'batch_size': '1.0', 'A': '32.81975710690035', 'B': '0.06622888563264719', 'C': '3.4668779336222144e-07'}
[36m(RouterManager pid=51733)[0m DEBUG 10-30 09:22:47 [profiler.py:30] {'sp_world_size': '3', 'tp_world_size': '2', 'batch_size': '1.0', 'A': '29.823015735817016', 'B': '0.04071136571736365', 'C': '7.730817223466913e-07'}
[36m(RouterManager pid=51733)[0m Starting workers
[36m(RouterManager pid=51733)[0m Scheduling all workers into one node
[36m(RouterManager pid=51733)[0m Initializing models
[36m(RouterManager pid=51733)[0m nccl_host='127.0.1.1'
[36m(DeTokenizationManager pid=51812)[0m INFO 10-30 09:22:51 [tokenizer.py:49] For some LLaMA-based models, initializing the fast tokenizer may take a long time. To eliminate the initialization time, consider using 'hf-internal-testing/llama-tokenizer' instead of the original tokenizer.
[36m(DeTokenizationManager pid=51810)[0m INFO 10-30 09:22:51 [tokenizer.py:49] For some LLaMA-based models, initializing the fast tokenizer may take a long time. To eliminate the initialization time, consider using 'hf-internal-testing/llama-tokenizer' instead of the original tokenizer.
[36m(DeTokenizationManager pid=51814)[0m INFO 10-30 09:22:51 [tokenizer.py:49] For some LLaMA-based models, initializing the fast tokenizer may take a long time. To eliminate the initialization time, consider using 'hf-internal-testing/llama-tokenizer' instead of the original tokenizer.
[36m(DeTokenizationManager pid=51865)[0m INFO 10-30 09:22:51 [tokenizer.py:49] For some LLaMA-based models, initializing the fast tokenizer may take a long time. To eliminate the initialization time, consider using 'hf-internal-testing/llama-tokenizer' instead of the original tokenizer.
[36m(DeTokenizationManager pid=51809)[0m INFO 10-30 09:22:51 [tokenizer.py:49] For some LLaMA-based models, initializing the fast tokenizer may take a long time. To eliminate the initialization time, consider using 'hf-internal-testing/llama-tokenizer' instead of the original tokenizer.
[36m(DeTokenizationManager pid=51811)[0m INFO 10-30 09:22:51 [tokenizer.py:49] For some LLaMA-based models, initializing the fast tokenizer may take a long time. To eliminate the initialization time, consider using 'hf-internal-testing/llama-tokenizer' instead of the original tokenizer.
[36m(DeTokenizationManager pid=51815)[0m INFO 10-30 09:22:51 [tokenizer.py:49] For some LLaMA-based models, initializing the fast tokenizer may take a long time. To eliminate the initialization time, consider using 'hf-internal-testing/llama-tokenizer' instead of the original tokenizer.
[36m(DeTokenizationManager pid=51813)[0m INFO 10-30 09:22:51 [tokenizer.py:49] For some LLaMA-based models, initializing the fast tokenizer may take a long time. To eliminate the initialization time, consider using 'hf-internal-testing/llama-tokenizer' instead of the original tokenizer.
[36m(DeTokenizationManager pid=51812)[0m Detokenization manager 6 init ok (on node a2)
[36m(DeTokenizationManager pid=51810)[0m Detokenization manager 3 init ok (on node a2)
[36m(DeTokenizationManager pid=51814)[0m Detokenization manager 7 init ok (on node a2)
[36m(DeTokenizationManager pid=51865)[0m Detokenization manager 5 init ok (on node a2)
[36m(DeTokenizationManager pid=51809)[0m Detokenization manager 0 init ok (on node a2)
[36m(DeTokenizationManager pid=51811)[0m Detokenization manager 1 init ok (on node a2)
[36m(DeTokenizationManager pid=51815)[0m Detokenization manager 2 init ok (on node a2)
[36m(DeTokenizationManager pid=51813)[0m Detokenization manager 4 init ok (on node a2)
[36m(ModelRpcServer pid=52549)[0m [sp_rank = 0/4, tp_rank = 1/2, total_rank = 1/8] available devices: 1, current device: 0, device name = af9f0c48cd89e2f171d0fa82efa6c5157210880701ae528802430e6b, gpu ids = [3], max_mig_len = 10000
[36m(ModelRpcServer pid=52548)[0m [sp_rank = 1/4, tp_rank = 0/2, total_rank = 2/8] available devices: 1, current device: 0, device name = af9f0c48cd89e2f171d0fa82efa6c5157210880701ae528802430e6b, gpu ids = [1], max_mig_len = 10000
[36m(ModelRpcServer pid=52550)[0m [sp_rank = 1/4, tp_rank = 1/2, total_rank = 3/8] available devices: 1, current device: 0, device name = af9f0c48cd89e2f171d0fa82efa6c5157210880701ae528802430e6b, gpu ids = [6], max_mig_len = 10000
[36m(ModelRpcServer pid=52554)[0m [sp_rank = 3/4, tp_rank = 0/2, total_rank = 6/8] available devices: 1, current device: 0, device name = af9f0c48cd89e2f171d0fa82efa6c5157210880701ae528802430e6b, gpu ids = [0], max_mig_len = 10000
[36m(ModelRpcServer pid=52553)[0m [sp_rank = 2/4, tp_rank = 0/2, total_rank = 4/8] available devices: 1, current device: 0, device name = af9f0c48cd89e2f171d0fa82efa6c5157210880701ae528802430e6b, gpu ids = [5], max_mig_len = 10000
[36m(ModelRpcServer pid=52547)[0m [sp_rank = 0/4, tp_rank = 0/2, total_rank = 0/8] available devices: 1, current device: 0, device name = af9f0c48cd89e2f171d0fa82efa6c5157210880701ae528802430e6b, gpu ids = [4], max_mig_len = 10000
[36m(ModelRpcServer pid=52551)[0m [sp_rank = 3/4, tp_rank = 1/2, total_rank = 7/8] available devices: 1, current device: 0, device name = af9f0c48cd89e2f171d0fa82efa6c5157210880701ae528802430e6b, gpu ids = [7], max_mig_len = 10000
[36m(ModelRpcServer pid=52552)[0m [sp_rank = 2/4, tp_rank = 1/2, total_rank = 5/8] available devices: 1, current device: 0, device name = af9f0c48cd89e2f171d0fa82efa6c5157210880701ae528802430e6b, gpu ids = [2], max_mig_len = 10000
[36m(ModelRpcServer pid=52554)[0m INFO 10-30 09:23:02 [longserve_mem_manager.py:26] $$$$$$$$,32,220000,4,4,128
[36m(ModelRpcServer pid=52547)[0m INFO 10-30 09:23:02 [longserve_mem_manager.py:26] $$$$$$$$,32,220000,4,4,128
[36m(ModelRpcServer pid=52549)[0m INFO 10-30 09:23:02 [longserve_mem_manager.py:26] $$$$$$$$,32,220000,4,4,128
[36m(ModelRpcServer pid=52550)[0m INFO 10-30 09:23:02 [longserve_mem_manager.py:26] $$$$$$$$,32,220000,4,4,128
[36m(ModelRpcServer pid=52553)[0m INFO 10-30 09:23:02 [longserve_mem_manager.py:26] $$$$$$$$,32,220000,4,4,128
[36m(ModelRpcServer pid=52551)[0m INFO 10-30 09:23:02 [longserve_mem_manager.py:26] $$$$$$$$,32,220000,4,4,128
[36m(ModelRpcServer pid=52552)[0m INFO 10-30 09:23:02 [longserve_mem_manager.py:26] $$$$$$$$,32,220000,4,4,128
[36m(ModelRpcServer pid=52548)[0m INFO 10-30 09:23:02 [longserve_mem_manager.py:26] $$$$$$$$,32,220000,4,4,128
[36m(ModelRpcServer pid=52547)[0m [(0, 0)] Number of k/v cache slots: 220000
[36m(ModelRpcServer pid=52547)[0m [(0, 0)] Number of request slots: 1032
[36m(ModelRpcServer pid=52549)[0m [(0, 1)] Number of k/v cache slots: 220000
[36m(ModelRpcServer pid=52549)[0m [(0, 1)] Number of request slots: 1032
[36m(ModelRpcServer pid=52550)[0m [(1, 1)] Number of k/v cache slots: 220000
[36m(ModelRpcServer pid=52550)[0m [(1, 1)] Number of request slots: 1032
[36m(ModelRpcServer pid=52551)[0m [(3, 1)] Number of k/v cache slots: 220000
[36m(ModelRpcServer pid=52551)[0m [(3, 1)] Number of request slots: 1032
[36m(ModelRpcServer pid=52552)[0m [(2, 1)] Number of k/v cache slots: 220000
[36m(ModelRpcServer pid=52552)[0m [(2, 1)] Number of request slots: 1032
[36m(ModelRpcServer pid=52554)[0m [(3, 0)] Number of k/v cache slots: 220000
[36m(ModelRpcServer pid=52554)[0m [(3, 0)] Number of request slots: 1032
[36m(ModelRpcServer pid=52553)[0m [(2, 0)] Number of k/v cache slots: 220000
[36m(ModelRpcServer pid=52553)[0m [(2, 0)] Number of request slots: 1032
HTTP server manager init ok
INFO 10-30 09:23:05 [api_server.py:447] Server started at [92m0.0.0.0:8400[1m
[36m(RouterManager pid=51733)[0m Models are ready
[36m(ModelRpcServer pid=52548)[0m [(1, 0)] Number of k/v cache slots: 220000
[36m(ModelRpcServer pid=52548)[0m [(1, 0)] Number of request slots: 1032
[36m(RouterManager pid=51733)[0m INFO 10-30 09:23:05 [manager.py:270] loop loop loop False
[36m(TokenizationManager pid=54888)[0m INFO 10-30 09:23:08 [tokenizer.py:49] For some LLaMA-based models, initializing the fast tokenizer may take a long time. To eliminate the initialization time, consider using 'hf-internal-testing/llama-tokenizer' instead of the original tokenizer.
[36m(TokenizationManager pid=54889)[0m INFO 10-30 09:23:08 [tokenizer.py:49] For some LLaMA-based models, initializing the fast tokenizer may take a long time. To eliminate the initialization time, consider using 'hf-internal-testing/llama-tokenizer' instead of the original tokenizer.
[36m(TokenizationManager pid=54882)[0m INFO 10-30 09:23:08 [tokenizer.py:49] For some LLaMA-based models, initializing the fast tokenizer may take a long time. To eliminate the initialization time, consider using 'hf-internal-testing/llama-tokenizer' instead of the original tokenizer.
[36m(TokenizationManager pid=54886)[0m INFO 10-30 09:23:08 [tokenizer.py:49] For some LLaMA-based models, initializing the fast tokenizer may take a long time. To eliminate the initialization time, consider using 'hf-internal-testing/llama-tokenizer' instead of the original tokenizer.
[36m(TokenizationManager pid=54887)[0m INFO 10-30 09:23:08 [tokenizer.py:49] For some LLaMA-based models, initializing the fast tokenizer may take a long time. To eliminate the initialization time, consider using 'hf-internal-testing/llama-tokenizer' instead of the original tokenizer.
[36m(TokenizationManager pid=54885)[0m INFO 10-30 09:23:08 [tokenizer.py:49] For some LLaMA-based models, initializing the fast tokenizer may take a long time. To eliminate the initialization time, consider using 'hf-internal-testing/llama-tokenizer' instead of the original tokenizer.
[36m(TokenizationManager pid=54883)[0m INFO 10-30 09:23:08 [tokenizer.py:49] For some LLaMA-based models, initializing the fast tokenizer may take a long time. To eliminate the initialization time, consider using 'hf-internal-testing/llama-tokenizer' instead of the original tokenizer.
[36m(TokenizationManager pid=54890)[0m INFO 10-30 09:23:08 [tokenizer.py:49] For some LLaMA-based models, initializing the fast tokenizer may take a long time. To eliminate the initialization time, consider using 'hf-internal-testing/llama-tokenizer' instead of the original tokenizer.
[36m(TokenizationManager pid=54888)[0m Tokenization manager 1 init ok (on node a2)
[36m(TokenizationManager pid=54882)[0m Tokenization manager 0 init ok (on node a2)
[36m(TokenizationManager pid=54886)[0m Tokenization manager 2 init ok (on node a2)
[36m(TokenizationManager pid=54887)[0m Tokenization manager 3 init ok (on node a2)
[36m(TokenizationManager pid=54885)[0m Tokenization manager 7 init ok (on node a2)
[36m(TokenizationManager pid=54883)[0m Tokenization manager 4 init ok (on node a2)
[36m(TokenizationManager pid=54890)[0m Tokenization manager 6 init ok (on node a2)
[36m(TokenizationManager pid=54889)[0m Tokenization manager 5 init ok (on node a2)
[36m(RouterManager pid=51733)[0m === RouterManager iteration 2 ===
[36m(RouterManager pid=51733)[0m self.req_queue.waiting_req_list length: 1
[36m(RouterManager pid=51733)[0m [Router ReqQueue] Req chatcmpl-1ab70bd2413d415183f0a4a1e2e560b4 in_time: 682989.6266, out_time: 682989.6318, total wait time: 0.0052 seconds
[36m(RouterManager pid=51733)[0m [Loongserve manager] scheduling time: 0.65 ms
[36m(RouterManager pid=51733)[0m [Loongserve manager] prefill and decoding batch scheduling results:
[36m(RouterManager pid=51733)[0m     prefill batch id: 3d9067164131407690d06bdf5f949736, req num: 1, occupied instances: [0, 1], batch_used_tokens_sum: 0
[36m(RouterManager pid=51733)[0m [Loongserve manager] running batch id: 3d9067164131407690d06bdf5f949736, req num: 1, occupied instances: [0], batch_used_tokens_sum: 1179
[36m(RouterManager pid=51733)[0m === RouterManager iteration 210 ===
[36m(RouterManager pid=51733)[0m self.req_queue.waiting_req_list length: 2
[36m(RouterManager pid=51733)[0m [Router ReqQueue] Req chatcmpl-1ea9a586bd1d4a85bfc2e4156156a4f0 in_time: 682995.1821, out_time: 682995.1881, total wait time: 0.0060 seconds
[36m(RouterManager pid=51733)[0m [Router ReqQueue] Req chatcmpl-8a33298846da4c2798dca3b054e44bfe in_time: 682995.1849, out_time: 682995.1881, total wait time: 0.0032 seconds
[36m(RouterManager pid=51733)[0m [Loongserve manager] scheduling time: 0.22 ms
[36m(RouterManager pid=51733)[0m [Loongserve manager] prefill and decoding batch scheduling results:
[36m(RouterManager pid=51733)[0m     prefill batch id: f620fc44a6e14cc9b82a4471b05007ac, req num: 2, occupied instances: [0, 1, 2], batch_used_tokens_sum: 0
[36m(RouterManager pid=51733)[0m [Loongserve manager] running batch id: f620fc44a6e14cc9b82a4471b05007ac, req num: 2, occupied instances: [0], batch_used_tokens_sum: 2357
[36m(RouterManager pid=51733)[0m === RouterManager iteration 212 ===
[36m(RouterManager pid=51733)[0m self.req_queue.waiting_req_list length: 18
[36m(RouterManager pid=51733)[0m === RouterManager iteration 214 ===
[36m(RouterManager pid=51733)[0m self.req_queue.waiting_req_list length: 18
[36m(RouterManager pid=51733)[0m === RouterManager iteration 216 ===
[36m(RouterManager pid=51733)[0m self.req_queue.waiting_req_list length: 18
[36m(RouterManager pid=51733)[0m === RouterManager iteration 218 ===
[36m(RouterManager pid=51733)[0m self.req_queue.waiting_req_list length: 18
[36m(RouterManager pid=51733)[0m === RouterManager iteration 220 ===
[36m(RouterManager pid=51733)[0m self.req_queue.waiting_req_list length: 18
[36m(RouterManager pid=51733)[0m === RouterManager iteration 222 ===
[36m(RouterManager pid=51733)[0m self.req_queue.waiting_req_list length: 18
[36m(RouterManager pid=51733)[0m === RouterManager iteration 224 ===
[36m(RouterManager pid=51733)[0m self.req_queue.waiting_req_list length: 18
[36m(RouterManager pid=51733)[0m === RouterManager iteration 226 ===
[36m(RouterManager pid=51733)[0m self.req_queue.waiting_req_list length: 18
[36m(RouterManager pid=51733)[0m === RouterManager iteration 228 ===
[36m(RouterManager pid=51733)[0m self.req_queue.waiting_req_list length: 18
[36m(RouterManager pid=51733)[0m === RouterManager iteration 230 ===
[36m(RouterManager pid=51733)[0m self.req_queue.waiting_req_list length: 18
[36m(RouterManager pid=51733)[0m === RouterManager iteration 232 ===
[36m(RouterManager pid=51733)[0m self.req_queue.waiting_req_list length: 18
[36m(RouterManager pid=51733)[0m [Router ReqQueue] Req chatcmpl-c3021c64f8614e27815a3b78fd8c55f4 in_time: 682995.1900, out_time: 682997.0523, total wait time: 1.8623 seconds
[36m(RouterManager pid=51733)[0m [Router ReqQueue] Req chatcmpl-e1a6ba54214d4fbba44430e3c54cd05f in_time: 682995.1909, out_time: 682997.0523, total wait time: 1.8614 seconds
[36m(RouterManager pid=51733)[0m [Router ReqQueue] Req chatcmpl-b385cc4ab7594a249695b117611f3c22 in_time: 682995.1918, out_time: 682997.0523, total wait time: 1.8605 seconds
[36m(RouterManager pid=51733)[0m [Router ReqQueue] Req chatcmpl-d22eed1fddad4727abc9fc1e06e8c76f in_time: 682995.1941, out_time: 682997.0523, total wait time: 1.8582 seconds
[36m(RouterManager pid=51733)[0m [Router ReqQueue] Req chatcmpl-93cefc7feb1c4be796c5f2a840f4c001 in_time: 682995.1976, out_time: 682997.0523, total wait time: 1.8548 seconds
[36m(RouterManager pid=51733)[0m [Router ReqQueue] Req chatcmpl-7c04fd999a444f3b82c9c8ec76792e54 in_time: 682995.1985, out_time: 682997.0523, total wait time: 1.8538 seconds
[36m(RouterManager pid=51733)[0m [Router ReqQueue] Req chatcmpl-e4e51210c3884b969c35c3e929457b88 in_time: 682995.1994, out_time: 682997.0524, total wait time: 1.8529 seconds
[36m(RouterManager pid=51733)[0m [Router ReqQueue] Req chatcmpl-3770d0e86502474b916378e493d9cd49 in_time: 682995.2026, out_time: 682997.0524, total wait time: 1.8498 seconds
[36m(RouterManager pid=51733)[0m [Router ReqQueue] Req chatcmpl-8af385306c224b81bac057c692424348 in_time: 682995.2043, out_time: 682997.0524, total wait time: 1.8481 seconds
[36m(RouterManager pid=51733)[0m [Router ReqQueue] Req chatcmpl-293945bb2e8f46e5a12cceeae068f8d2 in_time: 682995.2075, out_time: 682997.0524, total wait time: 1.8448 seconds
[36m(RouterManager pid=51733)[0m [Router ReqQueue] Req chatcmpl-7cbf872f2b14491b92eb9b78253d718d in_time: 682995.2106, out_time: 682997.0524, total wait time: 1.8418 seconds
[36m(RouterManager pid=51733)[0m [Router ReqQueue] Req chatcmpl-edf06492a426485682a6721dd7a1ca23 in_time: 682995.2135, out_time: 682997.0524, total wait time: 1.8389 seconds
[36m(RouterManager pid=51733)[0m [Router ReqQueue] Req chatcmpl-5dc3890129fd4135add36bebfbed4364 in_time: 682995.2154, out_time: 682997.0524, total wait time: 1.8370 seconds
[36m(RouterManager pid=51733)[0m [Router ReqQueue] Req chatcmpl-fb4e267154e14d3aba34d49142c8333c in_time: 682995.2177, out_time: 682997.0524, total wait time: 1.8347 seconds
[36m(RouterManager pid=51733)[0m [Router ReqQueue] Req chatcmpl-0704f78acf2c434599d91ddaf887f4af in_time: 682995.2188, out_time: 682997.0524, total wait time: 1.8337 seconds
[36m(RouterManager pid=51733)[0m [Router ReqQueue] Req chatcmpl-ec4b0de8088b4d7a92d0cb88b1ce6bfb in_time: 682995.2486, out_time: 682997.0524, total wait time: 1.8039 seconds
[36m(RouterManager pid=51733)[0m [Router ReqQueue] Req chatcmpl-71926042e1b3418b9c2e336e67693e7e in_time: 682995.2532, out_time: 682997.0525, total wait time: 1.7992 seconds
[36m(RouterManager pid=51733)[0m [Router ReqQueue] Req chatcmpl-871838694a764611895fa12f88dea37f in_time: 682995.2936, out_time: 682997.0525, total wait time: 1.7588 seconds
[36m(RouterManager pid=51733)[0m [Loongserve manager] scheduling time: 1.09 ms
[36m(RouterManager pid=51733)[0m [Loongserve manager] prefill and decoding batch scheduling results:
[36m(RouterManager pid=51733)[0m     running decode batch id: f620fc44a6e14cc9b82a4471b05007ac, req num: 2, occupied instances: [0], batch_used_tokens_sum: 2377
[36m(RouterManager pid=51733)[0m     prefill batch id: 962029d8c955461795469788bb4f13bb, req num: 18, occupied instances: [1, 2, 3], batch_used_tokens_sum: 0
[36m(RouterManager pid=51733)[0m [Loongserve manager] running batch id: 962029d8c955461795469788bb4f13bb, req num: 18, occupied instances: [1], batch_used_tokens_sum: 76150
[36m(RouterManager pid=51733)[0m === RouterManager iteration 466 ===
[36m(RouterManager pid=51733)[0m self.req_queue.waiting_req_list length: 1
[36m(RouterManager pid=51733)[0m [Router ReqQueue] Req chatcmpl-99a4ffc14289477e94cdcb65cbf84cad in_time: 683008.7334, out_time: 683008.7354, total wait time: 0.0020 seconds
[36m(RouterManager pid=51733)[0m [Loongserve manager] scheduling time: 0.20 ms
[36m(RouterManager pid=51733)[0m [Loongserve manager] prefill and decoding batch scheduling results:
[36m(RouterManager pid=51733)[0m     prefill batch id: f17cbf5b1ba545029ab745dc8fb93b80, req num: 1, occupied instances: [0, 1], batch_used_tokens_sum: 0
[36m(RouterManager pid=51733)[0m [Loongserve manager] running batch id: f17cbf5b1ba545029ab745dc8fb93b80, req num: 1, occupied instances: [0], batch_used_tokens_sum: 1179
[36m(RouterManager pid=51733)[0m === RouterManager iteration 482 ===
[36m(RouterManager pid=51733)[0m self.req_queue.waiting_req_list length: 1
[36m(RouterManager pid=51733)[0m [Router ReqQueue] Req chatcmpl-e1fdb4e197f14dfdb40d1b617b9eb17a in_time: 683009.0718, out_time: 683009.0803, total wait time: 0.0085 seconds
[36m(RouterManager pid=51733)[0m [Loongserve manager] scheduling time: 0.22 ms
[36m(RouterManager pid=51733)[0m [Loongserve manager] prefill and decoding batch scheduling results:
[36m(RouterManager pid=51733)[0m     running decode batch id: f17cbf5b1ba545029ab745dc8fb93b80, req num: 1, occupied instances: [0], batch_used_tokens_sum: 1193
[36m(RouterManager pid=51733)[0m     prefill batch id: b6ad874a4f3e496d9a291ea9eb33cc5c, req num: 1, occupied instances: [1, 2], batch_used_tokens_sum: 0
[36m(RouterManager pid=51733)[0m [Loongserve manager] running batch id: f17cbf5b1ba545029ab745dc8fb93b80, req num: 1, occupied instances: [0], batch_used_tokens_sum: 1204
[36m(RouterManager pid=51733)[0m [Loongserve manager] running batch id: b6ad874a4f3e496d9a291ea9eb33cc5c, req num: 1, occupied instances: [1], batch_used_tokens_sum: 1179
[36m(RouterManager pid=51733)[0m === RouterManager iteration 484 ===
[36m(RouterManager pid=51733)[0m self.req_queue.waiting_req_list length: 4
[36m(RouterManager pid=51733)[0m === RouterManager iteration 486 ===
[36m(RouterManager pid=51733)[0m self.req_queue.waiting_req_list length: 4
[36m(RouterManager pid=51733)[0m === RouterManager iteration 488 ===
[36m(RouterManager pid=51733)[0m self.req_queue.waiting_req_list length: 4
[36m(RouterManager pid=51733)[0m === RouterManager iteration 490 ===
[36m(RouterManager pid=51733)[0m self.req_queue.waiting_req_list length: 4
[36m(RouterManager pid=51733)[0m === RouterManager iteration 492 ===
[36m(RouterManager pid=51733)[0m self.req_queue.waiting_req_list length: 4
[36m(RouterManager pid=51733)[0m === RouterManager iteration 494 ===
[36m(RouterManager pid=51733)[0m self.req_queue.waiting_req_list length: 4
[36m(RouterManager pid=51733)[0m === RouterManager iteration 496 ===
[36m(RouterManager pid=51733)[0m self.req_queue.waiting_req_list length: 4
[36m(RouterManager pid=51733)[0m === RouterManager iteration 498 ===
[36m(RouterManager pid=51733)[0m self.req_queue.waiting_req_list length: 4
[36m(RouterManager pid=51733)[0m === RouterManager iteration 500 ===
[36m(RouterManager pid=51733)[0m self.req_queue.waiting_req_list length: 4
[36m(RouterManager pid=51733)[0m === RouterManager iteration 502 ===
[36m(RouterManager pid=51733)[0m self.req_queue.waiting_req_list length: 4
[36m(RouterManager pid=51733)[0m === RouterManager iteration 504 ===
[36m(RouterManager pid=51733)[0m self.req_queue.waiting_req_list length: 4
[36m(RouterManager pid=51733)[0m [Router ReqQueue] Req chatcmpl-ec7251f8008846e1ab7f04b7d15a053d in_time: 683009.1241, out_time: 683009.4820, total wait time: 0.3579 seconds
[36m(RouterManager pid=51733)[0m [Router ReqQueue] Req chatcmpl-3eafd9e1b0874580b0ebee7ffd806b6d in_time: 683009.1691, out_time: 683009.4820, total wait time: 0.3129 seconds
[36m(RouterManager pid=51733)[0m [Router ReqQueue] Req chatcmpl-a93e5974e32e45689daa45ffa7d1d8fc in_time: 683009.1762, out_time: 683009.4820, total wait time: 0.3059 seconds
[36m(RouterManager pid=51733)[0m [Router ReqQueue] Req chatcmpl-d85bb6b36544456c898b3fdde18ac82f in_time: 683009.2092, out_time: 683009.4820, total wait time: 0.2729 seconds
[36m(RouterManager pid=51733)[0m [Loongserve manager] scheduling time: 322.97 ms
[36m(RouterManager pid=51733)[0m [Loongserve manager] prefill and decoding batch scheduling results:
[36m(RouterManager pid=51733)[0m     running decode batch id: f17cbf5b1ba545029ab745dc8fb93b80, req num: 2, occupied instances: [0], batch_used_tokens_sum: 2403
[36m(RouterManager pid=51733)[0m     prefill batch id: 88a9751017194c9eaf45584216ea783a, req num: 4, occupied instances: [2, 3, 1], batch_used_tokens_sum: 0
[36m(RouterManager pid=51733)[0m [Loongserve manager] running batch id: f17cbf5b1ba545029ab745dc8fb93b80, req num: 2, occupied instances: [0], batch_used_tokens_sum: 2453
[36m(RouterManager pid=51733)[0m [Loongserve manager] running batch id: 88a9751017194c9eaf45584216ea783a, req num: 4, occupied instances: [2], batch_used_tokens_sum: 12048
[36m(RouterManager pid=51733)[0m === RouterManager iteration 506 ===
[36m(RouterManager pid=51733)[0m self.req_queue.waiting_req_list length: 7
[36m(RouterManager pid=51733)[0m === RouterManager iteration 508 ===
[36m(RouterManager pid=51733)[0m self.req_queue.waiting_req_list length: 7
[36m(RouterManager pid=51733)[0m === RouterManager iteration 510 ===
[36m(RouterManager pid=51733)[0m self.req_queue.waiting_req_list length: 7
[36m(RouterManager pid=51733)[0m === RouterManager iteration 512 ===
[36m(RouterManager pid=51733)[0m self.req_queue.waiting_req_list length: 7
[36m(RouterManager pid=51733)[0m === RouterManager iteration 514 ===
[36m(RouterManager pid=51733)[0m self.req_queue.waiting_req_list length: 9
[36m(RouterManager pid=51733)[0m === RouterManager iteration 516 ===
[36m(RouterManager pid=51733)[0m self.req_queue.waiting_req_list length: 9
[36m(RouterManager pid=51733)[0m === RouterManager iteration 518 ===
[36m(RouterManager pid=51733)[0m self.req_queue.waiting_req_list length: 9
[36m(RouterManager pid=51733)[0m === RouterManager iteration 520 ===
[36m(RouterManager pid=51733)[0m self.req_queue.waiting_req_list length: 9
[36m(RouterManager pid=51733)[0m === RouterManager iteration 522 ===
[36m(RouterManager pid=51733)[0m self.req_queue.waiting_req_list length: 10
[36m(RouterManager pid=51733)[0m === RouterManager iteration 524 ===
[36m(RouterManager pid=51733)[0m self.req_queue.waiting_req_list length: 10
[36m(RouterManager pid=51733)[0m === RouterManager iteration 526 ===
[36m(RouterManager pid=51733)[0m self.req_queue.waiting_req_list length: 11
[36m(RouterManager pid=51733)[0m [Router ReqQueue] Req chatcmpl-1b2eb4616f0c4342a9bb12de95e2a8a7 in_time: 683009.7259, out_time: 683010.5556, total wait time: 0.8297 seconds
[36m(RouterManager pid=51733)[0m [Router ReqQueue] Req chatcmpl-145ce30cd70a433191be91b8c53d5910 in_time: 683009.8525, out_time: 683010.5556, total wait time: 0.7031 seconds
[36m(RouterManager pid=51733)[0m [Router ReqQueue] Req chatcmpl-813cadc87b7c4d749a467cc47dad5863 in_time: 683009.8576, out_time: 683010.5556, total wait time: 0.6980 seconds
[36m(RouterManager pid=51733)[0m [Router ReqQueue] Req chatcmpl-b480647d0a294c6ab650964687848bbb in_time: 683009.9930, out_time: 683010.5556, total wait time: 0.5626 seconds
[36m(RouterManager pid=51733)[0m [Router ReqQueue] Req chatcmpl-2698ef74ea9c4e6298af28bb4e8c71b8 in_time: 683010.0846, out_time: 683010.5556, total wait time: 0.4710 seconds
[36m(RouterManager pid=51733)[0m [Router ReqQueue] Req chatcmpl-4e0bee6a86dd4d39aa09ed1619df16c0 in_time: 683010.0875, out_time: 683010.5556, total wait time: 0.4681 seconds
[36m(RouterManager pid=51733)[0m [Router ReqQueue] Req chatcmpl-48222061523a4993a66950ccdaaac311 in_time: 683010.2065, out_time: 683010.5556, total wait time: 0.3491 seconds
[36m(RouterManager pid=51733)[0m [Router ReqQueue] Req chatcmpl-c5e74ab8f4594dfa8ff316c39a1f0c7c in_time: 683010.4152, out_time: 683010.5556, total wait time: 0.1404 seconds
[36m(RouterManager pid=51733)[0m [Router ReqQueue] Req chatcmpl-885a55ac6bb8479091901ad67c6daf28 in_time: 683010.4279, out_time: 683010.5556, total wait time: 0.1278 seconds
[36m(RouterManager pid=51733)[0m [Router ReqQueue] Req chatcmpl-16971008789940ee99ba6e31eb753dd6 in_time: 683010.5043, out_time: 683010.5556, total wait time: 0.0513 seconds
[36m(RouterManager pid=51733)[0m [Router ReqQueue] Req chatcmpl-66d7e7af3ed84c888c20f70b0051de38 in_time: 683010.5427, out_time: 683010.5557, total wait time: 0.0130 seconds
[36m(RouterManager pid=51733)[0m [Loongserve manager] scheduling time: 73.73 ms
[36m(RouterManager pid=51733)[0m [Loongserve manager] prefill and decoding batch scheduling results:
[36m(RouterManager pid=51733)[0m     running decode batch id: 88a9751017194c9eaf45584216ea783a, req num: 6, occupied instances: [2], batch_used_tokens_sum: 14561
[36m(RouterManager pid=51733)[0m     prefill batch id: a553fa99e6134d47b72e59073d7dd984, req num: 11, occupied instances: [1, 3, 0], batch_used_tokens_sum: 0
[36m(RouterManager pid=51733)[0m [Loongserve manager] running batch id: 88a9751017194c9eaf45584216ea783a, req num: 6, occupied instances: [2], batch_used_tokens_sum: 15251
[36m(RouterManager pid=51733)[0m [Loongserve manager] running batch id: a553fa99e6134d47b72e59073d7dd984, req num: 11, occupied instances: [1], batch_used_tokens_sum: 53231
[36m(RouterManager pid=51733)[0m === RouterManager iteration 528 ===
[36m(RouterManager pid=51733)[0m self.req_queue.waiting_req_list length: 11
[36m(RouterManager pid=51733)[0m === RouterManager iteration 530 ===
[36m(RouterManager pid=51733)[0m self.req_queue.waiting_req_list length: 11
[36m(RouterManager pid=51733)[0m === RouterManager iteration 532 ===
[36m(RouterManager pid=51733)[0m self.req_queue.waiting_req_list length: 11
[36m(RouterManager pid=51733)[0m === RouterManager iteration 534 ===
[36m(RouterManager pid=51733)[0m self.req_queue.waiting_req_list length: 11
[36m(RouterManager pid=51733)[0m === RouterManager iteration 536 ===
[36m(RouterManager pid=51733)[0m self.req_queue.waiting_req_list length: 11
[36m(RouterManager pid=51733)[0m === RouterManager iteration 538 ===
[36m(RouterManager pid=51733)[0m self.req_queue.waiting_req_list length: 11
[36m(RouterManager pid=51733)[0m === RouterManager iteration 540 ===
[36m(RouterManager pid=51733)[0m self.req_queue.waiting_req_list length: 11
[36m(RouterManager pid=51733)[0m === RouterManager iteration 542 ===
[36m(RouterManager pid=51733)[0m self.req_queue.waiting_req_list length: 11
[36m(RouterManager pid=51733)[0m === RouterManager iteration 544 ===
[36m(RouterManager pid=51733)[0m self.req_queue.waiting_req_list length: 11
[36m(RouterManager pid=51733)[0m === RouterManager iteration 546 ===
[36m(RouterManager pid=51733)[0m self.req_queue.waiting_req_list length: 12
[36m(RouterManager pid=51733)[0m === RouterManager iteration 548 ===
[36m(RouterManager pid=51733)[0m self.req_queue.waiting_req_list length: 12
[36m(RouterManager pid=51733)[0m [Router ReqQueue] Req chatcmpl-241f8e628b3f45b6b60083ee364ffd8a in_time: 683010.9817, out_time: 683013.6240, total wait time: 2.6423 seconds
[36m(RouterManager pid=51733)[0m [Router ReqQueue] Req chatcmpl-910391258b234b419f908c419e9b75a9 in_time: 683011.0834, out_time: 683013.6240, total wait time: 2.5406 seconds
[36m(RouterManager pid=51733)[0m [Router ReqQueue] Req chatcmpl-79de40b82f084f36b217b1d356a79836 in_time: 683011.0869, out_time: 683013.6240, total wait time: 2.5371 seconds
[36m(RouterManager pid=51733)[0m [Router ReqQueue] Req chatcmpl-34f2660105b14ccdb7abb4c3171606eb in_time: 683011.1050, out_time: 683013.6240, total wait time: 2.5191 seconds
[36m(RouterManager pid=51733)[0m [Router ReqQueue] Req chatcmpl-eb8b88b51be9476791eec27048898798 in_time: 683011.3009, out_time: 683013.6240, total wait time: 2.3232 seconds
[36m(RouterManager pid=51733)[0m [Router ReqQueue] Req chatcmpl-4dbd57de9fe742799e2368d5101f4e54 in_time: 683012.2980, out_time: 683013.6241, total wait time: 1.3261 seconds
[36m(RouterManager pid=51733)[0m [Router ReqQueue] Req chatcmpl-f105c53514bc47adaa17bec81e8f6951 in_time: 683012.6461, out_time: 683013.6241, total wait time: 0.9779 seconds
[36m(RouterManager pid=51733)[0m [Router ReqQueue] Req chatcmpl-2013c8673df5451cb284464447bb0b75 in_time: 683012.7921, out_time: 683013.6241, total wait time: 0.8320 seconds
[36m(RouterManager pid=51733)[0m [Router ReqQueue] Req chatcmpl-7c385e4623274693a54eb80dc859a727 in_time: 683012.9162, out_time: 683013.6241, total wait time: 0.7079 seconds
[36m(RouterManager pid=51733)[0m [Router ReqQueue] Req chatcmpl-0cc43d37914d4023ac792222b05deb2a in_time: 683012.9334, out_time: 683013.6241, total wait time: 0.6907 seconds
[36m(RouterManager pid=51733)[0m [Router ReqQueue] Req chatcmpl-99bb795242574e3e9dcf81d3da68dffe in_time: 683013.0443, out_time: 683013.6241, total wait time: 0.5798 seconds
[36m(RouterManager pid=51733)[0m [Router ReqQueue] Req chatcmpl-581aab0fd8464657924ca2dcf486c8d4 in_time: 683013.5884, out_time: 683013.6241, total wait time: 0.0357 seconds
[36m(RouterManager pid=51733)[0m [Loongserve manager] scheduling time: 64.54 ms
[36m(RouterManager pid=51733)[0m [Loongserve manager] prefill and decoding batch scheduling results:
[36m(RouterManager pid=51733)[0m     running decode batch id: a553fa99e6134d47b72e59073d7dd984, req num: 17, occupied instances: [1], batch_used_tokens_sum: 68652
[36m(RouterManager pid=51733)[0m     prefill batch id: 9824a909ea164235a2b62286ddcedeae, req num: 12, occupied instances: [0, 3, 2], batch_used_tokens_sum: 0
[36m(RouterManager pid=51733)[0m [Loongserve manager] running batch id: a553fa99e6134d47b72e59073d7dd984, req num: 15, occupied instances: [1], batch_used_tokens_sum: 66754
[36m(RouterManager pid=51733)[0m [Loongserve manager] running batch id: 9824a909ea164235a2b62286ddcedeae, req num: 12, occupied instances: [0], batch_used_tokens_sum: 36146
[36m(RouterManager pid=51733)[0m === RouterManager iteration 550 ===
[36m(RouterManager pid=51733)[0m self.req_queue.waiting_req_list length: 13
[36m(RouterManager pid=51733)[0m === RouterManager iteration 552 ===
[36m(RouterManager pid=51733)[0m self.req_queue.waiting_req_list length: 13
[36m(RouterManager pid=51733)[0m === RouterManager iteration 554 ===
[36m(RouterManager pid=51733)[0m self.req_queue.waiting_req_list length: 13
[36m(RouterManager pid=51733)[0m === RouterManager iteration 556 ===
[36m(RouterManager pid=51733)[0m self.req_queue.waiting_req_list length: 13
[36m(RouterManager pid=51733)[0m === RouterManager iteration 558 ===
[36m(RouterManager pid=51733)[0m self.req_queue.waiting_req_list length: 13
[36m(RouterManager pid=51733)[0m === RouterManager iteration 560 ===
[36m(RouterManager pid=51733)[0m self.req_queue.waiting_req_list length: 13
[36m(RouterManager pid=51733)[0m === RouterManager iteration 562 ===
[36m(RouterManager pid=51733)[0m self.req_queue.waiting_req_list length: 13
[36m(RouterManager pid=51733)[0m === RouterManager iteration 564 ===
[36m(RouterManager pid=51733)[0m self.req_queue.waiting_req_list length: 13
[36m(RouterManager pid=51733)[0m === RouterManager iteration 566 ===
[36m(RouterManager pid=51733)[0m self.req_queue.waiting_req_list length: 13
[36m(RouterManager pid=51733)[0m === RouterManager iteration 568 ===
[36m(RouterManager pid=51733)[0m self.req_queue.waiting_req_list length: 13
[36m(RouterManager pid=51733)[0m === RouterManager iteration 570 ===
[36m(RouterManager pid=51733)[0m self.req_queue.waiting_req_list length: 14
[36m(RouterManager pid=51733)[0m [Router ReqQueue] Req chatcmpl-547230512f184557b118df4bd2b938e6 in_time: 683014.0155, out_time: 683015.7751, total wait time: 1.7596 seconds
[36m(RouterManager pid=51733)[0m [Router ReqQueue] Req chatcmpl-48f4a5ec79b644a6b5c2f70dc61144ce in_time: 683014.3168, out_time: 683015.7751, total wait time: 1.4583 seconds
[36m(RouterManager pid=51733)[0m [Router ReqQueue] Req chatcmpl-c934ff1cef7c409e802b81f8f6194d1d in_time: 683014.4214, out_time: 683015.7751, total wait time: 1.3538 seconds
[36m(RouterManager pid=51733)[0m [Router ReqQueue] Req chatcmpl-ea988a30d39848b6bf2fca015a818a89 in_time: 683014.4502, out_time: 683015.7752, total wait time: 1.3249 seconds
[36m(RouterManager pid=51733)[0m [Router ReqQueue] Req chatcmpl-7b00098513d341488b65277dd6ed695f in_time: 683014.5676, out_time: 683015.7752, total wait time: 1.2075 seconds
[36m(RouterManager pid=51733)[0m [Router ReqQueue] Req chatcmpl-87039608a3df4613b0b8787f62113d8f in_time: 683014.8147, out_time: 683015.7752, total wait time: 0.9604 seconds
[36m(RouterManager pid=51733)[0m [Router ReqQueue] Req chatcmpl-1adcf4ca47e6478abb53e722bf860c6a in_time: 683015.0230, out_time: 683015.7752, total wait time: 0.7522 seconds
[36m(RouterManager pid=51733)[0m [Router ReqQueue] Req chatcmpl-40d515b8979b4cd18f9eaee73bd4c6b5 in_time: 683015.0270, out_time: 683015.7752, total wait time: 0.7482 seconds
[36m(RouterManager pid=51733)[0m [Router ReqQueue] Req chatcmpl-cbd7ae782bae4dcca0be54df34456348 in_time: 683015.0592, out_time: 683015.7752, total wait time: 0.7160 seconds
[36m(RouterManager pid=51733)[0m [Router ReqQueue] Req chatcmpl-445a87fa1c6340198732058057955b16 in_time: 683015.1739, out_time: 683015.7752, total wait time: 0.6013 seconds
[36m(RouterManager pid=51733)[0m [Router ReqQueue] Req chatcmpl-da5b09bc5edf4384854116ed8088b5bc in_time: 683015.2271, out_time: 683015.7752, total wait time: 0.5481 seconds
[36m(RouterManager pid=51733)[0m [Router ReqQueue] Req chatcmpl-255005dc7af54fc28314a91076fbe1ad in_time: 683015.2525, out_time: 683015.7752, total wait time: 0.5227 seconds
[36m(RouterManager pid=51733)[0m [Router ReqQueue] Req chatcmpl-3a71e4f210f74301bfcb8f45cfffdf6d in_time: 683015.4249, out_time: 683015.7752, total wait time: 0.3503 seconds
[36m(RouterManager pid=51733)[0m [Router ReqQueue] Req chatcmpl-abcb26784acf48d3bcb930bcad178184 in_time: 683015.7619, out_time: 683015.7752, total wait time: 0.0133 seconds
[36m(RouterManager pid=51733)[0m [Loongserve manager] scheduling time: 121.90 ms
[36m(RouterManager pid=51733)[0m [Loongserve manager] prefill and decoding batch scheduling results:
[36m(RouterManager pid=51733)[0m     running decode batch id: a553fa99e6134d47b72e59073d7dd984, req num: 23, occupied instances: [1], batch_used_tokens_sum: 79515
[36m(RouterManager pid=51733)[0m     prefill batch id: b57f8214809c4bf3ba3a1376b89a5395, req num: 14, occupied instances: [2, 3, 0], batch_used_tokens_sum: 0
[36m(RouterManager pid=51733)[0m [Loongserve manager] running batch id: a553fa99e6134d47b72e59073d7dd984, req num: 22, occupied instances: [1], batch_used_tokens_sum: 72256
[36m(RouterManager pid=51733)[0m [Loongserve manager] running batch id: b57f8214809c4bf3ba3a1376b89a5395, req num: 14, occupied instances: [2], batch_used_tokens_sum: 49432
[36m(RouterManager pid=51733)[0m === RouterManager iteration 572 ===
[36m(RouterManager pid=51733)[0m self.req_queue.waiting_req_list length: 10
[36m(RouterManager pid=51733)[0m === RouterManager iteration 574 ===
[36m(RouterManager pid=51733)[0m self.req_queue.waiting_req_list length: 10
[36m(RouterManager pid=51733)[0m === RouterManager iteration 576 ===
[36m(RouterManager pid=51733)[0m self.req_queue.waiting_req_list length: 10
[36m(RouterManager pid=51733)[0m === RouterManager iteration 578 ===
[36m(RouterManager pid=51733)[0m self.req_queue.waiting_req_list length: 10
[36m(RouterManager pid=51733)[0m === RouterManager iteration 580 ===
[36m(RouterManager pid=51733)[0m self.req_queue.waiting_req_list length: 10
[36m(RouterManager pid=51733)[0m === RouterManager iteration 582 ===
[36m(RouterManager pid=51733)[0m self.req_queue.waiting_req_list length: 10
[36m(RouterManager pid=51733)[0m === RouterManager iteration 584 ===
[36m(RouterManager pid=51733)[0m self.req_queue.waiting_req_list length: 10
[36m(RouterManager pid=51733)[0m === RouterManager iteration 586 ===
[36m(RouterManager pid=51733)[0m self.req_queue.waiting_req_list length: 10
[36m(RouterManager pid=51733)[0m === RouterManager iteration 588 ===
[36m(RouterManager pid=51733)[0m self.req_queue.waiting_req_list length: 10
[36m(RouterManager pid=51733)[0m === RouterManager iteration 590 ===
[36m(RouterManager pid=51733)[0m self.req_queue.waiting_req_list length: 10
[36m(RouterManager pid=51733)[0m === RouterManager iteration 592 ===
[36m(RouterManager pid=51733)[0m self.req_queue.waiting_req_list length: 10
[36m(RouterManager pid=51733)[0m [Router ReqQueue] Req chatcmpl-06c7f87357f0489f9695eaf70cac656f in_time: 683016.1757, out_time: 683018.5729, total wait time: 2.3972 seconds
[36m(RouterManager pid=51733)[0m [Router ReqQueue] Req chatcmpl-5649aa33ce4c46c7993819a8da00f725 in_time: 683016.3806, out_time: 683018.5729, total wait time: 2.1923 seconds
[36m(RouterManager pid=51733)[0m [Router ReqQueue] Req chatcmpl-3309d9285ac54026ac305be92592577f in_time: 683016.5244, out_time: 683018.5729, total wait time: 2.0486 seconds
[36m(RouterManager pid=51733)[0m [Router ReqQueue] Req chatcmpl-3bc0373ebd1b45029fb10642090b4d05 in_time: 683016.9715, out_time: 683018.5729, total wait time: 1.6015 seconds
[36m(RouterManager pid=51733)[0m [Router ReqQueue] Req chatcmpl-daabb1d7ec0e4c0eaca0e2eff9c38095 in_time: 683017.1642, out_time: 683018.5729, total wait time: 1.4088 seconds
[36m(RouterManager pid=51733)[0m [Router ReqQueue] Req chatcmpl-6f41cf6026f54acb8c456d02c22e6bcb in_time: 683017.4502, out_time: 683018.5730, total wait time: 1.1228 seconds
[36m(RouterManager pid=51733)[0m [Router ReqQueue] Req chatcmpl-9840388fa060435dabd4d3f68a2332b5 in_time: 683017.8223, out_time: 683018.5730, total wait time: 0.7506 seconds
[36m(RouterManager pid=51733)[0m [Router ReqQueue] Req chatcmpl-d55b42e483d243ebbe03f4ffea17f291 in_time: 683017.9597, out_time: 683018.5730, total wait time: 0.6133 seconds
[36m(RouterManager pid=51733)[0m [Router ReqQueue] Req chatcmpl-5eb24e1232474b0086e18a1683cc9218 in_time: 683018.0085, out_time: 683018.5730, total wait time: 0.5645 seconds
[36m(RouterManager pid=51733)[0m [Router ReqQueue] Req chatcmpl-6d0ef6a0c4644636a0185577dcd1d4dd in_time: 683018.1153, out_time: 683018.5730, total wait time: 0.4577 seconds
[36m(RouterManager pid=51733)[0m [Loongserve manager] scheduling time: 162.08 ms
[36m(RouterManager pid=51733)[0m [Loongserve manager] prefill and decoding batch scheduling results:
[36m(RouterManager pid=51733)[0m     running decode batch id: a553fa99e6134d47b72e59073d7dd984, req num: 36, occupied instances: [1], batch_used_tokens_sum: 122048
[36m(RouterManager pid=51733)[0m     prefill batch id: 9e535898a8914f8b960f1bc8901b12c5, req num: 10, occupied instances: [0, 3, 2], batch_used_tokens_sum: 0
[36m(RouterManager pid=51733)[0m [Loongserve manager] running batch id: a553fa99e6134d47b72e59073d7dd984, req num: 29, occupied instances: [1], batch_used_tokens_sum: 114160
[36m(RouterManager pid=51733)[0m [Loongserve manager] running batch id: 9e535898a8914f8b960f1bc8901b12c5, req num: 10, occupied instances: [0], batch_used_tokens_sum: 44717
[36m(RouterManager pid=51733)[0m === RouterManager iteration 594 ===
[36m(RouterManager pid=51733)[0m self.req_queue.waiting_req_list length: 15
[36m(RouterManager pid=51733)[0m === RouterManager iteration 596 ===
[36m(RouterManager pid=51733)[0m self.req_queue.waiting_req_list length: 15
[36m(RouterManager pid=51733)[0m === RouterManager iteration 598 ===
[36m(RouterManager pid=51733)[0m self.req_queue.waiting_req_list length: 15
[36m(RouterManager pid=51733)[0m === RouterManager iteration 600 ===
[36m(RouterManager pid=51733)[0m self.req_queue.waiting_req_list length: 15
[36m(RouterManager pid=51733)[0m === RouterManager iteration 602 ===
[36m(RouterManager pid=51733)[0m self.req_queue.waiting_req_list length: 15
[36m(RouterManager pid=51733)[0m === RouterManager iteration 604 ===
[36m(RouterManager pid=51733)[0m self.req_queue.waiting_req_list length: 15
[36m(RouterManager pid=51733)[0m === RouterManager iteration 606 ===
[36m(RouterManager pid=51733)[0m self.req_queue.waiting_req_list length: 15
[36m(RouterManager pid=51733)[0m === RouterManager iteration 608 ===
[36m(RouterManager pid=51733)[0m self.req_queue.waiting_req_list length: 15
[36m(RouterManager pid=51733)[0m === RouterManager iteration 610 ===
[36m(RouterManager pid=51733)[0m self.req_queue.waiting_req_list length: 15
[36m(RouterManager pid=51733)[0m === RouterManager iteration 612 ===
[36m(RouterManager pid=51733)[0m self.req_queue.waiting_req_list length: 15
[36m(RouterManager pid=51733)[0m === RouterManager iteration 614 ===
[36m(RouterManager pid=51733)[0m self.req_queue.waiting_req_list length: 15
[36m(RouterManager pid=51733)[0m [Router ReqQueue] Req chatcmpl-e4b52212e7cc4cef8f6ee1a913c73b85 in_time: 683018.6909, out_time: 683021.3049, total wait time: 2.6140 seconds
[36m(RouterManager pid=51733)[0m [Router ReqQueue] Req chatcmpl-59318cfa1b23450c80246a2e8dec7993 in_time: 683018.7055, out_time: 683021.3049, total wait time: 2.5994 seconds
[36m(RouterManager pid=51733)[0m [Router ReqQueue] Req chatcmpl-bd7e46fb81064152a9a1f7f2acd45c4c in_time: 683019.0824, out_time: 683021.3049, total wait time: 2.2225 seconds
[36m(RouterManager pid=51733)[0m [Router ReqQueue] Req chatcmpl-7d149b1da9b3484c9c4757244f6e66f0 in_time: 683019.3725, out_time: 683021.3049, total wait time: 1.9324 seconds
[36m(RouterManager pid=51733)[0m [Router ReqQueue] Req chatcmpl-7a366b1bcf3a4fee9873d7633851484f in_time: 683019.4551, out_time: 683021.3049, total wait time: 1.8498 seconds
[36m(RouterManager pid=51733)[0m [Router ReqQueue] Req chatcmpl-dc1c9090f9fe45f3a8b4bd852f68737a in_time: 683019.4669, out_time: 683021.3049, total wait time: 1.8380 seconds
[36m(RouterManager pid=51733)[0m [Router ReqQueue] Req chatcmpl-f0606dfa269f4e52b747bb52cac58255 in_time: 683019.5231, out_time: 683021.3049, total wait time: 1.7819 seconds
[36m(RouterManager pid=51733)[0m [Router ReqQueue] Req chatcmpl-76bf1199a8824351bef7c0ac7415a14f in_time: 683019.7851, out_time: 683021.3049, total wait time: 1.5198 seconds
[36m(RouterManager pid=51733)[0m [Router ReqQueue] Req chatcmpl-d4af569044a94bf79182633b63694cc1 in_time: 683019.8457, out_time: 683021.3050, total wait time: 1.4593 seconds
[36m(RouterManager pid=51733)[0m [Router ReqQueue] Req chatcmpl-559931d696bf4f8ab0b8c17df03ff7e1 in_time: 683019.9716, out_time: 683021.3050, total wait time: 1.3334 seconds
[36m(RouterManager pid=51733)[0m [Router ReqQueue] Req chatcmpl-d66ce5df335c4e41b8615f4244a1226e in_time: 683020.0669, out_time: 683021.3050, total wait time: 1.2381 seconds
[36m(RouterManager pid=51733)[0m [Router ReqQueue] Req chatcmpl-5e11a3318b8240f49012bb0b963a6db0 in_time: 683020.3465, out_time: 683021.3050, total wait time: 0.9585 seconds
[36m(RouterManager pid=51733)[0m [Router ReqQueue] Req chatcmpl-214592bfe55043069a30d2ff99e0281d in_time: 683020.3542, out_time: 683021.3050, total wait time: 0.9508 seconds
[36m(RouterManager pid=51733)[0m [Router ReqQueue] Req chatcmpl-bb3f861ecf0e482484358093e30ff794 in_time: 683020.4521, out_time: 683021.3050, total wait time: 0.8529 seconds
[36m(RouterManager pid=51733)[0m [Router ReqQueue] Req chatcmpl-2e8a4074437342efae26befa8e715c8b in_time: 683020.8924, out_time: 683021.3050, total wait time: 0.4126 seconds
[36m(RouterManager pid=51733)[0m [Loongserve manager] scheduling time: 147.98 ms
[36m(RouterManager pid=51733)[0m [Loongserve manager] prefill and decoding batch scheduling results:
[36m(RouterManager pid=51733)[0m     running decode batch id: a553fa99e6134d47b72e59073d7dd984, req num: 39, occupied instances: [1], batch_used_tokens_sum: 159267
[36m(RouterManager pid=51733)[0m     prefill batch id: 01bfd05ec2a940e9ae6088c6b5bb64d2, req num: 15, occupied instances: [2, 3, 0], batch_used_tokens_sum: 0
[36m(RouterManager pid=51733)[0m [Loongserve manager] running batch id: a553fa99e6134d47b72e59073d7dd984, req num: 35, occupied instances: [1], batch_used_tokens_sum: 114674
[36m(RouterManager pid=51733)[0m [Loongserve manager] running batch id: 01bfd05ec2a940e9ae6088c6b5bb64d2, req num: 15, occupied instances: [2], batch_used_tokens_sum: 32349
[36m(RouterManager pid=51733)[0m === RouterManager iteration 616 ===
[36m(RouterManager pid=51733)[0m self.req_queue.waiting_req_list length: 10
[36m(RouterManager pid=51733)[0m === RouterManager iteration 618 ===
[36m(RouterManager pid=51733)[0m self.req_queue.waiting_req_list length: 10
[36m(RouterManager pid=51733)[0m === RouterManager iteration 620 ===
[36m(RouterManager pid=51733)[0m self.req_queue.waiting_req_list length: 11
[36m(RouterManager pid=51733)[0m === RouterManager iteration 622 ===
[36m(RouterManager pid=51733)[0m self.req_queue.waiting_req_list length: 12
[36m(RouterManager pid=51733)[0m === RouterManager iteration 624 ===
[36m(RouterManager pid=51733)[0m self.req_queue.waiting_req_list length: 12
[36m(RouterManager pid=51733)[0m === RouterManager iteration 626 ===
[36m(RouterManager pid=51733)[0m self.req_queue.waiting_req_list length: 13
[36m(RouterManager pid=51733)[0m === RouterManager iteration 628 ===
[36m(RouterManager pid=51733)[0m self.req_queue.waiting_req_list length: 13
[36m(RouterManager pid=51733)[0m === RouterManager iteration 630 ===
[36m(RouterManager pid=51733)[0m self.req_queue.waiting_req_list length: 13
[36m(RouterManager pid=51733)[0m === RouterManager iteration 632 ===
[36m(RouterManager pid=51733)[0m self.req_queue.waiting_req_list length: 13
[36m(RouterManager pid=51733)[0m === RouterManager iteration 634 ===
[36m(RouterManager pid=51733)[0m self.req_queue.waiting_req_list length: 14
[36m(RouterManager pid=51733)[0m === RouterManager iteration 636 ===
[36m(RouterManager pid=51733)[0m self.req_queue.waiting_req_list length: 14
[36m(RouterManager pid=51733)[0m [Router ReqQueue] Req chatcmpl-e7132a0e5553459896711db9d126e36a in_time: 683021.4211, out_time: 683023.3000, total wait time: 1.8788 seconds
[36m(RouterManager pid=51733)[0m [Router ReqQueue] Req chatcmpl-beaf0bddb37e418d86401e3323951f2b in_time: 683021.5958, out_time: 683023.3000, total wait time: 1.7042 seconds
[36m(RouterManager pid=51733)[0m [Router ReqQueue] Req chatcmpl-814993583c8c4eeea9957e6dda5332c3 in_time: 683021.8686, out_time: 683023.3000, total wait time: 1.4315 seconds
[36m(RouterManager pid=51733)[0m [Router ReqQueue] Req chatcmpl-55eedb2473a741f59feb1bc6b6d48805 in_time: 683021.9041, out_time: 683023.3000, total wait time: 1.3959 seconds
[36m(RouterManager pid=51733)[0m [Router ReqQueue] Req chatcmpl-dc5549ee23ab42d8a16b26f00f320345 in_time: 683022.3294, out_time: 683023.3000, total wait time: 0.9706 seconds
[36m(RouterManager pid=51733)[0m [Router ReqQueue] Req chatcmpl-7b9b1f1dc8754b09bc41ec821c21ba2e in_time: 683022.4977, out_time: 683023.3001, total wait time: 0.8023 seconds
[36m(RouterManager pid=51733)[0m [Router ReqQueue] Req chatcmpl-b9c661cd2ed947539664e3da855313b8 in_time: 683022.6552, out_time: 683023.3001, total wait time: 0.6448 seconds
[36m(RouterManager pid=51733)[0m [Router ReqQueue] Req chatcmpl-f918165f0e334556b4382bcffa5f5e79 in_time: 683022.6949, out_time: 683023.3001, total wait time: 0.6052 seconds
[36m(RouterManager pid=51733)[0m [Router ReqQueue] Req chatcmpl-34e2606f4f2d49fa87d58f00d58b3656 in_time: 683022.7436, out_time: 683023.3001, total wait time: 0.5565 seconds
[36m(RouterManager pid=51733)[0m [Router ReqQueue] Req chatcmpl-473ebb2f1aba40e5b5600dcf6708a56c in_time: 683022.7977, out_time: 683023.3001, total wait time: 0.5024 seconds
[36m(RouterManager pid=51733)[0m [Router ReqQueue] Req chatcmpl-3237d2111e2c48e09571cea057346ab9 in_time: 683022.9582, out_time: 683023.3001, total wait time: 0.3419 seconds
[36m(RouterManager pid=51733)[0m [Router ReqQueue] Req chatcmpl-41c8fd85cd164c8480d6b28253be61e6 in_time: 683022.9838, out_time: 683023.3001, total wait time: 0.3163 seconds
[36m(RouterManager pid=51733)[0m [Router ReqQueue] Req chatcmpl-21c412b6bd7446eb932a850d70a899f8 in_time: 683023.0692, out_time: 683023.3001, total wait time: 0.2309 seconds
[36m(RouterManager pid=51733)[0m [Router ReqQueue] Req chatcmpl-54aa827189bf4e659b113046f26543c0 in_time: 683023.2491, out_time: 683023.3001, total wait time: 0.0510 seconds
[36m(RouterManager pid=51733)[0m [Loongserve manager] scheduling time: 112.75 ms
[36m(RouterManager pid=51733)[0m [Loongserve manager] prefill and decoding batch scheduling results:
[36m(RouterManager pid=51733)[0m     running decode batch id: a553fa99e6134d47b72e59073d7dd984, req num: 50, occupied instances: [1], batch_used_tokens_sum: 147523
[36m(RouterManager pid=51733)[0m     prefill batch id: 6146f8d5d9a149e69501eba2da31c28a, req num: 14, occupied instances: [0, 3, 2], batch_used_tokens_sum: 0
[36m(RouterManager pid=51733)[0m [Loongserve manager] running batch id: a553fa99e6134d47b72e59073d7dd984, req num: 37, occupied instances: [1], batch_used_tokens_sum: 91871
[36m(RouterManager pid=51733)[0m [Loongserve manager] running batch id: 6146f8d5d9a149e69501eba2da31c28a, req num: 14, occupied instances: [0], batch_used_tokens_sum: 53033
[36m(RouterManager pid=51733)[0m === RouterManager iteration 638 ===
[36m(RouterManager pid=51733)[0m self.req_queue.waiting_req_list length: 12
[36m(RouterManager pid=51733)[0m === RouterManager iteration 640 ===
[36m(RouterManager pid=51733)[0m self.req_queue.waiting_req_list length: 12
[36m(RouterManager pid=51733)[0m === RouterManager iteration 642 ===
[36m(RouterManager pid=51733)[0m self.req_queue.waiting_req_list length: 12
[36m(RouterManager pid=51733)[0m === RouterManager iteration 644 ===
[36m(RouterManager pid=51733)[0m self.req_queue.waiting_req_list length: 12
[36m(RouterManager pid=51733)[0m === RouterManager iteration 646 ===
[36m(RouterManager pid=51733)[0m self.req_queue.waiting_req_list length: 12
[36m(RouterManager pid=51733)[0m === RouterManager iteration 648 ===
[36m(RouterManager pid=51733)[0m self.req_queue.waiting_req_list length: 12
[36m(RouterManager pid=51733)[0m === RouterManager iteration 650 ===
[36m(RouterManager pid=51733)[0m self.req_queue.waiting_req_list length: 13
[36m(RouterManager pid=51733)[0m === RouterManager iteration 652 ===
[36m(RouterManager pid=51733)[0m self.req_queue.waiting_req_list length: 13
[36m(RouterManager pid=51733)[0m === RouterManager iteration 654 ===
[36m(RouterManager pid=51733)[0m self.req_queue.waiting_req_list length: 13
[36m(RouterManager pid=51733)[0m === RouterManager iteration 656 ===
[36m(RouterManager pid=51733)[0m self.req_queue.waiting_req_list length: 13
[36m(RouterManager pid=51733)[0m === RouterManager iteration 658 ===
[36m(RouterManager pid=51733)[0m self.req_queue.waiting_req_list length: 13
[36m(RouterManager pid=51733)[0m [Router ReqQueue] Req chatcmpl-628ae0f527434fa48de6a5640024d88e in_time: 683023.7389, out_time: 683026.4359, total wait time: 2.6970 seconds
[36m(RouterManager pid=51733)[0m [Router ReqQueue] Req chatcmpl-29a024a9122f4b89952c7ff51e96c0bd in_time: 683023.9044, out_time: 683026.4359, total wait time: 2.5315 seconds
[36m(RouterManager pid=51733)[0m [Router ReqQueue] Req chatcmpl-02b1ca5f452745b7abf9c751b2e045a5 in_time: 683024.1479, out_time: 683026.4359, total wait time: 2.2880 seconds
[36m(RouterManager pid=51733)[0m [Router ReqQueue] Req chatcmpl-c5174bb1c1d84c98ba88c70fbcc1770c in_time: 683024.7411, out_time: 683026.4359, total wait time: 1.6948 seconds
[36m(RouterManager pid=51733)[0m [Router ReqQueue] Req chatcmpl-6dd39f23295d4f298b28e6c3ad641ed7 in_time: 683024.8068, out_time: 683026.4359, total wait time: 1.6292 seconds
[36m(RouterManager pid=51733)[0m [Router ReqQueue] Req chatcmpl-108b5b033d6f4006981610b90bbd767d in_time: 683024.9711, out_time: 683026.4360, total wait time: 1.4649 seconds
[36m(RouterManager pid=51733)[0m [Router ReqQueue] Req chatcmpl-0e0807d3695a47659ff14390de8963a4 in_time: 683024.9966, out_time: 683026.4360, total wait time: 1.4394 seconds
[36m(RouterManager pid=51733)[0m [Router ReqQueue] Req chatcmpl-eaa5dc2f14df4e2b8b0c24d737c7ff52 in_time: 683025.0618, out_time: 683026.4360, total wait time: 1.3742 seconds
[36m(RouterManager pid=51733)[0m [Router ReqQueue] Req chatcmpl-86c9c16135e64041807f56074447342c in_time: 683025.3128, out_time: 683026.4360, total wait time: 1.1232 seconds
[36m(RouterManager pid=51733)[0m [Router ReqQueue] Req chatcmpl-8af3874a29f04931826b93d38ae0024d in_time: 683025.7449, out_time: 683026.4360, total wait time: 0.6911 seconds
[36m(RouterManager pid=51733)[0m [Router ReqQueue] Req chatcmpl-183d906b3bf841568fa2b6ecb9b1936e in_time: 683025.7545, out_time: 683026.4360, total wait time: 0.6815 seconds
[36m(RouterManager pid=51733)[0m [Router ReqQueue] Req chatcmpl-de18e703511c47ed882ba20b968fb80e in_time: 683025.9999, out_time: 683026.4360, total wait time: 0.4361 seconds
[36m(RouterManager pid=51733)[0m [Router ReqQueue] Req chatcmpl-6c722d1a50734ab5bb6c86d6e9472cf5 in_time: 683026.2829, out_time: 683026.4360, total wait time: 0.1532 seconds
[36m(RouterManager pid=51733)[0m [Loongserve manager] scheduling time: 174.23 ms
[36m(RouterManager pid=51733)[0m [Loongserve manager] prefill and decoding batch scheduling results:
[36m(RouterManager pid=51733)[0m     running decode batch id: a553fa99e6134d47b72e59073d7dd984, req num: 51, occupied instances: [1], batch_used_tokens_sum: 145414
[36m(RouterManager pid=51733)[0m     prefill batch id: 1d4b06e1df484ea3822ee4ec71006af2, req num: 13, occupied instances: [2, 3, 0], batch_used_tokens_sum: 0
[36m(RouterManager pid=51733)[0m [Loongserve manager] running batch id: a553fa99e6134d47b72e59073d7dd984, req num: 40, occupied instances: [1], batch_used_tokens_sum: 132109
[36m(RouterManager pid=51733)[0m [Loongserve manager] running batch id: 1d4b06e1df484ea3822ee4ec71006af2, req num: 13, occupied instances: [2], batch_used_tokens_sum: 40922
[36m(RouterManager pid=51733)[0m === RouterManager iteration 660 ===
[36m(RouterManager pid=51733)[0m self.req_queue.waiting_req_list length: 18
[36m(RouterManager pid=51733)[0m === RouterManager iteration 662 ===
[36m(RouterManager pid=51733)[0m self.req_queue.waiting_req_list length: 18
[36m(RouterManager pid=51733)[0m === RouterManager iteration 664 ===
[36m(RouterManager pid=51733)[0m self.req_queue.waiting_req_list length: 18
[36m(RouterManager pid=51733)[0m === RouterManager iteration 666 ===
[36m(RouterManager pid=51733)[0m self.req_queue.waiting_req_list length: 19
[36m(RouterManager pid=51733)[0m === RouterManager iteration 668 ===
[36m(RouterManager pid=51733)[0m self.req_queue.waiting_req_list length: 19
[36m(RouterManager pid=51733)[0m === RouterManager iteration 670 ===
[36m(RouterManager pid=51733)[0m self.req_queue.waiting_req_list length: 19
[36m(RouterManager pid=51733)[0m === RouterManager iteration 672 ===
[36m(RouterManager pid=51733)[0m self.req_queue.waiting_req_list length: 20
[36m(RouterManager pid=51733)[0m === RouterManager iteration 674 ===
[36m(RouterManager pid=51733)[0m self.req_queue.waiting_req_list length: 20
[36m(RouterManager pid=51733)[0m === RouterManager iteration 676 ===
[36m(RouterManager pid=51733)[0m self.req_queue.waiting_req_list length: 21
[36m(RouterManager pid=51733)[0m === RouterManager iteration 678 ===
[36m(RouterManager pid=51733)[0m self.req_queue.waiting_req_list length: 21
[36m(RouterManager pid=51733)[0m === RouterManager iteration 680 ===
[36m(RouterManager pid=51733)[0m self.req_queue.waiting_req_list length: 21
[36m(RouterManager pid=51733)[0m [Router ReqQueue] Req chatcmpl-47b9f2a576d74d0cbc1761b791aafb01 in_time: 683026.5467, out_time: 683029.0400, total wait time: 2.4934 seconds
[36m(RouterManager pid=51733)[0m [Router ReqQueue] Req chatcmpl-2c39248de59f4fd98e1ed855af8ce897 in_time: 683026.6588, out_time: 683029.0400, total wait time: 2.3812 seconds
[36m(RouterManager pid=51733)[0m [Router ReqQueue] Req chatcmpl-25c92364e8da4e3b83c4ce61bda1a3fd in_time: 683026.9666, out_time: 683029.0401, total wait time: 2.0735 seconds
[36m(RouterManager pid=51733)[0m [Router ReqQueue] Req chatcmpl-f0c0b21b78884961952aa1b01fd510eb in_time: 683027.2342, out_time: 683029.0401, total wait time: 1.8058 seconds
[36m(RouterManager pid=51733)[0m [Router ReqQueue] Req chatcmpl-41823f4aa3bb4165abdab52eb14cda95 in_time: 683027.4346, out_time: 683029.0401, total wait time: 1.6055 seconds
[36m(RouterManager pid=51733)[0m [Router ReqQueue] Req chatcmpl-0153e0c601964ea3ba705ac7f5c3dafb in_time: 683027.4360, out_time: 683029.0401, total wait time: 1.6041 seconds
[36m(RouterManager pid=51733)[0m [Router ReqQueue] Req chatcmpl-eb2f7fa3cae0469bb6b4e04697d2419d in_time: 683027.5697, out_time: 683029.0401, total wait time: 1.4704 seconds
[36m(RouterManager pid=51733)[0m [Router ReqQueue] Req chatcmpl-fd41233bc32148f8bdae31596e23b1d1 in_time: 683027.6256, out_time: 683029.0401, total wait time: 1.4145 seconds
[36m(RouterManager pid=51733)[0m [Router ReqQueue] Req chatcmpl-34da5fab7b744c67b3c0e5d079b10ee5 in_time: 683027.6782, out_time: 683029.0401, total wait time: 1.3619 seconds
[36m(RouterManager pid=51733)[0m [Router ReqQueue] Req chatcmpl-011dd2d63a9642a5bdcc7e1a9fcdbc34 in_time: 683027.6875, out_time: 683029.0401, total wait time: 1.3526 seconds
[36m(RouterManager pid=51733)[0m [Router ReqQueue] Req chatcmpl-80aef5330f6240219642422e06d3665e in_time: 683027.7311, out_time: 683029.0401, total wait time: 1.3091 seconds
[36m(RouterManager pid=51733)[0m [Router ReqQueue] Req chatcmpl-81983c2d890a44acb6d24597426c41bd in_time: 683027.9581, out_time: 683029.0401, total wait time: 1.0821 seconds
[36m(RouterManager pid=51733)[0m [Router ReqQueue] Req chatcmpl-0c28270b5ac14aca9a6ccae951509ad8 in_time: 683028.2234, out_time: 683029.0401, total wait time: 0.8168 seconds
[36m(RouterManager pid=51733)[0m [Router ReqQueue] Req chatcmpl-a3d95b40d3ba4167bda482b8b227a030 in_time: 683028.2434, out_time: 683029.0402, total wait time: 0.7968 seconds
[36m(RouterManager pid=51733)[0m [Router ReqQueue] Req chatcmpl-04554fa6f5d246e0821a3a20c7ed1bf3 in_time: 683028.2654, out_time: 683029.0402, total wait time: 0.7748 seconds
[36m(RouterManager pid=51733)[0m [Router ReqQueue] Req chatcmpl-d8e53a724eb24483af68ac245c943b53 in_time: 683028.3404, out_time: 683029.0402, total wait time: 0.6998 seconds
[36m(RouterManager pid=51733)[0m [Router ReqQueue] Req chatcmpl-1ede9c9281eb4380bfbabcc4bbd8a781 in_time: 683028.4976, out_time: 683029.0402, total wait time: 0.5426 seconds
[36m(RouterManager pid=51733)[0m [Router ReqQueue] Req chatcmpl-dcff6043ee324bdeacb4c537f0367535 in_time: 683028.5279, out_time: 683029.0402, total wait time: 0.5123 seconds
[36m(RouterManager pid=51733)[0m [Router ReqQueue] Req chatcmpl-0b1286d7e869423899583a125a21d7ca in_time: 683028.7068, out_time: 683029.0402, total wait time: 0.3334 seconds
[36m(RouterManager pid=51733)[0m [Router ReqQueue] Req chatcmpl-9ede400df042499f86477173375c4c6d in_time: 683028.8571, out_time: 683029.0402, total wait time: 0.1832 seconds
[36m(RouterManager pid=51733)[0m [Router ReqQueue] Req chatcmpl-4eee0e94de5e442abb601b603a6d7fe1 in_time: 683028.9205, out_time: 683029.0402, total wait time: 0.1197 seconds
[36m(RouterManager pid=51733)[0m [Loongserve manager] scheduling time: 138.50 ms
[36m(RouterManager pid=51733)[0m [Loongserve manager] prefill and decoding batch scheduling results:
[36m(RouterManager pid=51733)[0m     running decode batch id: a553fa99e6134d47b72e59073d7dd984, req num: 51, occupied instances: [1], batch_used_tokens_sum: 156075
[36m(RouterManager pid=51733)[0m     prefill batch id: 949d607f823d441381f72c9a57d31395, req num: 21, occupied instances: [0, 3, 2], batch_used_tokens_sum: 0
[36m(RouterManager pid=51733)[0m [Loongserve manager] running batch id: a553fa99e6134d47b72e59073d7dd984, req num: 24, occupied instances: [1], batch_used_tokens_sum: 39358
[36m(RouterManager pid=51733)[0m [Loongserve manager] running batch id: 949d607f823d441381f72c9a57d31395, req num: 21, occupied instances: [0], batch_used_tokens_sum: 94214
[36m(RouterManager pid=51733)[0m === RouterManager iteration 682 ===
[36m(RouterManager pid=51733)[0m self.req_queue.waiting_req_list length: 33
[36m(RouterManager pid=51733)[0m === RouterManager iteration 684 ===
[36m(RouterManager pid=51733)[0m self.req_queue.waiting_req_list length: 33
[36m(RouterManager pid=51733)[0m === RouterManager iteration 686 ===
[36m(RouterManager pid=51733)[0m self.req_queue.waiting_req_list length: 33
[36m(RouterManager pid=51733)[0m === RouterManager iteration 688 ===
[36m(RouterManager pid=51733)[0m self.req_queue.waiting_req_list length: 34
[36m(RouterManager pid=51733)[0m === RouterManager iteration 690 ===
[36m(RouterManager pid=51733)[0m self.req_queue.waiting_req_list length: 34
[36m(RouterManager pid=51733)[0m === RouterManager iteration 692 ===
[36m(RouterManager pid=51733)[0m self.req_queue.waiting_req_list length: 34
[36m(RouterManager pid=51733)[0m === RouterManager iteration 694 ===
[36m(RouterManager pid=51733)[0m self.req_queue.waiting_req_list length: 34
[36m(RouterManager pid=51733)[0m === RouterManager iteration 696 ===
[36m(RouterManager pid=51733)[0m self.req_queue.waiting_req_list length: 34
[36m(RouterManager pid=51733)[0m === RouterManager iteration 698 ===
[36m(RouterManager pid=51733)[0m self.req_queue.waiting_req_list length: 35
[36m(RouterManager pid=51733)[0m === RouterManager iteration 700 ===
[36m(RouterManager pid=51733)[0m self.req_queue.waiting_req_list length: 35
[36m(RouterManager pid=51733)[0m === RouterManager iteration 702 ===
[36m(RouterManager pid=51733)[0m self.req_queue.waiting_req_list length: 35
[36m(RouterManager pid=51733)[0m [Router ReqQueue] Req chatcmpl-b9597bc226b44f6d8ee84e2b40245aa0 in_time: 683029.1136, out_time: 683034.1852, total wait time: 5.0716 seconds
[36m(RouterManager pid=51733)[0m [Router ReqQueue] Req chatcmpl-3eb383f2c00e4f69b2744c1b6da8094d in_time: 683029.1549, out_time: 683034.1852, total wait time: 5.0304 seconds
[36m(RouterManager pid=51733)[0m [Router ReqQueue] Req chatcmpl-017d54e0a568482dbe702dc08d04a677 in_time: 683029.1739, out_time: 683034.1853, total wait time: 5.0113 seconds
[36m(RouterManager pid=51733)[0m [Router ReqQueue] Req chatcmpl-d901fd0e9d504b03852657601bdcb703 in_time: 683029.2816, out_time: 683034.1853, total wait time: 4.9037 seconds
[36m(RouterManager pid=51733)[0m [Router ReqQueue] Req chatcmpl-8b6a04f8fbff43a9822e299735cba7c2 in_time: 683029.3153, out_time: 683034.1853, total wait time: 4.8700 seconds
[36m(RouterManager pid=51733)[0m [Router ReqQueue] Req chatcmpl-01c011040c3a4f6e8ae80aec8cbfb47e in_time: 683029.3187, out_time: 683034.1853, total wait time: 4.8666 seconds
[36m(RouterManager pid=51733)[0m [Router ReqQueue] Req chatcmpl-e3d1e63edf8841589350aae89934bee6 in_time: 683029.5350, out_time: 683034.1853, total wait time: 4.6503 seconds
[36m(RouterManager pid=51733)[0m [Router ReqQueue] Req chatcmpl-42a2de57a3ea416b8985659f5051ddf5 in_time: 683029.7167, out_time: 683034.1853, total wait time: 4.4686 seconds
[36m(RouterManager pid=51733)[0m [Router ReqQueue] Req chatcmpl-98efa930d66343b68b56056a5a8e173f in_time: 683029.8175, out_time: 683034.1853, total wait time: 4.3678 seconds
[36m(RouterManager pid=51733)[0m [Router ReqQueue] Req chatcmpl-e5c9d1c909584e6282ecb5ccbcbb62eb in_time: 683029.9484, out_time: 683034.1853, total wait time: 4.2369 seconds
[36m(RouterManager pid=51733)[0m [Router ReqQueue] Req chatcmpl-d5428827a1e544659c45ec88dbba25da in_time: 683029.9522, out_time: 683034.1853, total wait time: 4.2331 seconds
[36m(RouterManager pid=51733)[0m [Router ReqQueue] Req chatcmpl-de33f11ddeb84ef49c9a55644cf36bfc in_time: 683030.0544, out_time: 683034.1853, total wait time: 4.1310 seconds
[36m(RouterManager pid=51733)[0m [Router ReqQueue] Req chatcmpl-92811c8a776c450598350a82ecb6d74a in_time: 683030.1163, out_time: 683034.1853, total wait time: 4.0691 seconds
[36m(RouterManager pid=51733)[0m [Router ReqQueue] Req chatcmpl-42c59600f5094437ad6f96135d145f41 in_time: 683030.2454, out_time: 683034.1854, total wait time: 3.9399 seconds
[36m(RouterManager pid=51733)[0m [Router ReqQueue] Req chatcmpl-cef604fa6bb34aa992da4013dd353800 in_time: 683030.3211, out_time: 683034.1854, total wait time: 3.8643 seconds
[36m(RouterManager pid=51733)[0m [Router ReqQueue] Req chatcmpl-06a22dac35a841778989d87b4fb28568 in_time: 683030.3929, out_time: 683034.1854, total wait time: 3.7925 seconds
[36m(RouterManager pid=51733)[0m [Router ReqQueue] Req chatcmpl-16f34fa56eb7447cac96fb8c9957b293 in_time: 683030.5799, out_time: 683034.1854, total wait time: 3.6055 seconds
[36m(RouterManager pid=51733)[0m [Router ReqQueue] Req chatcmpl-2d161ffdf40e403ea42513b6fd8d4f74 in_time: 683030.8643, out_time: 683034.1854, total wait time: 3.3211 seconds
[36m(RouterManager pid=51733)[0m [Router ReqQueue] Req chatcmpl-c30f9b647102434ebfb69e076dc5bded in_time: 683030.8944, out_time: 683034.1854, total wait time: 3.2910 seconds
[36m(RouterManager pid=51733)[0m [Router ReqQueue] Req chatcmpl-6cf9ba9e47744870ae60362399d4e6c2 in_time: 683030.9560, out_time: 683034.1854, total wait time: 3.2294 seconds
[36m(RouterManager pid=51733)[0m [Router ReqQueue] Req chatcmpl-61504650fd244695be327b52b42bd1f2 in_time: 683031.1594, out_time: 683034.1854, total wait time: 3.0260 seconds
[36m(RouterManager pid=51733)[0m [Router ReqQueue] Req chatcmpl-8769cd5592554d92902ba27476e39476 in_time: 683031.6035, out_time: 683034.1855, total wait time: 2.5820 seconds
[36m(RouterManager pid=51733)[0m [Router ReqQueue] Req chatcmpl-a08db9c9898c40cf9631029025cbba03 in_time: 683031.6295, out_time: 683034.1855, total wait time: 2.5559 seconds
[36m(RouterManager pid=51733)[0m [Router ReqQueue] Req chatcmpl-1632343469bb432299ea421b7fab83e2 in_time: 683032.2444, out_time: 683034.1855, total wait time: 1.9410 seconds
[36m(RouterManager pid=51733)[0m [Router ReqQueue] Req chatcmpl-1eb20fe7b8104112be772720c3ba0245 in_time: 683032.6135, out_time: 683034.1855, total wait time: 1.5720 seconds
[36m(RouterManager pid=51733)[0m [Router ReqQueue] Req chatcmpl-283cdc0131914b7b97f79230b188a33e in_time: 683032.6636, out_time: 683034.1855, total wait time: 1.5219 seconds
[36m(RouterManager pid=51733)[0m [Router ReqQueue] Req chatcmpl-d0a23643c1e14f1787c0589d44dc13b1 in_time: 683032.8179, out_time: 683034.1855, total wait time: 1.3676 seconds
[36m(RouterManager pid=51733)[0m [Router ReqQueue] Req chatcmpl-2ec7762cc22340c782dcd6ba06d7fbaf in_time: 683033.0279, out_time: 683034.1855, total wait time: 1.1576 seconds
[36m(RouterManager pid=51733)[0m [Router ReqQueue] Req chatcmpl-d0a85c4519b4471da46289e5d1dbb594 in_time: 683033.0890, out_time: 683034.1855, total wait time: 1.0965 seconds
[36m(RouterManager pid=51733)[0m [Router ReqQueue] Req chatcmpl-a3e20f26feaa485c9b38026721cfb4ae in_time: 683033.6688, out_time: 683034.1855, total wait time: 0.5167 seconds
[36m(RouterManager pid=51733)[0m [Router ReqQueue] Req chatcmpl-a5914ac5ddb241de875659885db708da in_time: 683033.7480, out_time: 683034.1855, total wait time: 0.4375 seconds
[36m(RouterManager pid=51733)[0m [Router ReqQueue] Req chatcmpl-07cb16c803214ebbbdde726a4455c213 in_time: 683033.9282, out_time: 683034.1855, total wait time: 0.2573 seconds
[36m(RouterManager pid=51733)[0m [Loongserve manager] scheduling time: 132.70 ms
[36m(RouterManager pid=51733)[0m [Loongserve manager] prefill and decoding batch scheduling results:
[36m(RouterManager pid=51733)[0m     running decode batch id: 949d607f823d441381f72c9a57d31395, req num: 45, occupied instances: [0], batch_used_tokens_sum: 134022
[36m(RouterManager pid=51733)[0m     prefill batch id: a53100220e3a468da91cda2983f3786d, req num: 32, occupied instances: [2, 3, 1], batch_used_tokens_sum: 0
[36m(RouterManager pid=51733)[0m [Loongserve manager] running batch id: 949d607f823d441381f72c9a57d31395, req num: 18, occupied instances: [0], batch_used_tokens_sum: 38405
[36m(RouterManager pid=51733)[0m [Loongserve manager] running batch id: a53100220e3a468da91cda2983f3786d, req num: 32, occupied instances: [2], batch_used_tokens_sum: 99850
[36m(RouterManager pid=51733)[0m === RouterManager iteration 704 ===
[36m(RouterManager pid=51733)[0m self.req_queue.waiting_req_list length: 33
[36m(RouterManager pid=51733)[0m === RouterManager iteration 706 ===
[36m(RouterManager pid=51733)[0m self.req_queue.waiting_req_list length: 33
[36m(RouterManager pid=51733)[0m === RouterManager iteration 708 ===
[36m(RouterManager pid=51733)[0m self.req_queue.waiting_req_list length: 35
[36m(RouterManager pid=51733)[0m === RouterManager iteration 710 ===
[36m(RouterManager pid=51733)[0m self.req_queue.waiting_req_list length: 36
[36m(RouterManager pid=51733)[0m === RouterManager iteration 712 ===
[36m(RouterManager pid=51733)[0m self.req_queue.waiting_req_list length: 36
[36m(RouterManager pid=51733)[0m === RouterManager iteration 714 ===
[36m(RouterManager pid=51733)[0m self.req_queue.waiting_req_list length: 36
[36m(RouterManager pid=51733)[0m === RouterManager iteration 716 ===
[36m(RouterManager pid=51733)[0m self.req_queue.waiting_req_list length: 36
[36m(RouterManager pid=51733)[0m === RouterManager iteration 718 ===
[36m(RouterManager pid=51733)[0m self.req_queue.waiting_req_list length: 36
[36m(RouterManager pid=51733)[0m === RouterManager iteration 720 ===
[36m(RouterManager pid=51733)[0m self.req_queue.waiting_req_list length: 36
[36m(RouterManager pid=51733)[0m === RouterManager iteration 722 ===
[36m(RouterManager pid=51733)[0m self.req_queue.waiting_req_list length: 36
[36m(RouterManager pid=51733)[0m === RouterManager iteration 724 ===
[36m(RouterManager pid=51733)[0m self.req_queue.waiting_req_list length: 37
[36m(RouterManager pid=51733)[0m [Router ReqQueue] Req chatcmpl-9c8c950669d44f768e36088a9f99e302 in_time: 683033.0614, out_time: 683039.4537, total wait time: 6.3924 seconds
[36m(RouterManager pid=51733)[0m [Router ReqQueue] Req chatcmpl-51e032ca4e544300bb679c56ff2ba37e in_time: 683033.4243, out_time: 683039.4538, total wait time: 6.0295 seconds
[36m(RouterManager pid=51733)[0m [Router ReqQueue] Req chatcmpl-792001e204ab4d8eb49715e1084b503f in_time: 683034.0862, out_time: 683039.4538, total wait time: 5.3676 seconds
[36m(RouterManager pid=51733)[0m [Router ReqQueue] Req chatcmpl-76a7dc5a23ea463184163fb6c67ea86d in_time: 683034.3331, out_time: 683039.4538, total wait time: 5.1207 seconds
[36m(RouterManager pid=51733)[0m [Router ReqQueue] Req chatcmpl-c332b7bc44894dc783d13f15613bd291 in_time: 683034.4519, out_time: 683039.4538, total wait time: 5.0019 seconds
[36m(RouterManager pid=51733)[0m [Router ReqQueue] Req chatcmpl-890c0156e42c4cd18af097163f369f79 in_time: 683034.5097, out_time: 683039.4538, total wait time: 4.9441 seconds
[36m(RouterManager pid=51733)[0m [Router ReqQueue] Req chatcmpl-786d52337d6d45bf84c0beb817eb2432 in_time: 683034.5336, out_time: 683039.4538, total wait time: 4.9202 seconds
[36m(RouterManager pid=51733)[0m [Router ReqQueue] Req chatcmpl-f724becfe8e34ea78a3aad2841ec1ee6 in_time: 683034.5936, out_time: 683039.4538, total wait time: 4.8602 seconds
[36m(RouterManager pid=51733)[0m [Router ReqQueue] Req chatcmpl-e8cd23a930794476aacfba14ddd7e207 in_time: 683034.6145, out_time: 683039.4539, total wait time: 4.8393 seconds
[36m(RouterManager pid=51733)[0m [Router ReqQueue] Req chatcmpl-6c0bd077df044a72aed83924bc859a6e in_time: 683034.6660, out_time: 683039.4539, total wait time: 4.7878 seconds
[36m(RouterManager pid=51733)[0m [Router ReqQueue] Req chatcmpl-c8f44d622296440da05116efc4eada69 in_time: 683034.7866, out_time: 683039.4539, total wait time: 4.6673 seconds
[36m(RouterManager pid=51733)[0m [Router ReqQueue] Req chatcmpl-98cd22d6e55f4c898c96600869f200d2 in_time: 683034.9022, out_time: 683039.4539, total wait time: 4.5517 seconds
[36m(RouterManager pid=51733)[0m [Router ReqQueue] Req chatcmpl-2c4216b081694f9585a225b9b43582c0 in_time: 683034.9177, out_time: 683039.4539, total wait time: 4.5362 seconds
[36m(RouterManager pid=51733)[0m [Router ReqQueue] Req chatcmpl-f4a9e2c9f9974cfd8320679ca7631606 in_time: 683035.1001, out_time: 683039.4539, total wait time: 4.3538 seconds
[36m(RouterManager pid=51733)[0m [Router ReqQueue] Req chatcmpl-57d96a8ef4cb4790afc6f1063d5742fc in_time: 683035.1623, out_time: 683039.4539, total wait time: 4.2916 seconds
[36m(RouterManager pid=51733)[0m [Router ReqQueue] Req chatcmpl-9faccca039374a80bb416bf5ad623e57 in_time: 683035.5809, out_time: 683039.4539, total wait time: 3.8730 seconds
[36m(RouterManager pid=51733)[0m [Router ReqQueue] Req chatcmpl-e2e75863c1214ae382b7746d75756225 in_time: 683036.0222, out_time: 683039.4539, total wait time: 3.4318 seconds
[36m(RouterManager pid=51733)[0m [Router ReqQueue] Req chatcmpl-e4a7ce36a7d6452d96109ce1443427eb in_time: 683036.1232, out_time: 683039.4539, total wait time: 3.3307 seconds
[36m(RouterManager pid=51733)[0m [Router ReqQueue] Req chatcmpl-594c5bb59f20497bbee24a5e34e7e8af in_time: 683036.2031, out_time: 683039.4539, total wait time: 3.2508 seconds
[36m(RouterManager pid=51733)[0m [Router ReqQueue] Req chatcmpl-ef45d65e06f5437daa0a4f4b8dfc7c0f in_time: 683036.3553, out_time: 683039.4540, total wait time: 3.0986 seconds
[36m(RouterManager pid=51733)[0m [Router ReqQueue] Req chatcmpl-3deaf82cb89a4dccac7748bbbd05ec64 in_time: 683036.5893, out_time: 683039.4540, total wait time: 2.8647 seconds
[36m(RouterManager pid=51733)[0m [Router ReqQueue] Req chatcmpl-326d9a0b08904bf39dc69134639a40b5 in_time: 683036.9908, out_time: 683039.4540, total wait time: 2.4632 seconds
[36m(RouterManager pid=51733)[0m [Router ReqQueue] Req chatcmpl-b553aaaefc7541108bd2cb752d778df8 in_time: 683037.1516, out_time: 683039.4540, total wait time: 2.3024 seconds
[36m(RouterManager pid=51733)[0m [Router ReqQueue] Req chatcmpl-a3ab4753fd194b85981ec9004c76cbb8 in_time: 683037.2125, out_time: 683039.4540, total wait time: 2.2415 seconds
[36m(RouterManager pid=51733)[0m [Router ReqQueue] Req chatcmpl-83b7ec13c21a4e9b8351689a42bcc0a0 in_time: 683037.5047, out_time: 683039.4540, total wait time: 1.9493 seconds
[36m(RouterManager pid=51733)[0m [Router ReqQueue] Req chatcmpl-afc5582b07c84900ba860a407cce3b1e in_time: 683037.5241, out_time: 683039.4540, total wait time: 1.9299 seconds
[36m(RouterManager pid=51733)[0m [Router ReqQueue] Req chatcmpl-9f409e0df2b44c28b5743b9a66d00a65 in_time: 683037.6374, out_time: 683039.4540, total wait time: 1.8166 seconds
[36m(RouterManager pid=51733)[0m [Router ReqQueue] Req chatcmpl-77ac06e4ea544cb9bd321547ab6efe89 in_time: 683037.8311, out_time: 683039.4540, total wait time: 1.6229 seconds
[36m(RouterManager pid=51733)[0m [Router ReqQueue] Req chatcmpl-700e9631d41a454fb72b762487bfc8ca in_time: 683038.5027, out_time: 683039.4540, total wait time: 0.9513 seconds
[36m(RouterManager pid=51733)[0m [Router ReqQueue] Req chatcmpl-f2809af60a5044fbb7a37b682e5046df in_time: 683038.5558, out_time: 683039.4540, total wait time: 0.8982 seconds
[36m(RouterManager pid=51733)[0m [Router ReqQueue] Req chatcmpl-a5b6cdb8507240ebb93d556e9a10a6a7 in_time: 683038.7778, out_time: 683039.4541, total wait time: 0.6763 seconds
[36m(RouterManager pid=51733)[0m [Loongserve manager] scheduling time: 73.96 ms
[36m(RouterManager pid=51733)[0m [Loongserve manager] prefill and decoding batch scheduling results:
[36m(RouterManager pid=51733)[0m     running decode batch id: a53100220e3a468da91cda2983f3786d, req num: 50, occupied instances: [2], batch_used_tokens_sum: 138755
[36m(RouterManager pid=51733)[0m     prefill batch id: 53b83a21309744268b48158c67aefe8f, req num: 31, occupied instances: [1, 3, 0], batch_used_tokens_sum: 0
[36m(RouterManager pid=51733)[0m [Loongserve manager] running batch id: a53100220e3a468da91cda2983f3786d, req num: 29, occupied instances: [2], batch_used_tokens_sum: 44857
[36m(RouterManager pid=51733)[0m [Loongserve manager] running batch id: 53b83a21309744268b48158c67aefe8f, req num: 31, occupied instances: [1], batch_used_tokens_sum: 94905
[36m(RouterManager pid=51733)[0m === RouterManager iteration 726 ===
[36m(RouterManager pid=51733)[0m self.req_queue.waiting_req_list length: 31
[36m(RouterManager pid=51733)[0m === RouterManager iteration 728 ===
[36m(RouterManager pid=51733)[0m self.req_queue.waiting_req_list length: 32
[36m(RouterManager pid=51733)[0m === RouterManager iteration 730 ===
[36m(RouterManager pid=51733)[0m self.req_queue.waiting_req_list length: 33
[36m(RouterManager pid=51733)[0m === RouterManager iteration 732 ===
[36m(RouterManager pid=51733)[0m self.req_queue.waiting_req_list length: 34
[36m(RouterManager pid=51733)[0m === RouterManager iteration 734 ===
[36m(RouterManager pid=51733)[0m self.req_queue.waiting_req_list length: 35
[36m(RouterManager pid=51733)[0m === RouterManager iteration 736 ===
[36m(RouterManager pid=51733)[0m self.req_queue.waiting_req_list length: 35
[36m(RouterManager pid=51733)[0m === RouterManager iteration 738 ===
[36m(RouterManager pid=51733)[0m self.req_queue.waiting_req_list length: 35
[36m(RouterManager pid=51733)[0m === RouterManager iteration 740 ===
[36m(RouterManager pid=51733)[0m self.req_queue.waiting_req_list length: 35
[36m(RouterManager pid=51733)[0m === RouterManager iteration 742 ===
[36m(RouterManager pid=51733)[0m self.req_queue.waiting_req_list length: 35
[36m(RouterManager pid=51733)[0m === RouterManager iteration 744 ===
[36m(RouterManager pid=51733)[0m self.req_queue.waiting_req_list length: 35
[36m(RouterManager pid=51733)[0m === RouterManager iteration 746 ===
[36m(RouterManager pid=51733)[0m self.req_queue.waiting_req_list length: 35
[36m(RouterManager pid=51733)[0m [Router ReqQueue] Req chatcmpl-0ec3313b93f6402181e56a19537124c3 in_time: 683038.8739, out_time: 683044.3555, total wait time: 5.4816 seconds
[36m(RouterManager pid=51733)[0m [Router ReqQueue] Req chatcmpl-6a7cadd83d6e4651ad7ced2d59c9292f in_time: 683038.9567, out_time: 683044.3555, total wait time: 5.3988 seconds
[36m(RouterManager pid=51733)[0m [Router ReqQueue] Req chatcmpl-44c604e5744549a69f25734a2e32f22a in_time: 683039.1238, out_time: 683044.3555, total wait time: 5.2317 seconds
[36m(RouterManager pid=51733)[0m [Router ReqQueue] Req chatcmpl-21ccf50f71e445c390317cb370c430ec in_time: 683039.1375, out_time: 683044.3555, total wait time: 5.2180 seconds
[36m(RouterManager pid=51733)[0m [Router ReqQueue] Req chatcmpl-2be9c69d1c25479f8458e74938407f7a in_time: 683039.1768, out_time: 683044.3555, total wait time: 5.1787 seconds
[36m(RouterManager pid=51733)[0m [Router ReqQueue] Req chatcmpl-df47a4ee895f48ceaab140b9113c598c in_time: 683039.4157, out_time: 683044.3555, total wait time: 4.9398 seconds
[36m(RouterManager pid=51733)[0m [Router ReqQueue] Req chatcmpl-e3d5c722757d410bb54058e4960ad953 in_time: 683039.4573, out_time: 683044.3555, total wait time: 4.8982 seconds
[36m(RouterManager pid=51733)[0m [Router ReqQueue] Req chatcmpl-aafb7ee0c1c94ce2aace1e6887ad146f in_time: 683039.5366, out_time: 683044.3556, total wait time: 4.8190 seconds
[36m(RouterManager pid=51733)[0m [Router ReqQueue] Req chatcmpl-8581adcdaf124fc3af9d34f5f4ac4147 in_time: 683039.6606, out_time: 683044.3556, total wait time: 4.6950 seconds
[36m(RouterManager pid=51733)[0m [Router ReqQueue] Req chatcmpl-37e4de47ae56499da66560ef91d41687 in_time: 683039.6903, out_time: 683044.3556, total wait time: 4.6653 seconds
[36m(RouterManager pid=51733)[0m [Router ReqQueue] Req chatcmpl-fde505e79fd54f2498b6a03bddc98150 in_time: 683039.8437, out_time: 683044.3556, total wait time: 4.5119 seconds
[36m(RouterManager pid=51733)[0m [Router ReqQueue] Req chatcmpl-4a2a6b2afaba42aab22f6c3528842e95 in_time: 683039.9876, out_time: 683044.3556, total wait time: 4.3680 seconds
[36m(RouterManager pid=51733)[0m [Router ReqQueue] Req chatcmpl-aeba4694710048fd88fe5b20cf5b3113 in_time: 683040.0030, out_time: 683044.3556, total wait time: 4.3526 seconds
[36m(RouterManager pid=51733)[0m [Router ReqQueue] Req chatcmpl-67e338a249574d579c10e0e060e08205 in_time: 683040.1897, out_time: 683044.3556, total wait time: 4.1659 seconds
[36m(RouterManager pid=51733)[0m [Router ReqQueue] Req chatcmpl-967df778e1724712a21a6dbe76f0ec42 in_time: 683041.1525, out_time: 683044.3556, total wait time: 3.2031 seconds
[36m(RouterManager pid=51733)[0m [Router ReqQueue] Req chatcmpl-7dd91e28be9f482fb9495b5b447797b4 in_time: 683041.1954, out_time: 683044.3556, total wait time: 3.1602 seconds
[36m(RouterManager pid=51733)[0m [Router ReqQueue] Req chatcmpl-3a50aa29474c4c9c8448a8ee2b189a57 in_time: 683041.2494, out_time: 683044.3556, total wait time: 3.1063 seconds
[36m(RouterManager pid=51733)[0m [Router ReqQueue] Req chatcmpl-c9eb3a14d6444c7f81bd3e53e56cb5a0 in_time: 683041.3338, out_time: 683044.3556, total wait time: 3.0219 seconds
[36m(RouterManager pid=51733)[0m [Router ReqQueue] Req chatcmpl-539e52ded0344e38ab8568ee4e69b10f in_time: 683041.8275, out_time: 683044.3557, total wait time: 2.5281 seconds
[36m(RouterManager pid=51733)[0m [Loongserve manager] scheduling time: 152.08 ms
[36m(RouterManager pid=51733)[0m [Loongserve manager] prefill and decoding batch scheduling results:
[36m(RouterManager pid=51733)[0m     running decode batch id: 53b83a21309744268b48158c67aefe8f, req num: 60, occupied instances: [1], batch_used_tokens_sum: 140362
[36m(RouterManager pid=51733)[0m     prefill batch id: 7eb3ec1af3904843a28dc6e412d3c584, req num: 19, occupied instances: [0, 3, 2], batch_used_tokens_sum: 0
[36m(RouterManager pid=51733)[0m [Loongserve manager] running batch id: 53b83a21309744268b48158c67aefe8f, req num: 29, occupied instances: [1], batch_used_tokens_sum: 59499
[36m(RouterManager pid=51733)[0m [Loongserve manager] running batch id: 7eb3ec1af3904843a28dc6e412d3c584, req num: 19, occupied instances: [0], batch_used_tokens_sum: 99192
[36m(RouterManager pid=51733)[0m === RouterManager iteration 748 ===
[36m(RouterManager pid=51733)[0m self.req_queue.waiting_req_list length: 52
[36m(RouterManager pid=51733)[0m === RouterManager iteration 750 ===
[36m(RouterManager pid=51733)[0m self.req_queue.waiting_req_list length: 52
[36m(RouterManager pid=51733)[0m === RouterManager iteration 752 ===
[36m(RouterManager pid=51733)[0m self.req_queue.waiting_req_list length: 52
[36m(RouterManager pid=51733)[0m === RouterManager iteration 754 ===
[36m(RouterManager pid=51733)[0m self.req_queue.waiting_req_list length: 52
[36m(RouterManager pid=51733)[0m === RouterManager iteration 756 ===
[36m(RouterManager pid=51733)[0m self.req_queue.waiting_req_list length: 52
[36m(RouterManager pid=51733)[0m === RouterManager iteration 758 ===
[36m(RouterManager pid=51733)[0m self.req_queue.waiting_req_list length: 53
[36m(RouterManager pid=51733)[0m === RouterManager iteration 760 ===
[36m(RouterManager pid=51733)[0m self.req_queue.waiting_req_list length: 53
[36m(RouterManager pid=51733)[0m === RouterManager iteration 762 ===
[36m(RouterManager pid=51733)[0m self.req_queue.waiting_req_list length: 53
[36m(RouterManager pid=51733)[0m === RouterManager iteration 764 ===
[36m(RouterManager pid=51733)[0m self.req_queue.waiting_req_list length: 53
[36m(RouterManager pid=51733)[0m === RouterManager iteration 766 ===
[36m(RouterManager pid=51733)[0m self.req_queue.waiting_req_list length: 53
[36m(RouterManager pid=51733)[0m === RouterManager iteration 768 ===
[36m(RouterManager pid=51733)[0m self.req_queue.waiting_req_list length: 53
[36m(RouterManager pid=51733)[0m [Router ReqQueue] Req chatcmpl-05ffbcc78bcb4ad8a5bf46e795e24c3f in_time: 683041.5080, out_time: 683049.7495, total wait time: 8.2415 seconds
[36m(RouterManager pid=51733)[0m [Router ReqQueue] Req chatcmpl-7cf2da5700cb44a49f006f8e71cd02da in_time: 683041.8496, out_time: 683049.7495, total wait time: 7.9000 seconds
[36m(RouterManager pid=51733)[0m [Router ReqQueue] Req chatcmpl-ed4a0dd3d7e249318ca2eacdc1b461c6 in_time: 683042.0237, out_time: 683049.7495, total wait time: 7.7258 seconds
[36m(RouterManager pid=51733)[0m [Router ReqQueue] Req chatcmpl-00fb1b6c680249c89f2af621d2a3ae4d in_time: 683042.4199, out_time: 683049.7496, total wait time: 7.3297 seconds
[36m(RouterManager pid=51733)[0m [Router ReqQueue] Req chatcmpl-c3ba55c1eb964b028541d01198cbfef5 in_time: 683042.4736, out_time: 683049.7496, total wait time: 7.2760 seconds
[36m(RouterManager pid=51733)[0m [Router ReqQueue] Req chatcmpl-b609b3b87d084172936bd53ac929c984 in_time: 683042.7938, out_time: 683049.7496, total wait time: 6.9557 seconds
[36m(RouterManager pid=51733)[0m [Router ReqQueue] Req chatcmpl-ebafb15bb41c41ae99511300ada925fe in_time: 683043.0994, out_time: 683049.7496, total wait time: 6.6501 seconds
[36m(RouterManager pid=51733)[0m [Router ReqQueue] Req chatcmpl-7e2aec19163346f8bd2d3490ee227b5a in_time: 683043.4133, out_time: 683049.7496, total wait time: 6.3363 seconds
[36m(RouterManager pid=51733)[0m [Router ReqQueue] Req chatcmpl-64cde2de76714cf28c5555848d4f3f35 in_time: 683043.5939, out_time: 683049.7496, total wait time: 6.1557 seconds
[36m(RouterManager pid=51733)[0m [Router ReqQueue] Req chatcmpl-ecb9c0be2f6b4c97babdd82075906a5b in_time: 683043.7371, out_time: 683049.7496, total wait time: 6.0125 seconds
[36m(RouterManager pid=51733)[0m [Router ReqQueue] Req chatcmpl-c422f98277e948ceb9887a4d28ec3768 in_time: 683043.7404, out_time: 683049.7496, total wait time: 6.0092 seconds
[36m(RouterManager pid=51733)[0m [Router ReqQueue] Req chatcmpl-8458f870fe5c4ee5a608bc5696240642 in_time: 683043.9194, out_time: 683049.7496, total wait time: 5.8302 seconds
[36m(RouterManager pid=51733)[0m [Router ReqQueue] Req chatcmpl-657f6f379ac9494c89eeb75069ad0d68 in_time: 683043.9959, out_time: 683049.7496, total wait time: 5.7537 seconds
[36m(RouterManager pid=51733)[0m [Router ReqQueue] Req chatcmpl-0be07675975a4b5d9da9e4c0b8dc798d in_time: 683044.0484, out_time: 683049.7496, total wait time: 5.7013 seconds
[36m(RouterManager pid=51733)[0m [Router ReqQueue] Req chatcmpl-70062c788e2a4d7da4ce5dcb92d296f6 in_time: 683044.0619, out_time: 683049.7497, total wait time: 5.6878 seconds
[36m(RouterManager pid=51733)[0m [Router ReqQueue] Req chatcmpl-0886fd9f2ffb47b6b5b94bd364bd667e in_time: 683044.1279, out_time: 683049.7497, total wait time: 5.6217 seconds
[36m(RouterManager pid=51733)[0m [Router ReqQueue] Req chatcmpl-d586f9856f7e48eb8dc688ffff74c283 in_time: 683044.3663, out_time: 683049.7497, total wait time: 5.3834 seconds
[36m(RouterManager pid=51733)[0m [Router ReqQueue] Req chatcmpl-ec441395bc3847d5a9b66506d3ade397 in_time: 683044.4121, out_time: 683049.7497, total wait time: 5.3376 seconds
[36m(RouterManager pid=51733)[0m [Router ReqQueue] Req chatcmpl-6f172fe72d2a4306ad89683ffd297879 in_time: 683044.7168, out_time: 683049.7497, total wait time: 5.0329 seconds
[36m(RouterManager pid=51733)[0m [Router ReqQueue] Req chatcmpl-57451b1ca7c04d16a2cc4494f4ef80f0 in_time: 683045.0522, out_time: 683049.7497, total wait time: 4.6975 seconds
[36m(RouterManager pid=51733)[0m [Router ReqQueue] Req chatcmpl-1fe5f8d0eb9749ea8565312d4e3f7a36 in_time: 683045.0864, out_time: 683049.7497, total wait time: 4.6633 seconds
[36m(RouterManager pid=51733)[0m [Router ReqQueue] Req chatcmpl-e7ae694661d941e98dc179fe20863c31 in_time: 683045.1455, out_time: 683049.7497, total wait time: 4.6042 seconds
[36m(RouterManager pid=51733)[0m [Loongserve manager] scheduling time: 194.10 ms
[36m(RouterManager pid=51733)[0m [Loongserve manager] prefill and decoding batch scheduling results:
[36m(RouterManager pid=51733)[0m     running decode batch id: 7eb3ec1af3904843a28dc6e412d3c584, req num: 48, occupied instances: [0], batch_used_tokens_sum: 159171
[36m(RouterManager pid=51733)[0m     prefill batch id: 3a2bc093083648979471839ec7e84a7d, req num: 22, occupied instances: [2, 3, 1], batch_used_tokens_sum: 0
[36m(RouterManager pid=51733)[0m [Loongserve manager] running batch id: 7eb3ec1af3904843a28dc6e412d3c584, req num: 16, occupied instances: [0], batch_used_tokens_sum: 42655
[36m(RouterManager pid=51733)[0m [Loongserve manager] running batch id: 3a2bc093083648979471839ec7e84a7d, req num: 22, occupied instances: [2], batch_used_tokens_sum: 99129
[36m(RouterManager pid=51733)[0m === RouterManager iteration 770 ===
[36m(RouterManager pid=51733)[0m self.req_queue.waiting_req_list length: 50
[36m(RouterManager pid=51733)[0m === RouterManager iteration 772 ===
[36m(RouterManager pid=51733)[0m self.req_queue.waiting_req_list length: 50
[36m(RouterManager pid=51733)[0m === RouterManager iteration 774 ===
[36m(RouterManager pid=51733)[0m self.req_queue.waiting_req_list length: 50
[36m(RouterManager pid=51733)[0m === RouterManager iteration 776 ===
[36m(RouterManager pid=51733)[0m self.req_queue.waiting_req_list length: 50
[36m(RouterManager pid=51733)[0m === RouterManager iteration 778 ===
[36m(RouterManager pid=51733)[0m self.req_queue.waiting_req_list length: 50
[36m(RouterManager pid=51733)[0m === RouterManager iteration 780 ===
[36m(RouterManager pid=51733)[0m self.req_queue.waiting_req_list length: 50
[36m(RouterManager pid=51733)[0m === RouterManager iteration 782 ===
[36m(RouterManager pid=51733)[0m self.req_queue.waiting_req_list length: 50
[36m(RouterManager pid=51733)[0m === RouterManager iteration 784 ===
[36m(RouterManager pid=51733)[0m self.req_queue.waiting_req_list length: 50
[36m(RouterManager pid=51733)[0m === RouterManager iteration 786 ===
[36m(RouterManager pid=51733)[0m self.req_queue.waiting_req_list length: 50
[36m(RouterManager pid=51733)[0m === RouterManager iteration 788 ===
[36m(RouterManager pid=51733)[0m self.req_queue.waiting_req_list length: 50
[36m(RouterManager pid=51733)[0m === RouterManager iteration 790 ===
[36m(RouterManager pid=51733)[0m self.req_queue.waiting_req_list length: 50
[36m(RouterManager pid=51733)[0m [Router ReqQueue] Req chatcmpl-6a62cb3b095f4b07b2cd9eb564d4f6e8 in_time: 683045.3763, out_time: 683055.0277, total wait time: 9.6514 seconds
[36m(RouterManager pid=51733)[0m [Router ReqQueue] Req chatcmpl-33ae9e615aca4aa0ae21d2dd2c10a101 in_time: 683045.3795, out_time: 683055.0277, total wait time: 9.6483 seconds
[36m(RouterManager pid=51733)[0m [Router ReqQueue] Req chatcmpl-7e5e2f71b3f041d0aa2961410f69e623 in_time: 683045.7213, out_time: 683055.0277, total wait time: 9.3064 seconds
[36m(RouterManager pid=51733)[0m [Router ReqQueue] Req chatcmpl-22a79fa10b8e45669ed560c62dd0b196 in_time: 683045.8126, out_time: 683055.0277, total wait time: 9.2152 seconds
[36m(RouterManager pid=51733)[0m [Router ReqQueue] Req chatcmpl-d6b787f699b247cd8c02d532de540ae3 in_time: 683045.9117, out_time: 683055.0277, total wait time: 9.1160 seconds
[36m(RouterManager pid=51733)[0m [Router ReqQueue] Req chatcmpl-863bab05554e4729a9d5cff1a387a60c in_time: 683046.1345, out_time: 683055.0277, total wait time: 8.8933 seconds
[36m(RouterManager pid=51733)[0m [Router ReqQueue] Req chatcmpl-7c4f548bf0404614b1c402da3251eccf in_time: 683046.1428, out_time: 683055.0278, total wait time: 8.8849 seconds
[36m(RouterManager pid=51733)[0m [Router ReqQueue] Req chatcmpl-6d160896aa244081915d75a31f83a02d in_time: 683046.1750, out_time: 683055.0278, total wait time: 8.8528 seconds
[36m(RouterManager pid=51733)[0m [Router ReqQueue] Req chatcmpl-effbc6169439439792c885c9b9f6c7d2 in_time: 683046.1806, out_time: 683055.0278, total wait time: 8.8472 seconds
[36m(RouterManager pid=51733)[0m [Router ReqQueue] Req chatcmpl-06d31f28b09f434d8e649f907a1cc902 in_time: 683046.6755, out_time: 683055.0278, total wait time: 8.3523 seconds
[36m(RouterManager pid=51733)[0m [Router ReqQueue] Req chatcmpl-b0a534cc9f124d5d9a417c349b7a1f84 in_time: 683046.7162, out_time: 683055.0278, total wait time: 8.3116 seconds
[36m(RouterManager pid=51733)[0m [Router ReqQueue] Req chatcmpl-01cd43c5a5b949fd9bc3d079419b6c1c in_time: 683046.8116, out_time: 683055.0278, total wait time: 8.2162 seconds
[36m(RouterManager pid=51733)[0m [Router ReqQueue] Req chatcmpl-291100fafa7a46da8fb5301bb081ffbc in_time: 683046.9641, out_time: 683055.0278, total wait time: 8.0637 seconds
[36m(RouterManager pid=51733)[0m [Router ReqQueue] Req chatcmpl-cf614380bf4f4181b7832684205e77a2 in_time: 683047.1010, out_time: 683055.0278, total wait time: 7.9269 seconds
[36m(RouterManager pid=51733)[0m [Router ReqQueue] Req chatcmpl-3477ab661fd54bfa9293d11d18f6431f in_time: 683047.3047, out_time: 683055.0278, total wait time: 7.7231 seconds
[36m(RouterManager pid=51733)[0m [Router ReqQueue] Req chatcmpl-4754fd76c39d4ccb88a29ffb40647e2b in_time: 683047.4930, out_time: 683055.0278, total wait time: 7.5349 seconds
[36m(RouterManager pid=51733)[0m [Router ReqQueue] Req chatcmpl-0512306b194440cc982af896550bb67c in_time: 683047.7565, out_time: 683055.0283, total wait time: 7.2718 seconds
[36m(RouterManager pid=51733)[0m [Router ReqQueue] Req chatcmpl-3693fcbde65c401ca34bb2023680ecf4 in_time: 683047.8007, out_time: 683055.0283, total wait time: 7.2276 seconds
[36m(RouterManager pid=51733)[0m [Router ReqQueue] Req chatcmpl-a79cc4b3dc7747cbb17f064e5ceda9d5 in_time: 683048.0228, out_time: 683055.0283, total wait time: 7.0055 seconds
[36m(RouterManager pid=51733)[0m [Router ReqQueue] Req chatcmpl-78fb3a6bf82e44caa7ed83b0508a459f in_time: 683048.1041, out_time: 683055.0283, total wait time: 6.9242 seconds
[36m(RouterManager pid=51733)[0m [Router ReqQueue] Req chatcmpl-5c0f25b6017e423ea6d7003f7dd0dd4b in_time: 683048.1052, out_time: 683055.0283, total wait time: 6.9231 seconds
[36m(RouterManager pid=51733)[0m [Router ReqQueue] Req chatcmpl-3cee1f96cc4f43d9a2043a11528b3853 in_time: 683048.2236, out_time: 683055.0283, total wait time: 6.8047 seconds
[36m(RouterManager pid=51733)[0m [Router ReqQueue] Req chatcmpl-cfbcdebfca9247d78d3f7cecba18dacb in_time: 683048.3640, out_time: 683055.0283, total wait time: 6.6644 seconds
[36m(RouterManager pid=51733)[0m [Router ReqQueue] Req chatcmpl-4baf3139f9464f658ee08173afe62803 in_time: 683048.4425, out_time: 683055.0284, total wait time: 6.5858 seconds
[36m(RouterManager pid=51733)[0m [Router ReqQueue] Req chatcmpl-71d5221996424d3c8a10f3bbee7651b5 in_time: 683048.4548, out_time: 683055.0284, total wait time: 6.5736 seconds
[36m(RouterManager pid=51733)[0m [Router ReqQueue] Req chatcmpl-9cc945e7b78e40fa986676dfefa5f9b6 in_time: 683048.4573, out_time: 683055.0284, total wait time: 6.5710 seconds
[36m(RouterManager pid=51733)[0m [Router ReqQueue] Req chatcmpl-24b8ea989b9b48d7a75226e9ad9e4472 in_time: 683048.6125, out_time: 683055.0284, total wait time: 6.4158 seconds
[36m(RouterManager pid=51733)[0m [Router ReqQueue] Req chatcmpl-03c973f5a6ba45598070697082470091 in_time: 683049.1285, out_time: 683055.0284, total wait time: 5.8999 seconds
[36m(RouterManager pid=51733)[0m [Router ReqQueue] Req chatcmpl-37f175bef0e14d009e29df906098701d in_time: 683049.2804, out_time: 683055.0284, total wait time: 5.7480 seconds
[36m(RouterManager pid=51733)[0m [Router ReqQueue] Req chatcmpl-34ed0cd121fd42ff89815c6355e7aaea in_time: 683049.5510, out_time: 683055.0284, total wait time: 5.4774 seconds
[36m(RouterManager pid=51733)[0m [Router ReqQueue] Req chatcmpl-cf81ccb3c72f4849b7b2cdfcff854901 in_time: 683049.9382, out_time: 683055.0284, total wait time: 5.0902 seconds
[36m(RouterManager pid=51733)[0m [Router ReqQueue] Req chatcmpl-c8f5117495964bb1bdbdc728790e23c6 in_time: 683050.3357, out_time: 683055.0284, total wait time: 4.6927 seconds
[36m(RouterManager pid=51733)[0m [Loongserve manager] scheduling time: 79.07 ms
[36m(RouterManager pid=51733)[0m [Loongserve manager] prefill and decoding batch scheduling results:
[36m(RouterManager pid=51733)[0m     running decode batch id: 3a2bc093083648979471839ec7e84a7d, req num: 38, occupied instances: [2], batch_used_tokens_sum: 142164
[36m(RouterManager pid=51733)[0m     prefill batch id: eb7061109b274ecf82ced564967c8579, req num: 32, occupied instances: [1, 3, 0], batch_used_tokens_sum: 0
[36m(RouterManager pid=51733)[0m [Loongserve manager] running batch id: 3a2bc093083648979471839ec7e84a7d, req num: 20, occupied instances: [2], batch_used_tokens_sum: 62583
[36m(RouterManager pid=51733)[0m [Loongserve manager] running batch id: eb7061109b274ecf82ced564967c8579, req num: 32, occupied instances: [1], batch_used_tokens_sum: 99851
[36m(RouterManager pid=51733)[0m === RouterManager iteration 792 ===
[36m(RouterManager pid=51733)[0m self.req_queue.waiting_req_list length: 48
[36m(RouterManager pid=51733)[0m === RouterManager iteration 794 ===
[36m(RouterManager pid=51733)[0m self.req_queue.waiting_req_list length: 48
[36m(RouterManager pid=51733)[0m === RouterManager iteration 796 ===
[36m(RouterManager pid=51733)[0m self.req_queue.waiting_req_list length: 48
[36m(RouterManager pid=51733)[0m === RouterManager iteration 798 ===
[36m(RouterManager pid=51733)[0m self.req_queue.waiting_req_list length: 49
[36m(RouterManager pid=51733)[0m === RouterManager iteration 800 ===
[36m(RouterManager pid=51733)[0m self.req_queue.waiting_req_list length: 49
[36m(RouterManager pid=51733)[0m === RouterManager iteration 802 ===
[36m(RouterManager pid=51733)[0m self.req_queue.waiting_req_list length: 49
[36m(RouterManager pid=51733)[0m === RouterManager iteration 804 ===
[36m(RouterManager pid=51733)[0m self.req_queue.waiting_req_list length: 49
[36m(RouterManager pid=51733)[0m === RouterManager iteration 806 ===
[36m(RouterManager pid=51733)[0m self.req_queue.waiting_req_list length: 50
[36m(RouterManager pid=51733)[0m === RouterManager iteration 808 ===
[36m(RouterManager pid=51733)[0m self.req_queue.waiting_req_list length: 50
[36m(RouterManager pid=51733)[0m === RouterManager iteration 810 ===
[36m(RouterManager pid=51733)[0m self.req_queue.waiting_req_list length: 50
[36m(RouterManager pid=51733)[0m === RouterManager iteration 812 ===
[36m(RouterManager pid=51733)[0m self.req_queue.waiting_req_list length: 50
[36m(RouterManager pid=51733)[0m [Router ReqQueue] Req chatcmpl-3079b0206fca441b898d9d6cfa6bf677 in_time: 683048.6815, out_time: 683060.2334, total wait time: 11.5519 seconds
[36m(RouterManager pid=51733)[0m [Router ReqQueue] Req chatcmpl-c8735e5f36024ec682bc481801d7447d in_time: 683049.9711, out_time: 683060.2335, total wait time: 10.2624 seconds
[36m(RouterManager pid=51733)[0m [Router ReqQueue] Req chatcmpl-d70e3f2ad1804bfc84da01a0f10eed71 in_time: 683050.0166, out_time: 683060.2335, total wait time: 10.2168 seconds
[36m(RouterManager pid=51733)[0m [Router ReqQueue] Req chatcmpl-28627b1bf53045d3b541fd09747d4c85 in_time: 683050.1786, out_time: 683060.2335, total wait time: 10.0549 seconds
[36m(RouterManager pid=51733)[0m [Router ReqQueue] Req chatcmpl-f1ce7a011950468f900c4118e82b13af in_time: 683050.4749, out_time: 683060.2335, total wait time: 9.7586 seconds
[36m(RouterManager pid=51733)[0m [Router ReqQueue] Req chatcmpl-f38ecdf4a25840cd8e6088f7454a3fb8 in_time: 683050.5053, out_time: 683060.2335, total wait time: 9.7282 seconds
[36m(RouterManager pid=51733)[0m [Router ReqQueue] Req chatcmpl-f736789964564325ab29aad271e27d33 in_time: 683050.6745, out_time: 683060.2335, total wait time: 9.5590 seconds
[36m(RouterManager pid=51733)[0m [Router ReqQueue] Req chatcmpl-c727402e771748eaa622f296705463a5 in_time: 683051.0993, out_time: 683060.2335, total wait time: 9.1343 seconds
[36m(RouterManager pid=51733)[0m [Router ReqQueue] Req chatcmpl-244ad5e905e849a0bffa20826ce2ca52 in_time: 683051.2253, out_time: 683060.2336, total wait time: 9.0083 seconds
[36m(RouterManager pid=51733)[0m [Router ReqQueue] Req chatcmpl-d941c8899e3240af87b2bce5cbe445d4 in_time: 683051.2833, out_time: 683060.2336, total wait time: 8.9503 seconds
[36m(RouterManager pid=51733)[0m [Router ReqQueue] Req chatcmpl-1d8b75aef71943af9494dd71ee3d787e in_time: 683051.5562, out_time: 683060.2336, total wait time: 8.6774 seconds
[36m(RouterManager pid=51733)[0m [Router ReqQueue] Req chatcmpl-902b811cdfe84cdc9e25152b63c8d3e1 in_time: 683051.9514, out_time: 683060.2336, total wait time: 8.2822 seconds
[36m(RouterManager pid=51733)[0m [Router ReqQueue] Req chatcmpl-bfb42cb11517445b809704fc28bf22c5 in_time: 683051.9619, out_time: 683060.2336, total wait time: 8.2717 seconds
[36m(RouterManager pid=51733)[0m [Router ReqQueue] Req chatcmpl-e5ff3932b1ed482e8e03305835b5df98 in_time: 683052.3451, out_time: 683060.2336, total wait time: 7.8885 seconds
[36m(RouterManager pid=51733)[0m [Router ReqQueue] Req chatcmpl-d92d1cd6eddf462a9a99f8b6b4d4257c in_time: 683052.4134, out_time: 683060.2336, total wait time: 7.8202 seconds
[36m(RouterManager pid=51733)[0m [Router ReqQueue] Req chatcmpl-b701de7bce1741c0866d03386f153882 in_time: 683052.7028, out_time: 683060.2336, total wait time: 7.5309 seconds
[36m(RouterManager pid=51733)[0m [Router ReqQueue] Req chatcmpl-94d021b18d51453bb3ba6c972246ec18 in_time: 683053.5740, out_time: 683060.2336, total wait time: 6.6596 seconds
[36m(RouterManager pid=51733)[0m [Router ReqQueue] Req chatcmpl-50725cfbfeee48c9ae44bcff76465882 in_time: 683054.4318, out_time: 683060.2337, total wait time: 5.8019 seconds
[36m(RouterManager pid=51733)[0m [Router ReqQueue] Req chatcmpl-ca671a434e3f4d4cbe36f3667f46ce32 in_time: 683055.2241, out_time: 683060.2337, total wait time: 5.0096 seconds
[36m(RouterManager pid=51733)[0m [Loongserve manager] scheduling time: 205.16 ms
[36m(RouterManager pid=51733)[0m [Loongserve manager] prefill and decoding batch scheduling results:
[36m(RouterManager pid=51733)[0m     running decode batch id: eb7061109b274ecf82ced564967c8579, req num: 52, occupied instances: [1], batch_used_tokens_sum: 162954
[36m(RouterManager pid=51733)[0m     prefill batch id: 6975bcd845de4fe3b996eb62df084167, req num: 19, occupied instances: [0, 3, 2], batch_used_tokens_sum: 0
[36m(RouterManager pid=51733)[0m [Loongserve manager] running batch id: eb7061109b274ecf82ced564967c8579, req num: 34, occupied instances: [1], batch_used_tokens_sum: 88270
[36m(RouterManager pid=51733)[0m [Loongserve manager] running batch id: 6975bcd845de4fe3b996eb62df084167, req num: 19, occupied instances: [0], batch_used_tokens_sum: 99325
[36m(RouterManager pid=51733)[0m === RouterManager iteration 814 ===
[36m(RouterManager pid=51733)[0m self.req_queue.waiting_req_list length: 64
[36m(RouterManager pid=51733)[0m === RouterManager iteration 816 ===
[36m(RouterManager pid=51733)[0m self.req_queue.waiting_req_list length: 64
[36m(RouterManager pid=51733)[0m === RouterManager iteration 818 ===
[36m(RouterManager pid=51733)[0m self.req_queue.waiting_req_list length: 64
[36m(RouterManager pid=51733)[0m === RouterManager iteration 820 ===
[36m(RouterManager pid=51733)[0m self.req_queue.waiting_req_list length: 64
[36m(RouterManager pid=51733)[0m === RouterManager iteration 822 ===
[36m(RouterManager pid=51733)[0m self.req_queue.waiting_req_list length: 65
[36m(RouterManager pid=51733)[0m === RouterManager iteration 824 ===
[36m(RouterManager pid=51733)[0m self.req_queue.waiting_req_list length: 65
[36m(RouterManager pid=51733)[0m === RouterManager iteration 826 ===
[36m(RouterManager pid=51733)[0m self.req_queue.waiting_req_list length: 65
[36m(RouterManager pid=51733)[0m === RouterManager iteration 828 ===
[36m(RouterManager pid=51733)[0m self.req_queue.waiting_req_list length: 65
[36m(RouterManager pid=51733)[0m === RouterManager iteration 830 ===
[36m(RouterManager pid=51733)[0m self.req_queue.waiting_req_list length: 65
[36m(RouterManager pid=51733)[0m === RouterManager iteration 832 ===
[36m(RouterManager pid=51733)[0m self.req_queue.waiting_req_list length: 65
[36m(RouterManager pid=51733)[0m === RouterManager iteration 834 ===
[36m(RouterManager pid=51733)[0m self.req_queue.waiting_req_list length: 65
[36m(RouterManager pid=51733)[0m [Router ReqQueue] Req chatcmpl-375d463c0e474ae78194c639dcf34e83 in_time: 683055.7824, out_time: 683065.4628, total wait time: 9.6803 seconds
[36m(RouterManager pid=51733)[0m [Router ReqQueue] Req chatcmpl-3edc7462f55b4eec94389d933632843c in_time: 683055.7856, out_time: 683065.4628, total wait time: 9.6772 seconds
[36m(RouterManager pid=51733)[0m [Router ReqQueue] Req chatcmpl-fef3d37b24224fac888c2151b5c34dcf in_time: 683055.9059, out_time: 683065.4628, total wait time: 9.5569 seconds
[36m(RouterManager pid=51733)[0m [Router ReqQueue] Req chatcmpl-2b730ecbb1734145ac131aacfa20cac2 in_time: 683056.0508, out_time: 683065.4628, total wait time: 9.4121 seconds
[36m(RouterManager pid=51733)[0m [Router ReqQueue] Req chatcmpl-5cc0a0f357e2451ca078022897695cc2 in_time: 683056.1500, out_time: 683065.4628, total wait time: 9.3128 seconds
[36m(RouterManager pid=51733)[0m [Router ReqQueue] Req chatcmpl-d438c336f7f5452f90798d159a08a8d8 in_time: 683056.2323, out_time: 683065.4628, total wait time: 9.2305 seconds
[36m(RouterManager pid=51733)[0m [Router ReqQueue] Req chatcmpl-465afc1dbec04d31a48e3d049eb17dae in_time: 683056.2795, out_time: 683065.4628, total wait time: 9.1833 seconds
[36m(RouterManager pid=51733)[0m [Router ReqQueue] Req chatcmpl-807b394d538c484999a2dfb0e310c1c3 in_time: 683056.3250, out_time: 683065.4628, total wait time: 9.1378 seconds
[36m(RouterManager pid=51733)[0m [Router ReqQueue] Req chatcmpl-95864b2b0d0b4945a7976c6493d13b49 in_time: 683056.4127, out_time: 683065.4629, total wait time: 9.0501 seconds
[36m(RouterManager pid=51733)[0m [Router ReqQueue] Req chatcmpl-2d553fe0d80242df926336e1c8f241d9 in_time: 683056.5337, out_time: 683065.4629, total wait time: 8.9292 seconds
[36m(RouterManager pid=51733)[0m [Router ReqQueue] Req chatcmpl-e100907622a446969064bd1c359a450b in_time: 683056.7279, out_time: 683065.4629, total wait time: 8.7350 seconds
[36m(RouterManager pid=51733)[0m [Router ReqQueue] Req chatcmpl-9fe522b031a449e39ec18c65907eb52e in_time: 683056.9021, out_time: 683065.4629, total wait time: 8.5608 seconds
[36m(RouterManager pid=51733)[0m [Router ReqQueue] Req chatcmpl-043d271af64a4015919c665f13dbccd5 in_time: 683057.0531, out_time: 683065.4629, total wait time: 8.4098 seconds
[36m(RouterManager pid=51733)[0m [Router ReqQueue] Req chatcmpl-fcc0b9dc223546c39d801ca14019eb6a in_time: 683057.1930, out_time: 683065.4629, total wait time: 8.2699 seconds
[36m(RouterManager pid=51733)[0m [Router ReqQueue] Req chatcmpl-c92e34a2ed644041a337e84117f1c8fa in_time: 683057.4315, out_time: 683065.4629, total wait time: 8.0314 seconds
[36m(RouterManager pid=51733)[0m [Router ReqQueue] Req chatcmpl-81e6e1392d584b87b0e2f039dc0c671e in_time: 683057.5471, out_time: 683065.4629, total wait time: 7.9158 seconds
[36m(RouterManager pid=51733)[0m [Router ReqQueue] Req chatcmpl-2f93e0f799934bff929838c63789a16c in_time: 683057.6751, out_time: 683065.4629, total wait time: 7.7878 seconds
[36m(RouterManager pid=51733)[0m [Router ReqQueue] Req chatcmpl-000947f93d78461d9e3d701cf9e75a14 in_time: 683057.7068, out_time: 683065.4629, total wait time: 7.7562 seconds
[36m(RouterManager pid=51733)[0m [Router ReqQueue] Req chatcmpl-4fde985e0dbc40e59923d1e1a9e03edd in_time: 683058.0097, out_time: 683065.4629, total wait time: 7.4533 seconds
[36m(RouterManager pid=51733)[0m [Router ReqQueue] Req chatcmpl-a99fbc4c8d7e4a5b9590038da8afef95 in_time: 683058.2342, out_time: 683065.4630, total wait time: 7.2287 seconds
[36m(RouterManager pid=51733)[0m [Router ReqQueue] Req chatcmpl-01b7fc70d63d4cb1b14a708edb9d3810 in_time: 683058.2925, out_time: 683065.4630, total wait time: 7.1704 seconds
[36m(RouterManager pid=51733)[0m [Router ReqQueue] Req chatcmpl-f845dcd6a5374a448f14d46c7049f843 in_time: 683058.3290, out_time: 683065.4630, total wait time: 7.1339 seconds
[36m(RouterManager pid=51733)[0m [Router ReqQueue] Req chatcmpl-1754f436eb0a4833a9aed06b74bc7ffa in_time: 683058.3325, out_time: 683065.4630, total wait time: 7.1305 seconds
[36m(RouterManager pid=51733)[0m [Router ReqQueue] Req chatcmpl-d64e11452b4c48af8ff611a5b032e706 in_time: 683058.4005, out_time: 683065.4630, total wait time: 7.0625 seconds
[36m(RouterManager pid=51733)[0m [Router ReqQueue] Req chatcmpl-5682f888c93246d0ab37bdc01a22628e in_time: 683058.7108, out_time: 683065.4630, total wait time: 6.7522 seconds
[36m(RouterManager pid=51733)[0m [Router ReqQueue] Req chatcmpl-c563aa5fa4fc435e9b32b839c62e9998 in_time: 683058.7767, out_time: 683065.4630, total wait time: 6.6863 seconds
[36m(RouterManager pid=51733)[0m [Router ReqQueue] Req chatcmpl-fde48b8dd2d0402ba29f145562c656d0 in_time: 683059.3239, out_time: 683065.4630, total wait time: 6.1391 seconds
[36m(RouterManager pid=51733)[0m [Router ReqQueue] Req chatcmpl-1161a43745ef4fed95cc77f9b8fd42a6 in_time: 683059.3648, out_time: 683065.4630, total wait time: 6.0982 seconds
[36m(RouterManager pid=51733)[0m [Router ReqQueue] Req chatcmpl-27b291f493704920be698e23a73b400b in_time: 683059.7186, out_time: 683065.4630, total wait time: 5.7445 seconds
[36m(RouterManager pid=51733)[0m [Router ReqQueue] Req chatcmpl-a8a052a4346e401aa7e870e2c63cf75c in_time: 683059.9475, out_time: 683065.4630, total wait time: 5.5155 seconds
[36m(RouterManager pid=51733)[0m [Router ReqQueue] Req chatcmpl-279374c00d6649729c593d4957ae684a in_time: 683060.1140, out_time: 683065.4631, total wait time: 5.3491 seconds
[36m(RouterManager pid=51733)[0m [Router ReqQueue] Req chatcmpl-b5c64ae78a01495b84ed2e8f67ccdfba in_time: 683060.2603, out_time: 683065.4631, total wait time: 5.2028 seconds
[36m(RouterManager pid=51733)[0m [Loongserve manager] scheduling time: 149.29 ms
[36m(RouterManager pid=51733)[0m [Loongserve manager] prefill and decoding batch scheduling results:
[36m(RouterManager pid=51733)[0m     running decode batch id: 6975bcd845de4fe3b996eb62df084167, req num: 48, occupied instances: [0], batch_used_tokens_sum: 144402
[36m(RouterManager pid=51733)[0m     prefill batch id: 0d096234b97b4111b8e5df75cfc10ed7, req num: 32, occupied instances: [2, 3, 1], batch_used_tokens_sum: 0
[36m(RouterManager pid=51733)[0m [Loongserve manager] running batch id: 6975bcd845de4fe3b996eb62df084167, req num: 19, occupied instances: [0], batch_used_tokens_sum: 90457
[36m(RouterManager pid=51733)[0m [Loongserve manager] running batch id: 0d096234b97b4111b8e5df75cfc10ed7, req num: 32, occupied instances: [2], batch_used_tokens_sum: 99838
[36m(RouterManager pid=51733)[0m === RouterManager iteration 836 ===
[36m(RouterManager pid=51733)[0m self.req_queue.waiting_req_list length: 65
[36m(RouterManager pid=51733)[0m === RouterManager iteration 838 ===
[36m(RouterManager pid=51733)[0m self.req_queue.waiting_req_list length: 65
[36m(RouterManager pid=51733)[0m === RouterManager iteration 840 ===
[36m(RouterManager pid=51733)[0m self.req_queue.waiting_req_list length: 65
[36m(RouterManager pid=51733)[0m === RouterManager iteration 842 ===
[36m(RouterManager pid=51733)[0m self.req_queue.waiting_req_list length: 66
[36m(RouterManager pid=51733)[0m === RouterManager iteration 844 ===
[36m(RouterManager pid=51733)[0m self.req_queue.waiting_req_list length: 66
[36m(RouterManager pid=51733)[0m === RouterManager iteration 846 ===
[36m(RouterManager pid=51733)[0m self.req_queue.waiting_req_list length: 66
[36m(RouterManager pid=51733)[0m === RouterManager iteration 848 ===
[36m(RouterManager pid=51733)[0m self.req_queue.waiting_req_list length: 66
[36m(RouterManager pid=51733)[0m === RouterManager iteration 850 ===
[36m(RouterManager pid=51733)[0m self.req_queue.waiting_req_list length: 67
[36m(RouterManager pid=51733)[0m === RouterManager iteration 852 ===
[36m(RouterManager pid=51733)[0m self.req_queue.waiting_req_list length: 67
[36m(RouterManager pid=51733)[0m === RouterManager iteration 854 ===
[36m(RouterManager pid=51733)[0m self.req_queue.waiting_req_list length: 67
[36m(RouterManager pid=51733)[0m === RouterManager iteration 856 ===
[36m(RouterManager pid=51733)[0m self.req_queue.waiting_req_list length: 67
[36m(RouterManager pid=51733)[0m [Router ReqQueue] Req chatcmpl-c1267745e34247bbae3423127b51bb47 in_time: 683060.3203, out_time: 683070.4784, total wait time: 10.1582 seconds
[36m(RouterManager pid=51733)[0m [Router ReqQueue] Req chatcmpl-3c3dddbe2a2c452aa586f9bb80797380 in_time: 683060.3658, out_time: 683070.4785, total wait time: 10.1127 seconds
[36m(RouterManager pid=51733)[0m [Router ReqQueue] Req chatcmpl-4aed3a028030445ca5fee29e6a91cdac in_time: 683060.4047, out_time: 683070.4785, total wait time: 10.0737 seconds
[36m(RouterManager pid=51733)[0m [Router ReqQueue] Req chatcmpl-b2c4e98671d540febc865e596ace37e3 in_time: 683060.4085, out_time: 683070.4785, total wait time: 10.0700 seconds
[36m(RouterManager pid=51733)[0m [Router ReqQueue] Req chatcmpl-a430e3a9ba0f4a22826af3197cf99170 in_time: 683060.5016, out_time: 683070.4785, total wait time: 9.9769 seconds
[36m(RouterManager pid=51733)[0m [Router ReqQueue] Req chatcmpl-e64b2b1370274e0eae520d722d0015fb in_time: 683060.5513, out_time: 683070.4785, total wait time: 9.9272 seconds
[36m(RouterManager pid=51733)[0m [Router ReqQueue] Req chatcmpl-2ee66921df344dc4a4a7c42193bd7d5e in_time: 683060.6297, out_time: 683070.4785, total wait time: 9.8489 seconds
[36m(RouterManager pid=51733)[0m [Router ReqQueue] Req chatcmpl-3c85aa67b63b4f7db7ff657de29157ea in_time: 683060.8200, out_time: 683070.4785, total wait time: 9.6585 seconds
[36m(RouterManager pid=51733)[0m [Router ReqQueue] Req chatcmpl-67350e5ea6824abc93dae27d37b85058 in_time: 683060.8769, out_time: 683070.4785, total wait time: 9.6016 seconds
[36m(RouterManager pid=51733)[0m [Router ReqQueue] Req chatcmpl-69d7c332e86f4c85b086717108b80e28 in_time: 683060.9402, out_time: 683070.4785, total wait time: 9.5384 seconds
[36m(RouterManager pid=51733)[0m [Router ReqQueue] Req chatcmpl-fcc283bb94ed49bd983788c77ea3bdb9 in_time: 683061.1146, out_time: 683070.4785, total wait time: 9.3639 seconds
[36m(RouterManager pid=51733)[0m [Router ReqQueue] Req chatcmpl-4837a687210e4c1d962d27a4535d7820 in_time: 683061.3647, out_time: 683070.4786, total wait time: 9.1139 seconds
[36m(RouterManager pid=51733)[0m [Router ReqQueue] Req chatcmpl-b7a7a046432242ed98898e522310cf0f in_time: 683062.2814, out_time: 683070.4786, total wait time: 8.1972 seconds
[36m(RouterManager pid=51733)[0m [Router ReqQueue] Req chatcmpl-1b6c45bc51d44d3b9ae1630445778226 in_time: 683062.4915, out_time: 683070.4786, total wait time: 7.9870 seconds
[36m(RouterManager pid=51733)[0m [Router ReqQueue] Req chatcmpl-841f50c1a77d40268e2959979df7f535 in_time: 683062.5211, out_time: 683070.4786, total wait time: 7.9575 seconds
[36m(RouterManager pid=51733)[0m [Router ReqQueue] Req chatcmpl-48986e4b65b242e5b151a67443bf8def in_time: 683062.5429, out_time: 683070.4786, total wait time: 7.9357 seconds
[36m(RouterManager pid=51733)[0m [Router ReqQueue] Req chatcmpl-9802be8dcc7b4ee5aec46f4c48495e78 in_time: 683062.6448, out_time: 683070.4786, total wait time: 7.8338 seconds
[36m(RouterManager pid=51733)[0m [Router ReqQueue] Req chatcmpl-c2c0c60d354449d785ae5398a608e41a in_time: 683062.8042, out_time: 683070.4786, total wait time: 7.6744 seconds
[36m(RouterManager pid=51733)[0m [Router ReqQueue] Req chatcmpl-cae36191d99b44d89cd5d517bef289cf in_time: 683062.9854, out_time: 683070.4786, total wait time: 7.4932 seconds
[36m(RouterManager pid=51733)[0m [Router ReqQueue] Req chatcmpl-fb0f3a5b40084a0381c38d0df20bbfdf in_time: 683063.1993, out_time: 683070.4786, total wait time: 7.2794 seconds
[36m(RouterManager pid=51733)[0m [Router ReqQueue] Req chatcmpl-10ca4091060e4dd5a7eb4c55b59710a1 in_time: 683063.4206, out_time: 683070.4787, total wait time: 7.0581 seconds
[36m(RouterManager pid=51733)[0m [Router ReqQueue] Req chatcmpl-8ae2947696d842d5a7eab025be835b0a in_time: 683063.8735, out_time: 683070.4787, total wait time: 6.6052 seconds
[36m(RouterManager pid=51733)[0m [Router ReqQueue] Req chatcmpl-0569cbb52bf24200ba8dcbf2a3bdbf30 in_time: 683063.9071, out_time: 683070.4787, total wait time: 6.5716 seconds
[36m(RouterManager pid=51733)[0m [Router ReqQueue] Req chatcmpl-209d207681b94e4fbe3c42b74e5640cd in_time: 683063.9725, out_time: 683070.4787, total wait time: 6.5061 seconds
[36m(RouterManager pid=51733)[0m [Router ReqQueue] Req chatcmpl-afec7246bacb4254b3112738e6e46845 in_time: 683063.9895, out_time: 683070.4787, total wait time: 6.4892 seconds
[36m(RouterManager pid=51733)[0m [Router ReqQueue] Req chatcmpl-fb301ae1646546968273343e01772aac in_time: 683064.1231, out_time: 683070.4787, total wait time: 6.3556 seconds
[36m(RouterManager pid=51733)[0m [Router ReqQueue] Req chatcmpl-7c635bc990174a158738b3d8fbf1369b in_time: 683064.3007, out_time: 683070.4787, total wait time: 6.1780 seconds
[36m(RouterManager pid=51733)[0m [Router ReqQueue] Req chatcmpl-816e557d95d948c59c499bcf6f3dcbd6 in_time: 683064.3019, out_time: 683070.4787, total wait time: 6.1768 seconds
[36m(RouterManager pid=51733)[0m [Router ReqQueue] Req chatcmpl-7676f62a7f094ddf83cf37f04c823bda in_time: 683064.3710, out_time: 683070.4787, total wait time: 6.1077 seconds
[36m(RouterManager pid=51733)[0m [Router ReqQueue] Req chatcmpl-d5988ce19e3c48a290e8690ed1065f7b in_time: 683064.5490, out_time: 683070.4787, total wait time: 5.9297 seconds
[36m(RouterManager pid=51733)[0m [Router ReqQueue] Req chatcmpl-c0130a2cc770460ab44ce6e63e6b0a41 in_time: 683064.7137, out_time: 683070.4787, total wait time: 5.7651 seconds
[36m(RouterManager pid=51733)[0m [Router ReqQueue] Req chatcmpl-7565ffa513144753b750cc0fa7ae64b4 in_time: 683065.0344, out_time: 683070.4788, total wait time: 5.4443 seconds
[36m(RouterManager pid=51733)[0m [Router ReqQueue] Req chatcmpl-1208d7153ee949e6ac1f274d5710617f in_time: 683065.2429, out_time: 683070.4788, total wait time: 5.2358 seconds
[36m(RouterManager pid=51733)[0m [Router ReqQueue] Req chatcmpl-470c13adcf064026b495969cb9627289 in_time: 683065.5193, out_time: 683070.4788, total wait time: 4.9595 seconds
[36m(RouterManager pid=51733)[0m [Router ReqQueue] Req chatcmpl-bd4a1770b7754f77bf03d6df0f1ef217 in_time: 683065.6797, out_time: 683070.4788, total wait time: 4.7991 seconds
[36m(RouterManager pid=51733)[0m [Router ReqQueue] Req chatcmpl-a0fd64824bee4ad49013a8928f47da5a in_time: 683065.7308, out_time: 683070.4788, total wait time: 4.7479 seconds
[36m(RouterManager pid=51733)[0m [Router ReqQueue] Req chatcmpl-e5fb3696fa4b419ea51767429631fd88 in_time: 683065.8774, out_time: 683070.4788, total wait time: 4.6014 seconds
[36m(RouterManager pid=51733)[0m [Router ReqQueue] Req chatcmpl-73f9483b5ba9499588620d17c27fd83c in_time: 683065.9679, out_time: 683070.4788, total wait time: 4.5109 seconds
[36m(RouterManager pid=51733)[0m [Router ReqQueue] Req chatcmpl-47956c832f6d48c3b4380aecd603f20b in_time: 683066.1360, out_time: 683070.4788, total wait time: 4.3428 seconds
[36m(RouterManager pid=51733)[0m [Router ReqQueue] Req chatcmpl-c12c6248ec1742d69042b58800cf9888 in_time: 683066.5037, out_time: 683070.4788, total wait time: 3.9751 seconds
[36m(RouterManager pid=51733)[0m [Router ReqQueue] Req chatcmpl-3ba0a6eaaf714129a5d83cdde9c3a0ac in_time: 683066.5880, out_time: 683070.4788, total wait time: 3.8908 seconds
[36m(RouterManager pid=51733)[0m [Router ReqQueue] Req chatcmpl-e936e57209194657b5e0cfe32dc69466 in_time: 683066.7116, out_time: 683070.4788, total wait time: 3.7673 seconds
[36m(RouterManager pid=51733)[0m [Router ReqQueue] Req chatcmpl-bea68bca584d4d1781a6d8ce30c3db88 in_time: 683066.7198, out_time: 683070.4789, total wait time: 3.7590 seconds
[36m(RouterManager pid=51733)[0m [Router ReqQueue] Req chatcmpl-0c550666eed14ccea76d94756388269d in_time: 683066.9034, out_time: 683070.4789, total wait time: 3.5755 seconds
[36m(RouterManager pid=51733)[0m [Router ReqQueue] Req chatcmpl-5b2572a2f1bc482b9ae1dae3c543b807 in_time: 683067.2352, out_time: 683070.4789, total wait time: 3.2437 seconds
[36m(RouterManager pid=51733)[0m [Router ReqQueue] Req chatcmpl-4682767f75214a80beb36b1d1dcd6c49 in_time: 683067.7139, out_time: 683070.4789, total wait time: 2.7650 seconds
[36m(RouterManager pid=51733)[0m [Router ReqQueue] Req chatcmpl-aae8f680138445a6804fb74552d67af6 in_time: 683067.8767, out_time: 683070.4789, total wait time: 2.6022 seconds
[36m(RouterManager pid=51733)[0m [Loongserve manager] scheduling time: 153.84 ms
[36m(RouterManager pid=51733)[0m [Loongserve manager] prefill and decoding batch scheduling results:
[36m(RouterManager pid=51733)[0m     running decode batch id: 0d096234b97b4111b8e5df75cfc10ed7, req num: 51, occupied instances: [2], batch_used_tokens_sum: 190805
[36m(RouterManager pid=51733)[0m     prefill batch id: 8d91c79717f547a9b61cbfdb97afe581, req num: 47, occupied instances: [1, 3, 0], batch_used_tokens_sum: 0
[36m(RouterManager pid=51733)[0m [Loongserve manager] running batch id: 0d096234b97b4111b8e5df75cfc10ed7, req num: 49, occupied instances: [2], batch_used_tokens_sum: 166246
[36m(RouterManager pid=51733)[0m [Loongserve manager] running batch id: 8d91c79717f547a9b61cbfdb97afe581, req num: 47, occupied instances: [1], batch_used_tokens_sum: 99409
[36m(RouterManager pid=51733)[0m === RouterManager iteration 858 ===
[36m(RouterManager pid=51733)[0m self.req_queue.waiting_req_list length: 39
[36m(RouterManager pid=51733)[0m === RouterManager iteration 860 ===
[36m(RouterManager pid=51733)[0m self.req_queue.waiting_req_list length: 40
[36m(RouterManager pid=51733)[0m === RouterManager iteration 862 ===
[36m(RouterManager pid=51733)[0m self.req_queue.waiting_req_list length: 41
[36m(RouterManager pid=51733)[0m === RouterManager iteration 864 ===
[36m(RouterManager pid=51733)[0m self.req_queue.waiting_req_list length: 41
[36m(RouterManager pid=51733)[0m === RouterManager iteration 866 ===
[36m(RouterManager pid=51733)[0m self.req_queue.waiting_req_list length: 41
[36m(RouterManager pid=51733)[0m === RouterManager iteration 868 ===
[36m(RouterManager pid=51733)[0m self.req_queue.waiting_req_list length: 41
[36m(RouterManager pid=51733)[0m === RouterManager iteration 870 ===
[36m(RouterManager pid=51733)[0m self.req_queue.waiting_req_list length: 41
[36m(RouterManager pid=51733)[0m === RouterManager iteration 872 ===
[36m(RouterManager pid=51733)[0m self.req_queue.waiting_req_list length: 41
[36m(RouterManager pid=51733)[0m === RouterManager iteration 874 ===
[36m(RouterManager pid=51733)[0m self.req_queue.waiting_req_list length: 41
[36m(RouterManager pid=51733)[0m === RouterManager iteration 876 ===
[36m(RouterManager pid=51733)[0m self.req_queue.waiting_req_list length: 41
[36m(RouterManager pid=51733)[0m === RouterManager iteration 878 ===
[36m(RouterManager pid=51733)[0m self.req_queue.waiting_req_list length: 41
[36m(RouterManager pid=51733)[0m [Router ReqQueue] Req chatcmpl-acbca6fa04164225ab7cb4ee8fe09c1a in_time: 683067.1269, out_time: 683075.3811, total wait time: 8.2541 seconds
[36m(RouterManager pid=51733)[0m [Router ReqQueue] Req chatcmpl-155a437bae3344b18bbb0c9684744fe2 in_time: 683067.9415, out_time: 683075.3811, total wait time: 7.4396 seconds
[36m(RouterManager pid=51733)[0m [Router ReqQueue] Req chatcmpl-6d0ac251573c4dc79a4ecc2386090f84 in_time: 683068.0850, out_time: 683075.3811, total wait time: 7.2961 seconds
[36m(RouterManager pid=51733)[0m [Router ReqQueue] Req chatcmpl-99577f920ef14d5bb59e06a20c1ff0fb in_time: 683068.1359, out_time: 683075.3811, total wait time: 7.2452 seconds
[36m(RouterManager pid=51733)[0m [Router ReqQueue] Req chatcmpl-60ae392182224fbdbce1b5f16eb9d8e3 in_time: 683068.2118, out_time: 683075.3811, total wait time: 7.1694 seconds
[36m(RouterManager pid=51733)[0m [Router ReqQueue] Req chatcmpl-dce97ae95f83434baa6f478f45fd3e37 in_time: 683068.3202, out_time: 683075.3812, total wait time: 7.0610 seconds
[36m(RouterManager pid=51733)[0m [Router ReqQueue] Req chatcmpl-514b8f2f4445433fb8d9761ab2c346d7 in_time: 683068.3763, out_time: 683075.3812, total wait time: 7.0049 seconds
[36m(RouterManager pid=51733)[0m [Router ReqQueue] Req chatcmpl-e83a4039931b49868834594dc030ba63 in_time: 683068.4404, out_time: 683075.3812, total wait time: 6.9407 seconds
[36m(RouterManager pid=51733)[0m [Router ReqQueue] Req chatcmpl-45d95b4a18fe4d06984ba36ad72adf58 in_time: 683068.5806, out_time: 683075.3812, total wait time: 6.8006 seconds
[36m(RouterManager pid=51733)[0m [Router ReqQueue] Req chatcmpl-bf13565010ab40d28ab6290495f19cca in_time: 683069.0521, out_time: 683075.3812, total wait time: 6.3291 seconds
[36m(RouterManager pid=51733)[0m [Router ReqQueue] Req chatcmpl-402408df79ee482daf5286e9abaacbcf in_time: 683069.1367, out_time: 683075.3812, total wait time: 6.2445 seconds
[36m(RouterManager pid=51733)[0m [Router ReqQueue] Req chatcmpl-1069ba4e51014c559dcc51d2ab5c135e in_time: 683069.3285, out_time: 683075.3812, total wait time: 6.0527 seconds
[36m(RouterManager pid=51733)[0m [Router ReqQueue] Req chatcmpl-0c41941088ba40c287470b8e2b1a83bd in_time: 683069.5099, out_time: 683075.3812, total wait time: 5.8713 seconds
[36m(RouterManager pid=51733)[0m [Router ReqQueue] Req chatcmpl-c82cf7b7dd1d4571b4d2d05e07e89f87 in_time: 683069.5228, out_time: 683075.3812, total wait time: 5.8584 seconds
[36m(RouterManager pid=51733)[0m [Router ReqQueue] Req chatcmpl-41d428377abd4c3997a3496d39726e42 in_time: 683069.6588, out_time: 683075.3812, total wait time: 5.7224 seconds
[36m(RouterManager pid=51733)[0m [Router ReqQueue] Req chatcmpl-10c2e6645362461eba6c001fdb21bf62 in_time: 683069.9064, out_time: 683075.3812, total wait time: 5.4748 seconds
[36m(RouterManager pid=51733)[0m [Router ReqQueue] Req chatcmpl-25f466bb771743e9a6f071aa6b5293f0 in_time: 683069.9213, out_time: 683075.3813, total wait time: 5.4599 seconds
[36m(RouterManager pid=51733)[0m [Router ReqQueue] Req chatcmpl-c362d29151d44c6c9ac0f249b773c8c3 in_time: 683070.0456, out_time: 683075.3813, total wait time: 5.3357 seconds
[36m(RouterManager pid=51733)[0m [Router ReqQueue] Req chatcmpl-3d7f16c957b9410b8f20d74839a20fbc in_time: 683070.2004, out_time: 683075.3813, total wait time: 5.1809 seconds
[36m(RouterManager pid=51733)[0m [Router ReqQueue] Req chatcmpl-12148ecdfb5b4fccb3f7146e876ae2b2 in_time: 683070.3345, out_time: 683075.3813, total wait time: 5.0468 seconds
[36m(RouterManager pid=51733)[0m [Router ReqQueue] Req chatcmpl-745a47b2b2944bc491db20a46dbaa7d0 in_time: 683070.4942, out_time: 683075.3813, total wait time: 4.8871 seconds
[36m(RouterManager pid=51733)[0m [Router ReqQueue] Req chatcmpl-f5e5eccea5ee4e42845c07ac6186ef0c in_time: 683070.5082, out_time: 683075.3813, total wait time: 4.8731 seconds
[36m(RouterManager pid=51733)[0m [Router ReqQueue] Req chatcmpl-84bad2176882433f8f3a78e2bf18b3c3 in_time: 683070.5548, out_time: 683075.3813, total wait time: 4.8265 seconds
[36m(RouterManager pid=51733)[0m [Router ReqQueue] Req chatcmpl-9be53bfcccbd4eb585452e0431619ffb in_time: 683070.6132, out_time: 683075.3813, total wait time: 4.7681 seconds
[36m(RouterManager pid=51733)[0m [Router ReqQueue] Req chatcmpl-439f9674a9854499a2bf2add0e32b083 in_time: 683070.7989, out_time: 683075.3813, total wait time: 4.5825 seconds
[36m(RouterManager pid=51733)[0m [Router ReqQueue] Req chatcmpl-0d1a1f9cab564bd8ba11d183f1e6339f in_time: 683071.0444, out_time: 683075.3813, total wait time: 4.3370 seconds
[36m(RouterManager pid=51733)[0m [Router ReqQueue] Req chatcmpl-d679b398efc3470ea7331e8bdec65a03 in_time: 683071.2964, out_time: 683075.3814, total wait time: 4.0850 seconds
[36m(RouterManager pid=51733)[0m [Router ReqQueue] Req chatcmpl-bf887728eac94cabbee147f1361c4a1c in_time: 683071.4630, out_time: 683075.3814, total wait time: 3.9184 seconds
[36m(RouterManager pid=51733)[0m [Loongserve manager] scheduling time: 1.45 ms
[36m(RouterManager pid=51733)[0m [Loongserve manager] prefill and decoding batch scheduling results:
[36m(RouterManager pid=51733)[0m     running decode batch id: 0d096234b97b4111b8e5df75cfc10ed7, req num: 49, occupied instances: [2], batch_used_tokens_sum: 166736
[36m(RouterManager pid=51733)[0m     running decode batch id: 8d91c79717f547a9b61cbfdb97afe581, req num: 47, occupied instances: [1], batch_used_tokens_sum: 99879
[36m(RouterManager pid=51733)[0m     prefill batch id: f5acd79fc54d4bf09a4d6a1724a6c453, req num: 28, occupied instances: [0, 3], batch_used_tokens_sum: 0
[36m(RouterManager pid=51733)[0m [Loongserve manager] running batch id: 8d91c79717f547a9b61cbfdb97afe581, req num: 47, occupied instances: [1], batch_used_tokens_sum: 106788
[36m(RouterManager pid=51733)[0m [Loongserve manager] running batch id: f5acd79fc54d4bf09a4d6a1724a6c453, req num: 28, occupied instances: [0], batch_used_tokens_sum: 98870
[36m(RouterManager pid=51733)[0m === RouterManager iteration 880 ===
[36m(RouterManager pid=51733)[0m self.req_queue.waiting_req_list length: 51
[36m(RouterManager pid=51733)[0m === RouterManager iteration 882 ===
[36m(RouterManager pid=51733)[0m self.req_queue.waiting_req_list length: 51
[36m(RouterManager pid=51733)[0m === RouterManager iteration 884 ===
[36m(RouterManager pid=51733)[0m self.req_queue.waiting_req_list length: 51
[36m(RouterManager pid=51733)[0m === RouterManager iteration 886 ===
[36m(RouterManager pid=51733)[0m self.req_queue.waiting_req_list length: 51
[36m(RouterManager pid=51733)[0m === RouterManager iteration 888 ===
[36m(RouterManager pid=51733)[0m self.req_queue.waiting_req_list length: 51
[36m(RouterManager pid=51733)[0m === RouterManager iteration 890 ===
[36m(RouterManager pid=51733)[0m self.req_queue.waiting_req_list length: 52
[36m(RouterManager pid=51733)[0m === RouterManager iteration 892 ===
[36m(RouterManager pid=51733)[0m self.req_queue.waiting_req_list length: 52
[36m(RouterManager pid=51733)[0m === RouterManager iteration 894 ===
[36m(RouterManager pid=51733)[0m self.req_queue.waiting_req_list length: 52
[36m(RouterManager pid=51733)[0m === RouterManager iteration 896 ===
[36m(RouterManager pid=51733)[0m self.req_queue.waiting_req_list length: 52
[36m(RouterManager pid=51733)[0m === RouterManager iteration 898 ===
[36m(RouterManager pid=51733)[0m self.req_queue.waiting_req_list length: 52
[36m(RouterManager pid=51733)[0m === RouterManager iteration 900 ===
[36m(RouterManager pid=51733)[0m self.req_queue.waiting_req_list length: 52
[36m(RouterManager pid=51733)[0m [Router ReqQueue] Req chatcmpl-1a6a5afe09cd480e9ff68348f4b73bfc in_time: 683071.4957, out_time: 683082.1213, total wait time: 10.6256 seconds
[36m(RouterManager pid=51733)[0m [Router ReqQueue] Req chatcmpl-00059c8b340a4f68b0a1e4f9b8cf6eb3 in_time: 683071.6242, out_time: 683082.1213, total wait time: 10.4971 seconds
[36m(RouterManager pid=51733)[0m [Router ReqQueue] Req chatcmpl-45ef257fc72c4d1886d3180340b47ad6 in_time: 683071.7499, out_time: 683082.1213, total wait time: 10.3714 seconds
[36m(RouterManager pid=51733)[0m [Router ReqQueue] Req chatcmpl-5db3e103901a4d0baf5cdf8a58495eda in_time: 683072.5658, out_time: 683082.1213, total wait time: 9.5555 seconds
[36m(RouterManager pid=51733)[0m [Router ReqQueue] Req chatcmpl-103276eb3a3d4ee492a7c9caa520e00e in_time: 683072.6223, out_time: 683082.1213, total wait time: 9.4990 seconds
[36m(RouterManager pid=51733)[0m [Router ReqQueue] Req chatcmpl-c923692790ce419f8a9645b79e099d50 in_time: 683072.6923, out_time: 683082.1213, total wait time: 9.4291 seconds
[36m(RouterManager pid=51733)[0m [Router ReqQueue] Req chatcmpl-19ed813aa151453fadbb85d2b92c99bb in_time: 683072.7087, out_time: 683082.1213, total wait time: 9.4126 seconds
[36m(RouterManager pid=51733)[0m [Router ReqQueue] Req chatcmpl-1c33cc69d2b149f4ac4f4dda723dfe95 in_time: 683073.1997, out_time: 683082.1214, total wait time: 8.9216 seconds
[36m(RouterManager pid=51733)[0m [Router ReqQueue] Req chatcmpl-5adb55844ede4fd3ababf8e9ea31650f in_time: 683073.5260, out_time: 683082.1214, total wait time: 8.5954 seconds
[36m(RouterManager pid=51733)[0m [Router ReqQueue] Req chatcmpl-ae3b98ce91a44907a978d83bbedfe5af in_time: 683073.8642, out_time: 683082.1214, total wait time: 8.2572 seconds
[36m(RouterManager pid=51733)[0m [Router ReqQueue] Req chatcmpl-f45d39886e064ef3bc0bf81784fbe541 in_time: 683073.9579, out_time: 683082.1214, total wait time: 8.1635 seconds
[36m(RouterManager pid=51733)[0m [Router ReqQueue] Req chatcmpl-55ea7ff5eb8f446ea246da84187de81b in_time: 683074.9014, out_time: 683082.1214, total wait time: 7.2200 seconds
[36m(RouterManager pid=51733)[0m [Router ReqQueue] Req chatcmpl-62543210f82347768a3ade21a3b4703f in_time: 683074.9839, out_time: 683082.1214, total wait time: 7.1375 seconds
[36m(RouterManager pid=51733)[0m [Router ReqQueue] Req chatcmpl-d96d0f40fd924b689ad8d2dee77d3fd7 in_time: 683075.8116, out_time: 683082.1214, total wait time: 6.3098 seconds
[36m(RouterManager pid=51733)[0m [Router ReqQueue] Req chatcmpl-bf7dd7d0552d439bb682cae42a84a0ff in_time: 683075.9701, out_time: 683082.1214, total wait time: 6.1513 seconds
[36m(RouterManager pid=51733)[0m [Router ReqQueue] Req chatcmpl-b68b76d419ba4a1f86ed8b25507136da in_time: 683076.1812, out_time: 683082.1214, total wait time: 5.9402 seconds
[36m(RouterManager pid=51733)[0m [Router ReqQueue] Req chatcmpl-1053bb446245401a9f2f755ad9f71180 in_time: 683076.2334, out_time: 683082.1214, total wait time: 5.8880 seconds
[36m(RouterManager pid=51733)[0m [Router ReqQueue] Req chatcmpl-aab43088114e468184878ce27249c2df in_time: 683076.2886, out_time: 683082.1214, total wait time: 5.8329 seconds
[36m(RouterManager pid=51733)[0m [Router ReqQueue] Req chatcmpl-540634e2b5134daf8abd594d9cd4bdd7 in_time: 683076.3919, out_time: 683082.1215, total wait time: 5.7295 seconds
[36m(RouterManager pid=51733)[0m [Router ReqQueue] Req chatcmpl-3e2c2bc4bd984391bc8f0f512dbec78c in_time: 683076.9638, out_time: 683082.1215, total wait time: 5.1576 seconds
[36m(RouterManager pid=51733)[0m [Router ReqQueue] Req chatcmpl-202cffeebc524574aace07f726f8b160 in_time: 683077.0739, out_time: 683082.1215, total wait time: 5.0476 seconds
[36m(RouterManager pid=51733)[0m [Router ReqQueue] Req chatcmpl-b5fd9aa9d0d3439298b02459e3156532 in_time: 683077.4862, out_time: 683082.1215, total wait time: 4.6353 seconds
[36m(RouterManager pid=51733)[0m [Router ReqQueue] Req chatcmpl-914ff5ea4df14dccab8232c6bfdf82f1 in_time: 683077.8334, out_time: 683082.1215, total wait time: 4.2881 seconds
[36m(RouterManager pid=51733)[0m [Router ReqQueue] Req chatcmpl-6c5310dac91f4cf8a9ee5337190d58c9 in_time: 683077.8986, out_time: 683082.1215, total wait time: 4.2229 seconds
[36m(RouterManager pid=51733)[0m [Router ReqQueue] Req chatcmpl-e7fbaf88114148af8c6bd81e51878062 in_time: 683078.1522, out_time: 683082.1215, total wait time: 3.9693 seconds
[36m(RouterManager pid=51733)[0m [Router ReqQueue] Req chatcmpl-d2e1ce8bed4a47c1b73be357e503f0d2 in_time: 683078.1552, out_time: 683082.1215, total wait time: 3.9664 seconds
[36m(RouterManager pid=51733)[0m [Router ReqQueue] Req chatcmpl-69481a796bc84142bf00daa66b5164d6 in_time: 683078.5038, out_time: 683082.1215, total wait time: 3.6177 seconds
[36m(RouterManager pid=51733)[0m [Router ReqQueue] Req chatcmpl-4c5e27d5a1d24ebdbfb3523d56c7356f in_time: 683079.1226, out_time: 683082.1216, total wait time: 2.9989 seconds
[36m(RouterManager pid=51733)[0m [Router ReqQueue] Req chatcmpl-cde6503cf07d43b0bd939aa05cfec17d in_time: 683079.1378, out_time: 683082.1216, total wait time: 2.9837 seconds
[36m(RouterManager pid=51733)[0m [Router ReqQueue] Req chatcmpl-ed618dd250d4483995a34ff44c958f03 in_time: 683079.5871, out_time: 683082.1216, total wait time: 2.5344 seconds
[36m(RouterManager pid=51733)[0m [Router ReqQueue] Req chatcmpl-b69fa17392b24e009f5f141247357f05 in_time: 683079.5982, out_time: 683082.1216, total wait time: 2.5233 seconds
[36m(RouterManager pid=51733)[0m [Router ReqQueue] Req chatcmpl-f0dfe17f0e9d436198032fb3e9168ff6 in_time: 683079.7185, out_time: 683082.1216, total wait time: 2.4031 seconds
[36m(RouterManager pid=51733)[0m [Router ReqQueue] Req chatcmpl-a81b1a84c26d44678469da29141c28bd in_time: 683079.7265, out_time: 683082.1216, total wait time: 2.3951 seconds
[36m(RouterManager pid=51733)[0m [Router ReqQueue] Req chatcmpl-1d01ff6fdde54e3e88c1d780ce87a543 in_time: 683079.7329, out_time: 683082.1216, total wait time: 2.3887 seconds
[36m(RouterManager pid=51733)[0m [Router ReqQueue] Req chatcmpl-eb6ab22002104c42ad3d4e2242119295 in_time: 683080.0263, out_time: 683082.1216, total wait time: 2.0953 seconds
[36m(RouterManager pid=51733)[0m [Router ReqQueue] Req chatcmpl-0991ffacd1354bfe8cbea0245c929032 in_time: 683080.2011, out_time: 683082.1216, total wait time: 1.9205 seconds
[36m(RouterManager pid=51733)[0m [Router ReqQueue] Req chatcmpl-ed00bc0511a9495185a94311a94a1274 in_time: 683080.2562, out_time: 683082.1216, total wait time: 1.8654 seconds
[36m(RouterManager pid=51733)[0m [Router ReqQueue] Req chatcmpl-e9c19d703ee4429a9895f2670077e9e4 in_time: 683080.2898, out_time: 683082.1216, total wait time: 1.8319 seconds
[36m(RouterManager pid=51733)[0m [Router ReqQueue] Req chatcmpl-3c2c9e50caa14110ab8fd4460c27768c in_time: 683080.3638, out_time: 683082.1217, total wait time: 1.7579 seconds
[36m(RouterManager pid=51733)[0m [Router ReqQueue] Req chatcmpl-391a9c68eaa841c3a3e4d504b779ec3e in_time: 683080.3803, out_time: 683082.1217, total wait time: 1.7414 seconds
[36m(RouterManager pid=51733)[0m [Router ReqQueue] Req chatcmpl-e492a63e107e4bd8a00c746f45a95a90 in_time: 683080.3956, out_time: 683082.1217, total wait time: 1.7260 seconds
[36m(RouterManager pid=51733)[0m [Router ReqQueue] Req chatcmpl-3468ba8e075349738742d01570bbc22d in_time: 683080.8994, out_time: 683082.1217, total wait time: 1.2222 seconds
[36m(RouterManager pid=51733)[0m [Router ReqQueue] Req chatcmpl-ccc80ef77c3f4f91a89a2ed47f1586de in_time: 683080.9934, out_time: 683082.1217, total wait time: 1.1283 seconds
[36m(RouterManager pid=51733)[0m [Router ReqQueue] Req chatcmpl-7535c7b9199a425792c8506556ccf91a in_time: 683081.1084, out_time: 683082.1217, total wait time: 1.0133 seconds
[36m(RouterManager pid=51733)[0m [Loongserve manager] scheduling time: 314.40 ms
[36m(RouterManager pid=51733)[0m [Loongserve manager] prefill and decoding batch scheduling results:
[36m(RouterManager pid=51733)[0m     running decode batch id: 8d91c79717f547a9b61cbfdb97afe581, req num: 75, occupied instances: [1], batch_used_tokens_sum: 206408
[36m(RouterManager pid=51733)[0m     prefill batch id: 55ac6412c5014ba490ebf6f7d40aca56, req num: 44, occupied instances: [2, 3, 0], batch_used_tokens_sum: 0
[36m(RouterManager pid=51733)[0m [Loongserve manager] running batch id: 8d91c79717f547a9b61cbfdb97afe581, req num: 26, occupied instances: [1], batch_used_tokens_sum: 62532
[36m(RouterManager pid=51733)[0m [Loongserve manager] running batch id: 55ac6412c5014ba490ebf6f7d40aca56, req num: 44, occupied instances: [2], batch_used_tokens_sum: 99323
[36m(RouterManager pid=51733)[0m === RouterManager iteration 902 ===
[36m(RouterManager pid=51733)[0m self.req_queue.waiting_req_list length: 35
[36m(RouterManager pid=51733)[0m === RouterManager iteration 904 ===
[36m(RouterManager pid=51733)[0m self.req_queue.waiting_req_list length: 35
[36m(RouterManager pid=51733)[0m === RouterManager iteration 906 ===
[36m(RouterManager pid=51733)[0m self.req_queue.waiting_req_list length: 35
[36m(RouterManager pid=51733)[0m === RouterManager iteration 908 ===
[36m(RouterManager pid=51733)[0m self.req_queue.waiting_req_list length: 36
[36m(RouterManager pid=51733)[0m === RouterManager iteration 910 ===
[36m(RouterManager pid=51733)[0m self.req_queue.waiting_req_list length: 36
[36m(RouterManager pid=51733)[0m === RouterManager iteration 912 ===
[36m(RouterManager pid=51733)[0m self.req_queue.waiting_req_list length: 36
[36m(RouterManager pid=51733)[0m === RouterManager iteration 914 ===
[36m(RouterManager pid=51733)[0m self.req_queue.waiting_req_list length: 36
[36m(RouterManager pid=51733)[0m === RouterManager iteration 916 ===
[36m(RouterManager pid=51733)[0m self.req_queue.waiting_req_list length: 36
[36m(RouterManager pid=51733)[0m === RouterManager iteration 918 ===
[36m(RouterManager pid=51733)[0m self.req_queue.waiting_req_list length: 37
[36m(RouterManager pid=51733)[0m === RouterManager iteration 920 ===
[36m(RouterManager pid=51733)[0m self.req_queue.waiting_req_list length: 37
[36m(RouterManager pid=51733)[0m === RouterManager iteration 922 ===
[36m(RouterManager pid=51733)[0m self.req_queue.waiting_req_list length: 37
[36m(RouterManager pid=51733)[0m [Router ReqQueue] Req chatcmpl-c3a33e8d8701461495847445d0da1389 in_time: 683080.3268, out_time: 683087.3449, total wait time: 7.0181 seconds
[36m(RouterManager pid=51733)[0m [Router ReqQueue] Req chatcmpl-7907fed9a83041ecabd2a2ca1e0b1b77 in_time: 683080.7469, out_time: 683087.3449, total wait time: 6.5981 seconds
[36m(RouterManager pid=51733)[0m [Router ReqQueue] Req chatcmpl-e4bc5c53707844878aa45b56d6cf5163 in_time: 683081.1129, out_time: 683087.3449, total wait time: 6.2320 seconds
[36m(RouterManager pid=51733)[0m [Router ReqQueue] Req chatcmpl-f5adad7c154b4f4f98f044548ad9dbd9 in_time: 683081.1340, out_time: 683087.3449, total wait time: 6.2110 seconds
[36m(RouterManager pid=51733)[0m [Router ReqQueue] Req chatcmpl-5e30613201a4421faf5dd38826fc7ad7 in_time: 683081.2809, out_time: 683087.3449, total wait time: 6.0640 seconds
[36m(RouterManager pid=51733)[0m [Router ReqQueue] Req chatcmpl-b499d65f4b3949c8bd779e23f10c28e5 in_time: 683081.3645, out_time: 683087.3450, total wait time: 5.9804 seconds
[36m(RouterManager pid=51733)[0m [Router ReqQueue] Req chatcmpl-1c475acaefbd4cd18dac21496d66122f in_time: 683081.7064, out_time: 683087.3450, total wait time: 5.6386 seconds
[36m(RouterManager pid=51733)[0m [Router ReqQueue] Req chatcmpl-05951191ded44cafaf75a254baa62bd8 in_time: 683081.9096, out_time: 683087.3450, total wait time: 5.4354 seconds
[36m(RouterManager pid=51733)[0m [Router ReqQueue] Req chatcmpl-bb0baa507be94ad18375e452ca3b2844 in_time: 683082.1636, out_time: 683087.3450, total wait time: 5.1814 seconds
[36m(RouterManager pid=51733)[0m [Router ReqQueue] Req chatcmpl-f1c4da77a8c8449695bbf8c5855b2794 in_time: 683082.2271, out_time: 683087.3450, total wait time: 5.1179 seconds
[36m(RouterManager pid=51733)[0m [Router ReqQueue] Req chatcmpl-7d2af250620f44f5be4b91925edacdc7 in_time: 683082.2344, out_time: 683087.3450, total wait time: 5.1106 seconds
[36m(RouterManager pid=51733)[0m [Router ReqQueue] Req chatcmpl-5d5c3d3e401048aeb84962a86da02c08 in_time: 683082.2838, out_time: 683087.3450, total wait time: 5.0613 seconds
[36m(RouterManager pid=51733)[0m [Router ReqQueue] Req chatcmpl-7e265c643adb4da3843f2bead7809332 in_time: 683082.2958, out_time: 683087.3450, total wait time: 5.0492 seconds
[36m(RouterManager pid=51733)[0m [Router ReqQueue] Req chatcmpl-4114af17f2eb46e4a6d5becfca91bb74 in_time: 683082.6071, out_time: 683087.3450, total wait time: 4.7379 seconds
[36m(RouterManager pid=51733)[0m [Router ReqQueue] Req chatcmpl-bb334e7799f646d8879d8b1d693d23ce in_time: 683082.7392, out_time: 683087.3450, total wait time: 4.6059 seconds
[36m(RouterManager pid=51733)[0m [Router ReqQueue] Req chatcmpl-1eedc7fb03e646e78636c9ed4f5ac3ab in_time: 683082.8205, out_time: 683087.3451, total wait time: 4.5246 seconds
[36m(RouterManager pid=51733)[0m [Router ReqQueue] Req chatcmpl-3e0e00a7096247beaf8995b02fd6e70f in_time: 683082.8433, out_time: 683087.3451, total wait time: 4.5017 seconds
[36m(RouterManager pid=51733)[0m [Router ReqQueue] Req chatcmpl-a227771d803d4224aff376872157cd44 in_time: 683082.8728, out_time: 683087.3451, total wait time: 4.4723 seconds
[36m(RouterManager pid=51733)[0m [Router ReqQueue] Req chatcmpl-e21951c753be4c1d8055c86e522ebb74 in_time: 683083.0638, out_time: 683087.3451, total wait time: 4.2813 seconds
[36m(RouterManager pid=51733)[0m [Router ReqQueue] Req chatcmpl-eae6aad297f140a5a42f2baccbc81179 in_time: 683083.0807, out_time: 683087.3451, total wait time: 4.2644 seconds
[36m(RouterManager pid=51733)[0m [Router ReqQueue] Req chatcmpl-b635067bfc4a453f92c0a6061a22ae83 in_time: 683083.6589, out_time: 683087.3451, total wait time: 3.6862 seconds
[36m(RouterManager pid=51733)[0m [Router ReqQueue] Req chatcmpl-99b1d75530e149b4b31731220768399f in_time: 683083.6606, out_time: 683087.3451, total wait time: 3.6846 seconds
[36m(RouterManager pid=51733)[0m [Router ReqQueue] Req chatcmpl-fd0c0ecc695e4b13901220bbcb7af721 in_time: 683084.0567, out_time: 683087.3451, total wait time: 3.2884 seconds
[36m(RouterManager pid=51733)[0m [Router ReqQueue] Req chatcmpl-a59a35e78c1b45d1a66646d59e7ed160 in_time: 683084.2093, out_time: 683087.3451, total wait time: 3.1358 seconds
[36m(RouterManager pid=51733)[0m [Router ReqQueue] Req chatcmpl-faf7e46c64ac4d8985cd41ce54de91ec in_time: 683084.5007, out_time: 683087.3451, total wait time: 2.8444 seconds
[36m(RouterManager pid=51733)[0m [Router ReqQueue] Req chatcmpl-63897a15f65c4c2982cfd34928067499 in_time: 683084.7143, out_time: 683087.3451, total wait time: 2.6309 seconds
[36m(RouterManager pid=51733)[0m [Router ReqQueue] Req chatcmpl-270a17a944a0480f97b4c2b34159be9e in_time: 683084.9058, out_time: 683087.3452, total wait time: 2.4393 seconds
[36m(RouterManager pid=51733)[0m [Router ReqQueue] Req chatcmpl-27a498898a6d4b8398ed9e1614b0bc81 in_time: 683085.4933, out_time: 683087.3452, total wait time: 1.8518 seconds
[36m(RouterManager pid=51733)[0m [Loongserve manager] scheduling time: 205.96 ms
[36m(RouterManager pid=51733)[0m [Loongserve manager] prefill and decoding batch scheduling results:
[36m(RouterManager pid=51733)[0m     running decode batch id: 55ac6412c5014ba490ebf6f7d40aca56, req num: 70, occupied instances: [2], batch_used_tokens_sum: 162555
[36m(RouterManager pid=51733)[0m     prefill batch id: 8ea542c061984fa88b4f4e86ffc3f31e, req num: 28, occupied instances: [0, 3, 1], batch_used_tokens_sum: 0
[36m(RouterManager pid=51733)[0m [Loongserve manager] running batch id: 55ac6412c5014ba490ebf6f7d40aca56, req num: 69, occupied instances: [2], batch_used_tokens_sum: 148208
[36m(RouterManager pid=51733)[0m [Loongserve manager] running batch id: 8ea542c061984fa88b4f4e86ffc3f31e, req num: 28, occupied instances: [0], batch_used_tokens_sum: 95272
[36m(RouterManager pid=51733)[0m === RouterManager iteration 924 ===
[36m(RouterManager pid=51733)[0m self.req_queue.waiting_req_list length: 36
[36m(RouterManager pid=51733)[0m === RouterManager iteration 926 ===
[36m(RouterManager pid=51733)[0m self.req_queue.waiting_req_list length: 36
[36m(RouterManager pid=51733)[0m === RouterManager iteration 928 ===
[36m(RouterManager pid=51733)[0m self.req_queue.waiting_req_list length: 36
[36m(RouterManager pid=51733)[0m === RouterManager iteration 930 ===
[36m(RouterManager pid=51733)[0m self.req_queue.waiting_req_list length: 36
[36m(RouterManager pid=51733)[0m === RouterManager iteration 932 ===
[36m(RouterManager pid=51733)[0m self.req_queue.waiting_req_list length: 36
[36m(RouterManager pid=51733)[0m === RouterManager iteration 934 ===
[36m(RouterManager pid=51733)[0m self.req_queue.waiting_req_list length: 37
[36m(RouterManager pid=51733)[0m === RouterManager iteration 936 ===
[36m(RouterManager pid=51733)[0m self.req_queue.waiting_req_list length: 38
[36m(RouterManager pid=51733)[0m === RouterManager iteration 938 ===
[36m(RouterManager pid=51733)[0m self.req_queue.waiting_req_list length: 38
[36m(RouterManager pid=51733)[0m === RouterManager iteration 940 ===
[36m(RouterManager pid=51733)[0m self.req_queue.waiting_req_list length: 39
[36m(RouterManager pid=51733)[0m === RouterManager iteration 942 ===
[36m(RouterManager pid=51733)[0m self.req_queue.waiting_req_list length: 39
[36m(RouterManager pid=51733)[0m === RouterManager iteration 944 ===
[36m(RouterManager pid=51733)[0m self.req_queue.waiting_req_list length: 39
[36m(RouterManager pid=51733)[0m [Router ReqQueue] Req chatcmpl-13109b42b0db474d88a4732571bf632a in_time: 683085.5042, out_time: 683092.4677, total wait time: 6.9635 seconds
[36m(RouterManager pid=51733)[0m [Router ReqQueue] Req chatcmpl-94fc3912e25e42bd8ce9c6d70277fceb in_time: 683085.8225, out_time: 683092.4677, total wait time: 6.6452 seconds
[36m(RouterManager pid=51733)[0m [Router ReqQueue] Req chatcmpl-4c460c28507546e2a13d4a7f26622818 in_time: 683086.0196, out_time: 683092.4677, total wait time: 6.4481 seconds
[36m(RouterManager pid=51733)[0m [Router ReqQueue] Req chatcmpl-05a04f1431044775a900d81eae4d1874 in_time: 683086.3929, out_time: 683092.4677, total wait time: 6.0748 seconds
[36m(RouterManager pid=51733)[0m [Router ReqQueue] Req chatcmpl-018ef385611f49e29d7bf79330f27592 in_time: 683086.5998, out_time: 683092.4677, total wait time: 5.8680 seconds
[36m(RouterManager pid=51733)[0m [Router ReqQueue] Req chatcmpl-7af7e65b831c432590df2befb68869f9 in_time: 683086.6530, out_time: 683092.4678, total wait time: 5.8147 seconds
[36m(RouterManager pid=51733)[0m [Router ReqQueue] Req chatcmpl-4dc9598ead804ba3987bd36b4c18e325 in_time: 683086.6753, out_time: 683092.4678, total wait time: 5.7925 seconds
[36m(RouterManager pid=51733)[0m [Router ReqQueue] Req chatcmpl-0b707c937bbd4ea999a108b10d18e847 in_time: 683087.0569, out_time: 683092.4678, total wait time: 5.4108 seconds
[36m(RouterManager pid=51733)[0m [Router ReqQueue] Req chatcmpl-b48a14b925ec42c4896bf66b8e8787d5 in_time: 683087.2431, out_time: 683092.4678, total wait time: 5.2247 seconds
[36m(RouterManager pid=51733)[0m [Router ReqQueue] Req chatcmpl-312392cb6cf94607a77d0e47f0c5350a in_time: 683087.4043, out_time: 683092.4678, total wait time: 5.0634 seconds
[36m(RouterManager pid=51733)[0m [Router ReqQueue] Req chatcmpl-d9bf5a916f474b93b1c7f9218e57b58a in_time: 683087.6153, out_time: 683092.4678, total wait time: 4.8525 seconds
[36m(RouterManager pid=51733)[0m [Router ReqQueue] Req chatcmpl-db460ac5c44444a981164149d8b12033 in_time: 683087.9530, out_time: 683092.4678, total wait time: 4.5148 seconds
[36m(RouterManager pid=51733)[0m [Router ReqQueue] Req chatcmpl-6da1f6c0f67341d282bf22016d6c2c13 in_time: 683088.0292, out_time: 683092.4678, total wait time: 4.4387 seconds
[36m(RouterManager pid=51733)[0m [Router ReqQueue] Req chatcmpl-6f4b8491b139401eb4e27e45c8f27118 in_time: 683088.0628, out_time: 683092.4678, total wait time: 4.4050 seconds
[36m(RouterManager pid=51733)[0m [Router ReqQueue] Req chatcmpl-eeee57f14ed94a619ed63e26778c307e in_time: 683088.2861, out_time: 683092.4678, total wait time: 4.1817 seconds
[36m(RouterManager pid=51733)[0m [Router ReqQueue] Req chatcmpl-9be80db67bef48f297c6815075333cee in_time: 683088.3593, out_time: 683092.4678, total wait time: 4.1085 seconds
[36m(RouterManager pid=51733)[0m [Router ReqQueue] Req chatcmpl-7695af42257a4b60bd19104b377c1a97 in_time: 683088.7152, out_time: 683092.4679, total wait time: 3.7527 seconds
[36m(RouterManager pid=51733)[0m [Router ReqQueue] Req chatcmpl-f050e8450f75411fa38e9ed35bcab5a7 in_time: 683089.1355, out_time: 683092.4679, total wait time: 3.3324 seconds
[36m(RouterManager pid=51733)[0m [Router ReqQueue] Req chatcmpl-aead4078ca40425e8d04d0adfbc1f2ff in_time: 683089.5342, out_time: 683092.4679, total wait time: 2.9336 seconds
[36m(RouterManager pid=51733)[0m [Router ReqQueue] Req chatcmpl-64fb571a28e24d5da3abea18596a0944 in_time: 683089.9625, out_time: 683092.4679, total wait time: 2.5053 seconds
[36m(RouterManager pid=51733)[0m [Router ReqQueue] Req chatcmpl-bab1446c1a0944ff913fcb0fd6ab4b82 in_time: 683090.0242, out_time: 683092.4679, total wait time: 2.4437 seconds
[36m(RouterManager pid=51733)[0m [Router ReqQueue] Req chatcmpl-4793eb42a3d846d6b61dd240e4cf03c4 in_time: 683090.0516, out_time: 683092.4679, total wait time: 2.4163 seconds
[36m(RouterManager pid=51733)[0m [Loongserve manager] scheduling time: 22.31 ms
[36m(RouterManager pid=51733)[0m [Loongserve manager] prefill and decoding batch scheduling results:
[36m(RouterManager pid=51733)[0m     running decode batch id: 8ea542c061984fa88b4f4e86ffc3f31e, req num: 97, occupied instances: [2, 0], batch_used_tokens_sum: 244450
[36m(RouterManager pid=51733)[0m     prefill batch id: f1b01320c65149d4b2fd9b3fb676b478, req num: 22, occupied instances: [1, 3], batch_used_tokens_sum: 0
[36m(RouterManager pid=51733)[0m [Loongserve manager] running batch id: 8ea542c061984fa88b4f4e86ffc3f31e, req num: 27, occupied instances: [0, 2], batch_used_tokens_sum: 80851
[36m(RouterManager pid=51733)[0m [Loongserve manager] running batch id: f1b01320c65149d4b2fd9b3fb676b478, req num: 22, occupied instances: [1], batch_used_tokens_sum: 98990
[36m(RouterManager pid=51733)[0m === RouterManager iteration 946 ===
[36m(RouterManager pid=51733)[0m self.req_queue.waiting_req_list length: 55
[36m(RouterManager pid=51733)[0m === RouterManager iteration 948 ===
[36m(RouterManager pid=51733)[0m self.req_queue.waiting_req_list length: 56
[36m(RouterManager pid=51733)[0m === RouterManager iteration 950 ===
[36m(RouterManager pid=51733)[0m self.req_queue.waiting_req_list length: 57
[36m(RouterManager pid=51733)[0m === RouterManager iteration 952 ===
[36m(RouterManager pid=51733)[0m self.req_queue.waiting_req_list length: 57
[36m(RouterManager pid=51733)[0m === RouterManager iteration 954 ===
[36m(RouterManager pid=51733)[0m self.req_queue.waiting_req_list length: 57
[36m(RouterManager pid=51733)[0m === RouterManager iteration 956 ===
[36m(RouterManager pid=51733)[0m self.req_queue.waiting_req_list length: 57
[36m(RouterManager pid=51733)[0m === RouterManager iteration 958 ===
[36m(RouterManager pid=51733)[0m self.req_queue.waiting_req_list length: 57
[36m(RouterManager pid=51733)[0m === RouterManager iteration 960 ===
[36m(RouterManager pid=51733)[0m self.req_queue.waiting_req_list length: 57
[36m(RouterManager pid=51733)[0m === RouterManager iteration 962 ===
[36m(RouterManager pid=51733)[0m self.req_queue.waiting_req_list length: 57
[36m(RouterManager pid=51733)[0m === RouterManager iteration 964 ===
[36m(RouterManager pid=51733)[0m self.req_queue.waiting_req_list length: 57
[36m(RouterManager pid=51733)[0m === RouterManager iteration 966 ===
[36m(RouterManager pid=51733)[0m self.req_queue.waiting_req_list length: 57
[36m(RouterManager pid=51733)[0m [Router ReqQueue] Req chatcmpl-13bf9bb71d8c4601a7d92f2f6fd1f5a5 in_time: 683089.9687, out_time: 683099.8576, total wait time: 9.8889 seconds
[36m(RouterManager pid=51733)[0m [Router ReqQueue] Req chatcmpl-7fbad85d7edf43f7887e5591ebc7031c in_time: 683090.4648, out_time: 683099.8576, total wait time: 9.3928 seconds
[36m(RouterManager pid=51733)[0m [Router ReqQueue] Req chatcmpl-bae94b83cd56485cba4ac346f8d58047 in_time: 683090.5932, out_time: 683099.8576, total wait time: 9.2643 seconds
[36m(RouterManager pid=51733)[0m [Router ReqQueue] Req chatcmpl-552954d4585440fe853a5a89b43fbb63 in_time: 683090.6139, out_time: 683099.8576, total wait time: 9.2437 seconds
[36m(RouterManager pid=51733)[0m [Router ReqQueue] Req chatcmpl-377b277e4c7b409aa2d5e60da28137f5 in_time: 683090.6362, out_time: 683099.8576, total wait time: 9.2214 seconds
[36m(RouterManager pid=51733)[0m [Router ReqQueue] Req chatcmpl-278ab24e91bb420faad0cbb35259d503 in_time: 683090.6794, out_time: 683099.8576, total wait time: 9.1782 seconds
[36m(RouterManager pid=51733)[0m [Router ReqQueue] Req chatcmpl-aa13695a68dd4e1a99b4686807fc9c76 in_time: 683090.8034, out_time: 683099.8576, total wait time: 9.0542 seconds
[36m(RouterManager pid=51733)[0m [Router ReqQueue] Req chatcmpl-b537b7cc79184b88a981fa48e1ba5c1a in_time: 683091.0028, out_time: 683099.8576, total wait time: 8.8548 seconds
[36m(RouterManager pid=51733)[0m [Router ReqQueue] Req chatcmpl-0fc2d629ef444c03b7895b9a4f0babb2 in_time: 683091.0976, out_time: 683099.8576, total wait time: 8.7601 seconds
[36m(RouterManager pid=51733)[0m [Router ReqQueue] Req chatcmpl-57b761050a0747c2b608c5d90683ba93 in_time: 683091.2534, out_time: 683099.8577, total wait time: 8.6042 seconds
[36m(RouterManager pid=51733)[0m [Router ReqQueue] Req chatcmpl-adbea1c77d5b4089a3172842f4764bb1 in_time: 683091.2869, out_time: 683099.8577, total wait time: 8.5708 seconds
[36m(RouterManager pid=51733)[0m [Router ReqQueue] Req chatcmpl-bf5e23e0310d4626b051004333e55423 in_time: 683091.4529, out_time: 683099.8577, total wait time: 8.4048 seconds
[36m(RouterManager pid=51733)[0m [Router ReqQueue] Req chatcmpl-cddfaaa61c5a41fe9bd3ada122e2b0c1 in_time: 683091.6979, out_time: 683099.8577, total wait time: 8.1598 seconds
[36m(RouterManager pid=51733)[0m [Router ReqQueue] Req chatcmpl-86c7769e730c4d4a995a5f54e0aa780e in_time: 683091.8958, out_time: 683099.8577, total wait time: 7.9619 seconds
[36m(RouterManager pid=51733)[0m [Router ReqQueue] Req chatcmpl-6f0f153a84c441acbd3253ecd3d1acab in_time: 683092.1887, out_time: 683099.8577, total wait time: 7.6690 seconds
[36m(RouterManager pid=51733)[0m [Router ReqQueue] Req chatcmpl-5feebe6d3b6f40de8ba44f1748ea7e48 in_time: 683092.2160, out_time: 683099.8577, total wait time: 7.6417 seconds
[36m(RouterManager pid=51733)[0m [Router ReqQueue] Req chatcmpl-50a49c51c9374ea7aadaedf7c5b1cae1 in_time: 683092.3129, out_time: 683099.8577, total wait time: 7.5449 seconds
[36m(RouterManager pid=51733)[0m [Router ReqQueue] Req chatcmpl-4a90ed98503b421b8cb249578a97cd9f in_time: 683092.8366, out_time: 683099.8577, total wait time: 7.0211 seconds
[36m(RouterManager pid=51733)[0m [Router ReqQueue] Req chatcmpl-03c980fe9119498493bede42ea2a7cef in_time: 683093.2908, out_time: 683099.8577, total wait time: 6.5669 seconds
[36m(RouterManager pid=51733)[0m [Router ReqQueue] Req chatcmpl-3b2e457fd7ce4afebc5a2a508e587aaa in_time: 683093.3139, out_time: 683099.8577, total wait time: 6.5438 seconds
[36m(RouterManager pid=51733)[0m [Router ReqQueue] Req chatcmpl-c367092c71954ddc8db0ed5275fc3d9a in_time: 683093.5748, out_time: 683099.8577, total wait time: 6.2830 seconds
[36m(RouterManager pid=51733)[0m [Router ReqQueue] Req chatcmpl-2d39fe163afe442586bb29e68f7db44c in_time: 683093.6239, out_time: 683099.8578, total wait time: 6.2339 seconds
[36m(RouterManager pid=51733)[0m [Router ReqQueue] Req chatcmpl-424f4db66c2844db8eefb615fb1edc70 in_time: 683093.8234, out_time: 683099.8578, total wait time: 6.0344 seconds
[36m(RouterManager pid=51733)[0m [Router ReqQueue] Req chatcmpl-37f05af80d594c0fbdc03f3cc4aa2161 in_time: 683093.8860, out_time: 683099.8578, total wait time: 5.9718 seconds
[36m(RouterManager pid=51733)[0m [Router ReqQueue] Req chatcmpl-328b3bfbb0404644b717bf858a0cc899 in_time: 683093.9148, out_time: 683099.8578, total wait time: 5.9430 seconds
[36m(RouterManager pid=51733)[0m [Loongserve manager] scheduling time: 263.26 ms
[36m(RouterManager pid=51733)[0m [Loongserve manager] prefill and decoding batch scheduling results:
[36m(RouterManager pid=51733)[0m     running decode batch id: f1b01320c65149d4b2fd9b3fb676b478, req num: 49, occupied instances: [1], batch_used_tokens_sum: 180331
[36m(RouterManager pid=51733)[0m     prefill batch id: e70d1279cea446f7ad0350ac10e67a39, req num: 25, occupied instances: [3, 2, 0], batch_used_tokens_sum: 0
[36m(RouterManager pid=51733)[0m [Loongserve manager] running batch id: f1b01320c65149d4b2fd9b3fb676b478, req num: 18, occupied instances: [1], batch_used_tokens_sum: 23848
[36m(RouterManager pid=51733)[0m [Loongserve manager] running batch id: e70d1279cea446f7ad0350ac10e67a39, req num: 25, occupied instances: [3], batch_used_tokens_sum: 99067
[36m(RouterManager pid=51733)[0m === RouterManager iteration 968 ===
[36m(RouterManager pid=51733)[0m self.req_queue.waiting_req_list length: 54
[36m(RouterManager pid=51733)[0m === RouterManager iteration 970 ===
[36m(RouterManager pid=51733)[0m self.req_queue.waiting_req_list length: 55
[36m(RouterManager pid=51733)[0m === RouterManager iteration 972 ===
[36m(RouterManager pid=51733)[0m self.req_queue.waiting_req_list length: 55
[36m(RouterManager pid=51733)[0m === RouterManager iteration 974 ===
[36m(RouterManager pid=51733)[0m self.req_queue.waiting_req_list length: 55
[36m(RouterManager pid=51733)[0m === RouterManager iteration 976 ===
[36m(RouterManager pid=51733)[0m self.req_queue.waiting_req_list length: 55
[36m(RouterManager pid=51733)[0m === RouterManager iteration 978 ===
[36m(RouterManager pid=51733)[0m self.req_queue.waiting_req_list length: 55
[36m(RouterManager pid=51733)[0m === RouterManager iteration 980 ===
[36m(RouterManager pid=51733)[0m self.req_queue.waiting_req_list length: 55
[36m(RouterManager pid=51733)[0m === RouterManager iteration 982 ===
[36m(RouterManager pid=51733)[0m self.req_queue.waiting_req_list length: 55
[36m(RouterManager pid=51733)[0m === RouterManager iteration 984 ===
[36m(RouterManager pid=51733)[0m self.req_queue.waiting_req_list length: 55
[36m(RouterManager pid=51733)[0m === RouterManager iteration 986 ===
[36m(RouterManager pid=51733)[0m self.req_queue.waiting_req_list length: 55
[36m(RouterManager pid=51733)[0m === RouterManager iteration 988 ===
[36m(RouterManager pid=51733)[0m self.req_queue.waiting_req_list length: 55
[36m(RouterManager pid=51733)[0m [Router ReqQueue] Req chatcmpl-d6cd1e0a11bc453c85e6787b0e3739c2 in_time: 683094.0831, out_time: 683105.0695, total wait time: 10.9864 seconds
[36m(RouterManager pid=51733)[0m [Router ReqQueue] Req chatcmpl-0597b33b11594e39a632e465b0fc5efa in_time: 683094.5300, out_time: 683105.0696, total wait time: 10.5396 seconds
[36m(RouterManager pid=51733)[0m [Router ReqQueue] Req chatcmpl-858510cb03114022bc54e788c8c460c5 in_time: 683094.5943, out_time: 683105.0696, total wait time: 10.4753 seconds
[36m(RouterManager pid=51733)[0m [Router ReqQueue] Req chatcmpl-721c20bf548e45aba810f129f0d505a6 in_time: 683094.8715, out_time: 683105.0696, total wait time: 10.1981 seconds
[36m(RouterManager pid=51733)[0m [Router ReqQueue] Req chatcmpl-e6f7c48027ad42e7be2775a934e04ebb in_time: 683094.8896, out_time: 683105.0696, total wait time: 10.1800 seconds
[36m(RouterManager pid=51733)[0m [Router ReqQueue] Req chatcmpl-21a7b9d724514dd9bb8968c5bb464c58 in_time: 683095.1059, out_time: 683105.0696, total wait time: 9.9638 seconds
[36m(RouterManager pid=51733)[0m [Router ReqQueue] Req chatcmpl-348f4f560b9b481cbc4867e5c69127f8 in_time: 683095.2214, out_time: 683105.0696, total wait time: 9.8483 seconds
[36m(RouterManager pid=51733)[0m [Router ReqQueue] Req chatcmpl-cc8bb575f8604b869a00a4e015c0e02a in_time: 683095.7653, out_time: 683105.0696, total wait time: 9.3044 seconds
[36m(RouterManager pid=51733)[0m [Router ReqQueue] Req chatcmpl-c0585a8cfe4d4f0189ff0dae1784e0d1 in_time: 683095.9464, out_time: 683105.0696, total wait time: 9.1233 seconds
[36m(RouterManager pid=51733)[0m [Router ReqQueue] Req chatcmpl-cb9a252652684fdea4bf1d2eb60ea38a in_time: 683096.1608, out_time: 683105.0696, total wait time: 8.9089 seconds
[36m(RouterManager pid=51733)[0m [Router ReqQueue] Req chatcmpl-038b86cab9364313972302fd76ff3fd1 in_time: 683096.5204, out_time: 683105.0697, total wait time: 8.5493 seconds
[36m(RouterManager pid=51733)[0m [Router ReqQueue] Req chatcmpl-bddec816511e4529a72bebab769356f8 in_time: 683096.8610, out_time: 683105.0697, total wait time: 8.2087 seconds
[36m(RouterManager pid=51733)[0m [Router ReqQueue] Req chatcmpl-b37e41200f2345459b62505a4583911b in_time: 683096.8819, out_time: 683105.0697, total wait time: 8.1878 seconds
[36m(RouterManager pid=51733)[0m [Router ReqQueue] Req chatcmpl-a3236ed344184b98b318caa6b3bea1c5 in_time: 683096.9911, out_time: 683105.0697, total wait time: 8.0786 seconds
[36m(RouterManager pid=51733)[0m [Router ReqQueue] Req chatcmpl-2be0be2f27ca472690eaad5654da4ea8 in_time: 683097.1424, out_time: 683105.0697, total wait time: 7.9273 seconds
[36m(RouterManager pid=51733)[0m [Router ReqQueue] Req chatcmpl-7b8927a4b8244e89b17e66dfcd361cbe in_time: 683097.1635, out_time: 683105.0697, total wait time: 7.9062 seconds
[36m(RouterManager pid=51733)[0m [Router ReqQueue] Req chatcmpl-acd2324d0b8740c6b7e07c1b6d2bddae in_time: 683097.4296, out_time: 683105.0697, total wait time: 7.6401 seconds
[36m(RouterManager pid=51733)[0m [Router ReqQueue] Req chatcmpl-85ff772eb5214233ae3f5d8adf53d30a in_time: 683097.6173, out_time: 683105.0697, total wait time: 7.4525 seconds
[36m(RouterManager pid=51733)[0m [Router ReqQueue] Req chatcmpl-221134abbe524582be94974ae226c03c in_time: 683097.8321, out_time: 683105.0697, total wait time: 7.2377 seconds
[36m(RouterManager pid=51733)[0m [Router ReqQueue] Req chatcmpl-a1136f672f944a7fbed3720cf9010d20 in_time: 683097.9643, out_time: 683105.0698, total wait time: 7.1054 seconds
[36m(RouterManager pid=51733)[0m [Router ReqQueue] Req chatcmpl-9f5740acf09c4110a1c6b0486e635471 in_time: 683098.0681, out_time: 683105.0698, total wait time: 7.0016 seconds
[36m(RouterManager pid=51733)[0m [Router ReqQueue] Req chatcmpl-796ef0ecdfce44768e7874a244efb962 in_time: 683098.3726, out_time: 683105.0698, total wait time: 6.6972 seconds
[36m(RouterManager pid=51733)[0m [Router ReqQueue] Req chatcmpl-795caec3af5345c88d1c3fe67bf80371 in_time: 683098.4050, out_time: 683105.0698, total wait time: 6.6647 seconds
[36m(RouterManager pid=51733)[0m [Router ReqQueue] Req chatcmpl-3a661f89a64246d5b0189da1fd6cc4cb in_time: 683098.4740, out_time: 683105.0698, total wait time: 6.5958 seconds
[36m(RouterManager pid=51733)[0m [Router ReqQueue] Req chatcmpl-2530e0589ee24ae09c5a006ec92291d0 in_time: 683098.7181, out_time: 683105.0698, total wait time: 6.3517 seconds
[36m(RouterManager pid=51733)[0m [Router ReqQueue] Req chatcmpl-c1dd827da4b94794bba3e8624c4f7b9e in_time: 683098.7444, out_time: 683105.0698, total wait time: 6.3254 seconds
[36m(RouterManager pid=51733)[0m [Router ReqQueue] Req chatcmpl-e569116f5e4d402ca6a8100bd8d65964 in_time: 683098.7613, out_time: 683105.0698, total wait time: 6.3085 seconds
[36m(RouterManager pid=51733)[0m [Router ReqQueue] Req chatcmpl-19f2e194a6d64ee7812d32700a3a3782 in_time: 683098.7965, out_time: 683105.0698, total wait time: 6.2734 seconds
[36m(RouterManager pid=51733)[0m [Router ReqQueue] Req chatcmpl-6a189ae922494153af84832138ce1f5d in_time: 683098.9283, out_time: 683105.0698, total wait time: 6.1415 seconds
[36m(RouterManager pid=51733)[0m [Router ReqQueue] Req chatcmpl-55e45420e67a415c8344b1bc14f83d01 in_time: 683099.1703, out_time: 683105.0699, total wait time: 5.8996 seconds
[36m(RouterManager pid=51733)[0m [Router ReqQueue] Req chatcmpl-381775415f654b228587855aeeb6f3af in_time: 683099.5076, out_time: 683105.0699, total wait time: 5.5623 seconds
[36m(RouterManager pid=51733)[0m [Router ReqQueue] Req chatcmpl-01e618230dcb40da99f1ce7f01937966 in_time: 683099.5385, out_time: 683105.0699, total wait time: 5.5313 seconds
[36m(RouterManager pid=51733)[0m [Router ReqQueue] Req chatcmpl-bae5ef3f7e44429a82ffe48be4588509 in_time: 683100.0033, out_time: 683105.0699, total wait time: 5.0666 seconds
[36m(RouterManager pid=51733)[0m [Router ReqQueue] Req chatcmpl-6488f5b6d116491c9a00ef6699b3745e in_time: 683100.1402, out_time: 683105.0699, total wait time: 4.9297 seconds
[36m(RouterManager pid=51733)[0m [Router ReqQueue] Req chatcmpl-70e1f30018a54405ae847ea6962b599b in_time: 683100.2135, out_time: 683105.0699, total wait time: 4.8563 seconds
[36m(RouterManager pid=51733)[0m [Router ReqQueue] Req chatcmpl-4084ac3b8a0245909a93cbd6711deb84 in_time: 683100.4432, out_time: 683105.0699, total wait time: 4.6267 seconds
[36m(RouterManager pid=51733)[0m [Router ReqQueue] Req chatcmpl-5332416ff87e477f8b4d72a1878e680b in_time: 683100.5155, out_time: 683105.0699, total wait time: 4.5544 seconds
[36m(RouterManager pid=51733)[0m [Router ReqQueue] Req chatcmpl-315713835e9f489cb5ff1164f97ddaf0 in_time: 683100.6514, out_time: 683105.0699, total wait time: 4.4185 seconds
[36m(RouterManager pid=51733)[0m [Router ReqQueue] Req chatcmpl-e284cfe452e247bba21e854369cb3882 in_time: 683100.7123, out_time: 683105.0699, total wait time: 4.3576 seconds
[36m(RouterManager pid=51733)[0m [Router ReqQueue] Req chatcmpl-af77ff1dcbd0428d8536371d8ff15493 in_time: 683100.7753, out_time: 683105.0699, total wait time: 4.2947 seconds
[36m(RouterManager pid=51733)[0m [Router ReqQueue] Req chatcmpl-9551bcb9ea6a4b73ae502db61e698020 in_time: 683101.1670, out_time: 683105.0699, total wait time: 3.9029 seconds
[36m(RouterManager pid=51733)[0m [Router ReqQueue] Req chatcmpl-99208767c08149afafc9bd9659859452 in_time: 683101.1814, out_time: 683105.0700, total wait time: 3.8886 seconds
[36m(RouterManager pid=51733)[0m [Router ReqQueue] Req chatcmpl-7c62108123604b85bc1603e3ec9d48c7 in_time: 683101.6993, out_time: 683105.0700, total wait time: 3.3707 seconds
[36m(RouterManager pid=51733)[0m [Router ReqQueue] Req chatcmpl-9219b8aba4ca409a8f130c095ee39784 in_time: 683101.7856, out_time: 683105.0700, total wait time: 3.2844 seconds
[36m(RouterManager pid=51733)[0m [Loongserve manager] scheduling time: 53.92 ms
[36m(RouterManager pid=51733)[0m [Loongserve manager] prefill and decoding batch scheduling results:
[36m(RouterManager pid=51733)[0m     running decode batch id: e70d1279cea446f7ad0350ac10e67a39, req num: 43, occupied instances: [3], batch_used_tokens_sum: 123345
[36m(RouterManager pid=51733)[0m     prefill batch id: 285c7284488e4255a0aacc309c5f429a, req num: 44, occupied instances: [0, 2, 1], batch_used_tokens_sum: 0
[36m(RouterManager pid=51733)[0m [Loongserve manager] running batch id: e70d1279cea446f7ad0350ac10e67a39, req num: 24, occupied instances: [3], batch_used_tokens_sum: 82552
[36m(RouterManager pid=51733)[0m [Loongserve manager] running batch id: 285c7284488e4255a0aacc309c5f429a, req num: 44, occupied instances: [0], batch_used_tokens_sum: 99469
[36m(RouterManager pid=51733)[0m === RouterManager iteration 990 ===
[36m(RouterManager pid=51733)[0m self.req_queue.waiting_req_list length: 44
[36m(RouterManager pid=51733)[0m === RouterManager iteration 992 ===
[36m(RouterManager pid=51733)[0m self.req_queue.waiting_req_list length: 44
[36m(RouterManager pid=51733)[0m === RouterManager iteration 994 ===
[36m(RouterManager pid=51733)[0m self.req_queue.waiting_req_list length: 45
[36m(RouterManager pid=51733)[0m === RouterManager iteration 996 ===
[36m(RouterManager pid=51733)[0m self.req_queue.waiting_req_list length: 45
[36m(RouterManager pid=51733)[0m === RouterManager iteration 998 ===
[36m(RouterManager pid=51733)[0m self.req_queue.waiting_req_list length: 45
[36m(RouterManager pid=51733)[0m === RouterManager iteration 1000 ===
[36m(RouterManager pid=51733)[0m self.req_queue.waiting_req_list length: 45
[36m(RouterManager pid=51733)[0m === RouterManager iteration 1002 ===
[36m(RouterManager pid=51733)[0m self.req_queue.waiting_req_list length: 46
[36m(RouterManager pid=51733)[0m === RouterManager iteration 1004 ===
[36m(RouterManager pid=51733)[0m self.req_queue.waiting_req_list length: 46
[36m(RouterManager pid=51733)[0m === RouterManager iteration 1006 ===
[36m(RouterManager pid=51733)[0m self.req_queue.waiting_req_list length: 46
[36m(RouterManager pid=51733)[0m === RouterManager iteration 1008 ===
[36m(RouterManager pid=51733)[0m self.req_queue.waiting_req_list length: 46
[36m(RouterManager pid=51733)[0m === RouterManager iteration 1010 ===
[36m(RouterManager pid=51733)[0m self.req_queue.waiting_req_list length: 47
[36m(RouterManager pid=51733)[0m [Router ReqQueue] Req chatcmpl-5366136a06b847c5b2f80589399270a7 in_time: 683101.8857, out_time: 683110.0088, total wait time: 8.1231 seconds
[36m(RouterManager pid=51733)[0m [Router ReqQueue] Req chatcmpl-1e42d1ed756247d2b3873ffc836e93fa in_time: 683102.1787, out_time: 683110.0089, total wait time: 7.8302 seconds
[36m(RouterManager pid=51733)[0m [Router ReqQueue] Req chatcmpl-a6fa56e70bf3429eb84707f01364c78c in_time: 683102.2237, out_time: 683110.0089, total wait time: 7.7852 seconds
[36m(RouterManager pid=51733)[0m [Router ReqQueue] Req chatcmpl-d4fba7aab1de4148b56e7caf8795db2a in_time: 683103.2877, out_time: 683110.0089, total wait time: 6.7212 seconds
[36m(RouterManager pid=51733)[0m [Router ReqQueue] Req chatcmpl-22099ea112de43a597f3d2b78ab704b7 in_time: 683103.2951, out_time: 683110.0089, total wait time: 6.7138 seconds
[36m(RouterManager pid=51733)[0m [Router ReqQueue] Req chatcmpl-5cf4dc532a82417ab239678d51b2c3ae in_time: 683103.3972, out_time: 683110.0089, total wait time: 6.6117 seconds
[36m(RouterManager pid=51733)[0m [Router ReqQueue] Req chatcmpl-e41c512740cd4bb586b681fe7bca58d8 in_time: 683103.8237, out_time: 683110.0089, total wait time: 6.1852 seconds
[36m(RouterManager pid=51733)[0m [Router ReqQueue] Req chatcmpl-130611d18fa94f55b88041089ceb6184 in_time: 683103.9799, out_time: 683110.0089, total wait time: 6.0290 seconds
[36m(RouterManager pid=51733)[0m [Router ReqQueue] Req chatcmpl-94c81e6b445146d8916cc72bd6ef0555 in_time: 683104.0693, out_time: 683110.0089, total wait time: 5.9396 seconds
[36m(RouterManager pid=51733)[0m [Router ReqQueue] Req chatcmpl-380190a665d14756a7f21bd0543dc9fb in_time: 683104.1912, out_time: 683110.0089, total wait time: 5.8178 seconds
[36m(RouterManager pid=51733)[0m [Router ReqQueue] Req chatcmpl-ed41509b489944bbb8ce510a172bfa6b in_time: 683104.7092, out_time: 683110.0089, total wait time: 5.2997 seconds
[36m(RouterManager pid=51733)[0m [Router ReqQueue] Req chatcmpl-4f5cb795091747778708b69f9a9db1c6 in_time: 683105.0767, out_time: 683110.0089, total wait time: 4.9322 seconds
[36m(RouterManager pid=51733)[0m [Router ReqQueue] Req chatcmpl-cf1c4af0b9564191970cc7c07bb1e0aa in_time: 683105.1794, out_time: 683110.0090, total wait time: 4.8296 seconds
[36m(RouterManager pid=51733)[0m [Router ReqQueue] Req chatcmpl-ed62fdd21b2f43e5a9afbba6f55315e9 in_time: 683105.2049, out_time: 683110.0090, total wait time: 4.8041 seconds
[36m(RouterManager pid=51733)[0m [Router ReqQueue] Req chatcmpl-d23b223543ba467b9d80c22482ad8b8a in_time: 683105.2215, out_time: 683110.0090, total wait time: 4.7875 seconds
[36m(RouterManager pid=51733)[0m [Router ReqQueue] Req chatcmpl-429c5e0ee1684863bd1f6904e5ab4a95 in_time: 683105.2239, out_time: 683110.0090, total wait time: 4.7850 seconds
[36m(RouterManager pid=51733)[0m [Router ReqQueue] Req chatcmpl-d0b71e5dfc7b45bc92731aea43a50e1e in_time: 683105.6088, out_time: 683110.0090, total wait time: 4.4002 seconds
[36m(RouterManager pid=51733)[0m [Router ReqQueue] Req chatcmpl-1447d710a782428082929e4cdd036d6d in_time: 683105.6394, out_time: 683110.0090, total wait time: 4.3696 seconds
[36m(RouterManager pid=51733)[0m [Router ReqQueue] Req chatcmpl-03e3e975de494845a46f452fdc90092f in_time: 683105.7308, out_time: 683110.0090, total wait time: 4.2782 seconds
[36m(RouterManager pid=51733)[0m [Router ReqQueue] Req chatcmpl-511abcb436074787810f10e600d782d5 in_time: 683105.8829, out_time: 683110.0090, total wait time: 4.1261 seconds
[36m(RouterManager pid=51733)[0m [Router ReqQueue] Req chatcmpl-449b9db50e9648aea7577b0a99208bd6 in_time: 683105.9823, out_time: 683110.0090, total wait time: 4.0267 seconds
[36m(RouterManager pid=51733)[0m [Router ReqQueue] Req chatcmpl-192b50e6a1924ca9bbb8534d1601477c in_time: 683106.0173, out_time: 683110.0090, total wait time: 3.9918 seconds
[36m(RouterManager pid=51733)[0m [Router ReqQueue] Req chatcmpl-f206907fc8f147cc938d7c3e1b34ee47 in_time: 683106.1054, out_time: 683110.0091, total wait time: 3.9037 seconds
[36m(RouterManager pid=51733)[0m [Router ReqQueue] Req chatcmpl-2c159bd785054c3a9bc454b8d8df8f0c in_time: 683106.1164, out_time: 683110.0091, total wait time: 3.8926 seconds
[36m(RouterManager pid=51733)[0m [Router ReqQueue] Req chatcmpl-d3a9d1195e7d41b1984cd6f3598d394e in_time: 683106.1349, out_time: 683110.0091, total wait time: 3.8741 seconds
[36m(RouterManager pid=51733)[0m [Router ReqQueue] Req chatcmpl-efd6439169d4472db816ad707ca76bdb in_time: 683106.1834, out_time: 683110.0091, total wait time: 3.8257 seconds
[36m(RouterManager pid=51733)[0m [Router ReqQueue] Req chatcmpl-e5bfc9bf4fff4f54ad6a528fdc49c994 in_time: 683106.6401, out_time: 683110.0091, total wait time: 3.3690 seconds
[36m(RouterManager pid=51733)[0m [Router ReqQueue] Req chatcmpl-ca495c52244e46e7a559a5df9037ec02 in_time: 683106.7423, out_time: 683110.0091, total wait time: 3.2668 seconds
[36m(RouterManager pid=51733)[0m [Router ReqQueue] Req chatcmpl-bc63df3c14944604af5672537e367063 in_time: 683107.2227, out_time: 683110.0091, total wait time: 2.7864 seconds
[36m(RouterManager pid=51733)[0m [Router ReqQueue] Req chatcmpl-7cf13a3d2c23497194e1be294c30494e in_time: 683107.2711, out_time: 683110.0091, total wait time: 2.7380 seconds
[36m(RouterManager pid=51733)[0m [Router ReqQueue] Req chatcmpl-703df1656d734c4895644fb5f47d61dc in_time: 683107.3088, out_time: 683110.0091, total wait time: 2.7004 seconds
[36m(RouterManager pid=51733)[0m [Router ReqQueue] Req chatcmpl-e9c42232cfd54748b4e7b201716b7d51 in_time: 683107.3833, out_time: 683110.0091, total wait time: 2.6258 seconds
[36m(RouterManager pid=51733)[0m [Router ReqQueue] Req chatcmpl-9930aab0cc314ca7a8a96995c87dfdf7 in_time: 683107.4424, out_time: 683110.0091, total wait time: 2.5667 seconds
[36m(RouterManager pid=51733)[0m [Router ReqQueue] Req chatcmpl-5cf13b86e4c24ed6a8b564fa02fb20f2 in_time: 683107.5972, out_time: 683110.0092, total wait time: 2.4119 seconds
[36m(RouterManager pid=51733)[0m [Router ReqQueue] Req chatcmpl-2dfb9db36dfd44e9a88e638e369d3106 in_time: 683107.7057, out_time: 683110.0092, total wait time: 2.3035 seconds
[36m(RouterManager pid=51733)[0m [Router ReqQueue] Req chatcmpl-17be08c9b7ed4ae5b84ad5ab47c8aae8 in_time: 683107.7188, out_time: 683110.0092, total wait time: 2.2904 seconds
[36m(RouterManager pid=51733)[0m [Router ReqQueue] Req chatcmpl-5d911b2d642d4d268df06546adf25205 in_time: 683107.8856, out_time: 683110.0092, total wait time: 2.1235 seconds
[36m(RouterManager pid=51733)[0m [Router ReqQueue] Req chatcmpl-b36d662b1e834fd8a2950af1a109802a in_time: 683107.9475, out_time: 683110.0092, total wait time: 2.0617 seconds
[36m(RouterManager pid=51733)[0m [Router ReqQueue] Req chatcmpl-a9d57eaffa334be68e398360a79cb15c in_time: 683108.0121, out_time: 683110.0092, total wait time: 1.9971 seconds
[36m(RouterManager pid=51733)[0m [Router ReqQueue] Req chatcmpl-3a5ec9b067ff489b97e12bfe1851e3a5 in_time: 683108.4491, out_time: 683110.0092, total wait time: 1.5601 seconds
[36m(RouterManager pid=51733)[0m [Router ReqQueue] Req chatcmpl-e7cc6af86b9842359ae718ecedee221f in_time: 683108.4950, out_time: 683110.0092, total wait time: 1.5143 seconds
[36m(RouterManager pid=51733)[0m [Router ReqQueue] Req chatcmpl-f1b0b8a002f64adc99616716c2663916 in_time: 683108.8839, out_time: 683110.0092, total wait time: 1.1254 seconds
[36m(RouterManager pid=51733)[0m [Router ReqQueue] Req chatcmpl-24d564452e204c50a273fcc772b0a2a1 in_time: 683109.1931, out_time: 683110.0092, total wait time: 0.8161 seconds
[36m(RouterManager pid=51733)[0m [Router ReqQueue] Req chatcmpl-21fb346a972b47f6a4b19cddc2256158 in_time: 683109.3593, out_time: 683110.0092, total wait time: 0.6499 seconds
[36m(RouterManager pid=51733)[0m [Router ReqQueue] Req chatcmpl-113c97b921d84167afaddb035ece364d in_time: 683109.6855, out_time: 683110.0093, total wait time: 0.3238 seconds
[36m(RouterManager pid=51733)[0m [Router ReqQueue] Req chatcmpl-3c19e88c234148fa88c79fcc95be456a in_time: 683109.9874, out_time: 683110.0093, total wait time: 0.0219 seconds
[36m(RouterManager pid=51733)[0m [Loongserve manager] scheduling time: 265.71 ms
[36m(RouterManager pid=51733)[0m [Loongserve manager] prefill and decoding batch scheduling results:
[36m(RouterManager pid=51733)[0m     running decode batch id: 285c7284488e4255a0aacc309c5f429a, req num: 68, occupied instances: [0], batch_used_tokens_sum: 182701
[36m(RouterManager pid=51733)[0m     prefill batch id: 0d3136f9c1ec4d3cbdbdb258f5ff4104, req num: 46, occupied instances: [1, 2, 3], batch_used_tokens_sum: 0
[36m(RouterManager pid=51733)[0m [Loongserve manager] running batch id: 285c7284488e4255a0aacc309c5f429a, req num: 67, occupied instances: [0], batch_used_tokens_sum: 167402
[36m(RouterManager pid=51733)[0m [Loongserve manager] running batch id: 0d3136f9c1ec4d3cbdbdb258f5ff4104, req num: 46, occupied instances: [1], batch_used_tokens_sum: 90890
[36m(RouterManager pid=51733)[0m === RouterManager iteration 1012 ===
[36m(RouterManager pid=51733)[0m self.req_queue.waiting_req_list length: 23
[36m(RouterManager pid=51733)[0m === RouterManager iteration 1014 ===
[36m(RouterManager pid=51733)[0m self.req_queue.waiting_req_list length: 24
[36m(RouterManager pid=51733)[0m === RouterManager iteration 1016 ===
[36m(RouterManager pid=51733)[0m self.req_queue.waiting_req_list length: 24
[36m(RouterManager pid=51733)[0m === RouterManager iteration 1018 ===
[36m(RouterManager pid=51733)[0m self.req_queue.waiting_req_list length: 24
[36m(RouterManager pid=51733)[0m === RouterManager iteration 1020 ===
[36m(RouterManager pid=51733)[0m self.req_queue.waiting_req_list length: 24
[36m(RouterManager pid=51733)[0m === RouterManager iteration 1022 ===
[36m(RouterManager pid=51733)[0m self.req_queue.waiting_req_list length: 24
[36m(RouterManager pid=51733)[0m === RouterManager iteration 1024 ===
[36m(RouterManager pid=51733)[0m self.req_queue.waiting_req_list length: 24
[36m(RouterManager pid=51733)[0m === RouterManager iteration 1026 ===
[36m(RouterManager pid=51733)[0m self.req_queue.waiting_req_list length: 24
[36m(RouterManager pid=51733)[0m === RouterManager iteration 1028 ===
[36m(RouterManager pid=51733)[0m self.req_queue.waiting_req_list length: 24
[36m(RouterManager pid=51733)[0m === RouterManager iteration 1030 ===
[36m(RouterManager pid=51733)[0m self.req_queue.waiting_req_list length: 25
[36m(RouterManager pid=51733)[0m === RouterManager iteration 1032 ===
[36m(RouterManager pid=51733)[0m self.req_queue.waiting_req_list length: 26
[36m(RouterManager pid=51733)[0m [Router ReqQueue] Req chatcmpl-0ac5b1b7f606489a91e1a1b32fc67e61 in_time: 683109.8457, out_time: 683114.7653, total wait time: 4.9196 seconds
[36m(RouterManager pid=51733)[0m [Router ReqQueue] Req chatcmpl-0a8f6cc45a2f43e2baf949d7040cef5b in_time: 683110.0381, out_time: 683114.7653, total wait time: 4.7272 seconds
[36m(RouterManager pid=51733)[0m [Router ReqQueue] Req chatcmpl-20453babc960495581eeb6f86dbed093 in_time: 683110.2306, out_time: 683114.7653, total wait time: 4.5347 seconds
[36m(RouterManager pid=51733)[0m [Router ReqQueue] Req chatcmpl-f3a6d91aa40c494194a2e89666d2da5a in_time: 683110.3611, out_time: 683114.7653, total wait time: 4.4042 seconds
[36m(RouterManager pid=51733)[0m [Router ReqQueue] Req chatcmpl-a8867afae8cd44eb894fa7cbe51a0550 in_time: 683110.3793, out_time: 683114.7653, total wait time: 4.3860 seconds
[36m(RouterManager pid=51733)[0m [Router ReqQueue] Req chatcmpl-17be4d04ae024b0dbe7e5eaa8baf3a55 in_time: 683110.4205, out_time: 683114.7653, total wait time: 4.3449 seconds
[36m(RouterManager pid=51733)[0m [Router ReqQueue] Req chatcmpl-4ea4216677af44bbbb5fd7ef3b38a64a in_time: 683110.8968, out_time: 683114.7653, total wait time: 3.8686 seconds
[36m(RouterManager pid=51733)[0m [Router ReqQueue] Req chatcmpl-e196339bebc0419db998ed1fa8dc7562 in_time: 683110.9008, out_time: 683114.7653, total wait time: 3.8645 seconds
[36m(RouterManager pid=51733)[0m [Router ReqQueue] Req chatcmpl-bf6244e89e114826bc38f4f4ca40ebaa in_time: 683111.3598, out_time: 683114.7653, total wait time: 3.4056 seconds
[36m(RouterManager pid=51733)[0m [Router ReqQueue] Req chatcmpl-861e612cd2fc4662972a056dac322184 in_time: 683111.4072, out_time: 683114.7653, total wait time: 3.3582 seconds
[36m(RouterManager pid=51733)[0m [Router ReqQueue] Req chatcmpl-941d2364dc6e4ef999b161e76357fc26 in_time: 683111.8376, out_time: 683114.7654, total wait time: 2.9277 seconds
[36m(RouterManager pid=51733)[0m [Router ReqQueue] Req chatcmpl-0b1968559960445885aff289dc9c7f1c in_time: 683111.9324, out_time: 683114.7654, total wait time: 2.8330 seconds
[36m(RouterManager pid=51733)[0m [Router ReqQueue] Req chatcmpl-6d80a1b5ba13447ab506b55192df5572 in_time: 683112.3052, out_time: 683114.7654, total wait time: 2.4602 seconds
[36m(RouterManager pid=51733)[0m [Router ReqQueue] Req chatcmpl-3c778686b7814b8e84050577ae73a72e in_time: 683112.3253, out_time: 683114.7654, total wait time: 2.4400 seconds
[36m(RouterManager pid=51733)[0m [Router ReqQueue] Req chatcmpl-10bbab0b11914e8785e3003bd8e702b8 in_time: 683112.4881, out_time: 683114.7654, total wait time: 2.2773 seconds
[36m(RouterManager pid=51733)[0m [Loongserve manager] scheduling time: 1.32 ms
[36m(RouterManager pid=51733)[0m [Loongserve manager] prefill and decoding batch scheduling results:
[36m(RouterManager pid=51733)[0m     running decode batch id: 285c7284488e4255a0aacc309c5f429a, req num: 50, occupied instances: [0], batch_used_tokens_sum: 144564
[36m(RouterManager pid=51733)[0m     running decode batch id: 0d3136f9c1ec4d3cbdbdb258f5ff4104, req num: 46, occupied instances: [1], batch_used_tokens_sum: 91350
[36m(RouterManager pid=51733)[0m     prefill batch id: 50331b3027954ec295d4ffbf9dbadeeb, req num: 15, occupied instances: [2, 3], batch_used_tokens_sum: 0
[36m(RouterManager pid=51733)[0m [Loongserve manager] running batch id: 0d3136f9c1ec4d3cbdbdb258f5ff4104, req num: 46, occupied instances: [1], batch_used_tokens_sum: 98480
[36m(RouterManager pid=51733)[0m [Loongserve manager] running batch id: 50331b3027954ec295d4ffbf9dbadeeb, req num: 15, occupied instances: [2], batch_used_tokens_sum: 94474
[36m(RouterManager pid=51733)[0m === RouterManager iteration 1034 ===
[36m(RouterManager pid=51733)[0m self.req_queue.waiting_req_list length: 45
[36m(RouterManager pid=51733)[0m === RouterManager iteration 1036 ===
[36m(RouterManager pid=51733)[0m self.req_queue.waiting_req_list length: 45
[36m(RouterManager pid=51733)[0m === RouterManager iteration 1038 ===
[36m(RouterManager pid=51733)[0m self.req_queue.waiting_req_list length: 45
[36m(RouterManager pid=51733)[0m === RouterManager iteration 1040 ===
[36m(RouterManager pid=51733)[0m self.req_queue.waiting_req_list length: 45
[36m(RouterManager pid=51733)[0m === RouterManager iteration 1042 ===
[36m(RouterManager pid=51733)[0m self.req_queue.waiting_req_list length: 45
[36m(RouterManager pid=51733)[0m === RouterManager iteration 1044 ===
[36m(RouterManager pid=51733)[0m self.req_queue.waiting_req_list length: 45
[36m(RouterManager pid=51733)[0m === RouterManager iteration 1046 ===
[36m(RouterManager pid=51733)[0m self.req_queue.waiting_req_list length: 45
[36m(RouterManager pid=51733)[0m === RouterManager iteration 1048 ===
[36m(RouterManager pid=51733)[0m self.req_queue.waiting_req_list length: 45
[36m(RouterManager pid=51733)[0m === RouterManager iteration 1050 ===
[36m(RouterManager pid=51733)[0m self.req_queue.waiting_req_list length: 45
[36m(RouterManager pid=51733)[0m === RouterManager iteration 1052 ===
[36m(RouterManager pid=51733)[0m self.req_queue.waiting_req_list length: 45
[36m(RouterManager pid=51733)[0m === RouterManager iteration 1054 ===
[36m(RouterManager pid=51733)[0m self.req_queue.waiting_req_list length: 45
[36m(RouterManager pid=51733)[0m [Router ReqQueue] Req chatcmpl-4683be2c164e4eef93019c812004a7ab in_time: 683112.8920, out_time: 683121.6684, total wait time: 8.7764 seconds
[36m(RouterManager pid=51733)[0m [Router ReqQueue] Req chatcmpl-91cd9ce1e20a48c48dd63501219a3147 in_time: 683113.1085, out_time: 683121.6685, total wait time: 8.5600 seconds
[36m(RouterManager pid=51733)[0m [Router ReqQueue] Req chatcmpl-4cc9f59e34154c23a70d6cad8c8206fb in_time: 683113.7321, out_time: 683121.6685, total wait time: 7.9363 seconds
[36m(RouterManager pid=51733)[0m [Router ReqQueue] Req chatcmpl-757fe7291d0849258347a72789c4fb03 in_time: 683113.8950, out_time: 683121.6685, total wait time: 7.7735 seconds
[36m(RouterManager pid=51733)[0m [Router ReqQueue] Req chatcmpl-6b52bf9b4d774a03a0e91c9b442a5088 in_time: 683113.9468, out_time: 683121.6685, total wait time: 7.7217 seconds
[36m(RouterManager pid=51733)[0m [Router ReqQueue] Req chatcmpl-53100ebd5e07488f9aba18e7a6d74a1a in_time: 683114.0442, out_time: 683121.6685, total wait time: 7.6243 seconds
[36m(RouterManager pid=51733)[0m [Router ReqQueue] Req chatcmpl-ef5015e0d9594fc5868bc0f09ce73ee0 in_time: 683114.1361, out_time: 683121.6685, total wait time: 7.5324 seconds
[36m(RouterManager pid=51733)[0m [Router ReqQueue] Req chatcmpl-e949303b3ce242468ddc8827b125a171 in_time: 683114.2208, out_time: 683121.6685, total wait time: 7.4477 seconds
[36m(RouterManager pid=51733)[0m [Router ReqQueue] Req chatcmpl-6ff56738a3dc4110b8bd4642cf3b33ee in_time: 683114.2683, out_time: 683121.6685, total wait time: 7.4002 seconds
[36m(RouterManager pid=51733)[0m [Router ReqQueue] Req chatcmpl-386668da337e4f60be37a8575bfcdc6e in_time: 683114.6754, out_time: 683121.6685, total wait time: 6.9931 seconds
[36m(RouterManager pid=51733)[0m [Router ReqQueue] Req chatcmpl-18e3eb1b4da44accb746b351da1cbd95 in_time: 683114.7480, out_time: 683121.6685, total wait time: 6.9206 seconds
[36m(RouterManager pid=51733)[0m [Router ReqQueue] Req chatcmpl-423927b6a9614e96b1548f742e5e3f96 in_time: 683115.2036, out_time: 683121.6686, total wait time: 6.4649 seconds
[36m(RouterManager pid=51733)[0m [Router ReqQueue] Req chatcmpl-847e4f038a9f46d8852b6a3826bd4e3f in_time: 683115.2131, out_time: 683121.6686, total wait time: 6.4555 seconds
[36m(RouterManager pid=51733)[0m [Router ReqQueue] Req chatcmpl-a0c7d0b7d2564d87acbffc83f8e6b8ae in_time: 683115.4492, out_time: 683121.6686, total wait time: 6.2194 seconds
[36m(RouterManager pid=51733)[0m [Router ReqQueue] Req chatcmpl-568725a0d08f49238e70d97a52805aa9 in_time: 683115.4543, out_time: 683121.6686, total wait time: 6.2143 seconds
[36m(RouterManager pid=51733)[0m [Router ReqQueue] Req chatcmpl-c31922a215b74be5b5135b56dfde1524 in_time: 683115.8692, out_time: 683121.6686, total wait time: 5.7994 seconds
[36m(RouterManager pid=51733)[0m [Router ReqQueue] Req chatcmpl-281cc1fc6e3e4c5eb142216327f6670e in_time: 683115.9318, out_time: 683121.6686, total wait time: 5.7368 seconds
[36m(RouterManager pid=51733)[0m [Router ReqQueue] Req chatcmpl-1dd8f2f9b0464bf8825232912a971222 in_time: 683116.0002, out_time: 683121.6686, total wait time: 5.6684 seconds
[36m(RouterManager pid=51733)[0m [Router ReqQueue] Req chatcmpl-a0461aeeafae444f9e086adaa907a0c3 in_time: 683116.0064, out_time: 683121.6686, total wait time: 5.6622 seconds
[36m(RouterManager pid=51733)[0m [Router ReqQueue] Req chatcmpl-605dcbcadefa412f8ec9ab1ee6e9fb35 in_time: 683116.1141, out_time: 683121.6686, total wait time: 5.5545 seconds
[36m(RouterManager pid=51733)[0m [Router ReqQueue] Req chatcmpl-04d2527f8a7943f4b1e2f9acb2563a2a in_time: 683116.4596, out_time: 683121.6686, total wait time: 5.2091 seconds
[36m(RouterManager pid=51733)[0m [Router ReqQueue] Req chatcmpl-22e74df68bfb4330b9fcf085e0314b2c in_time: 683116.7909, out_time: 683121.6686, total wait time: 4.8777 seconds
[36m(RouterManager pid=51733)[0m [Loongserve manager] scheduling time: 301.30 ms
[36m(RouterManager pid=51733)[0m [Loongserve manager] prefill and decoding batch scheduling results:
[36m(RouterManager pid=51733)[0m     running decode batch id: 0d3136f9c1ec4d3cbdbdb258f5ff4104, req num: 61, occupied instances: [1], batch_used_tokens_sum: 193564
[36m(RouterManager pid=51733)[0m     prefill batch id: 3443943bded4454086904e08b5caad21, req num: 22, occupied instances: [0, 3, 2], batch_used_tokens_sum: 0
[36m(RouterManager pid=51733)[0m [Loongserve manager] running batch id: 0d3136f9c1ec4d3cbdbdb258f5ff4104, req num: 12, occupied instances: [1], batch_used_tokens_sum: 37777
[36m(RouterManager pid=51733)[0m [Loongserve manager] running batch id: 3443943bded4454086904e08b5caad21, req num: 22, occupied instances: [0], batch_used_tokens_sum: 99131
[36m(RouterManager pid=51733)[0m === RouterManager iteration 1056 ===
[36m(RouterManager pid=51733)[0m self.req_queue.waiting_req_list length: 51
[36m(RouterManager pid=51733)[0m === RouterManager iteration 1058 ===
[36m(RouterManager pid=51733)[0m self.req_queue.waiting_req_list length: 51
[36m(RouterManager pid=51733)[0m === RouterManager iteration 1060 ===
[36m(RouterManager pid=51733)[0m self.req_queue.waiting_req_list length: 51
[36m(RouterManager pid=51733)[0m === RouterManager iteration 1062 ===
[36m(RouterManager pid=51733)[0m self.req_queue.waiting_req_list length: 51
[36m(RouterManager pid=51733)[0m === RouterManager iteration 1064 ===
[36m(RouterManager pid=51733)[0m self.req_queue.waiting_req_list length: 52
[36m(RouterManager pid=51733)[0m === RouterManager iteration 1066 ===
[36m(RouterManager pid=51733)[0m self.req_queue.waiting_req_list length: 52
[36m(RouterManager pid=51733)[0m === RouterManager iteration 1068 ===
[36m(RouterManager pid=51733)[0m self.req_queue.waiting_req_list length: 52
[36m(RouterManager pid=51733)[0m === RouterManager iteration 1070 ===
[36m(RouterManager pid=51733)[0m self.req_queue.waiting_req_list length: 52
[36m(RouterManager pid=51733)[0m === RouterManager iteration 1072 ===
[36m(RouterManager pid=51733)[0m self.req_queue.waiting_req_list length: 52
[36m(RouterManager pid=51733)[0m === RouterManager iteration 1074 ===
[36m(RouterManager pid=51733)[0m self.req_queue.waiting_req_list length: 54
[36m(RouterManager pid=51733)[0m === RouterManager iteration 1076 ===
[36m(RouterManager pid=51733)[0m self.req_queue.waiting_req_list length: 54
[36m(RouterManager pid=51733)[0m [Router ReqQueue] Req chatcmpl-658a06fdc4f84921af9ead2cd343703f in_time: 683116.1015, out_time: 683127.1363, total wait time: 11.0348 seconds
[36m(RouterManager pid=51733)[0m [Router ReqQueue] Req chatcmpl-64fb1b85f34544b89aebeb6130ffe8ea in_time: 683117.3393, out_time: 683127.1363, total wait time: 9.7970 seconds
[36m(RouterManager pid=51733)[0m [Router ReqQueue] Req chatcmpl-ed3f9db07e7c4725a49ffe4cca253396 in_time: 683117.3687, out_time: 683127.1363, total wait time: 9.7676 seconds
[36m(RouterManager pid=51733)[0m [Router ReqQueue] Req chatcmpl-aae608cdf67c42a4bfa61291f1873abd in_time: 683117.4538, out_time: 683127.1363, total wait time: 9.6825 seconds
[36m(RouterManager pid=51733)[0m [Router ReqQueue] Req chatcmpl-77aac38803f847f98c07d05ff7102acf in_time: 683117.4621, out_time: 683127.1363, total wait time: 9.6742 seconds
[36m(RouterManager pid=51733)[0m [Router ReqQueue] Req chatcmpl-be2c889732b740089e2432dd98870a4b in_time: 683117.8697, out_time: 683127.1363, total wait time: 9.2667 seconds
[36m(RouterManager pid=51733)[0m [Router ReqQueue] Req chatcmpl-835a89a480ac42cca48a0228c09bc812 in_time: 683117.9330, out_time: 683127.1363, total wait time: 9.2034 seconds
[36m(RouterManager pid=51733)[0m [Router ReqQueue] Req chatcmpl-7c4cfa009ec643808370ec2672e6a9bf in_time: 683118.1615, out_time: 683127.1364, total wait time: 8.9749 seconds
[36m(RouterManager pid=51733)[0m [Router ReqQueue] Req chatcmpl-860b3b6c546248aebb4b6ec04d1fbede in_time: 683118.3526, out_time: 683127.1364, total wait time: 8.7838 seconds
[36m(RouterManager pid=51733)[0m [Router ReqQueue] Req chatcmpl-0c082512bfe546ad81780e6998b7dec3 in_time: 683118.3807, out_time: 683127.1364, total wait time: 8.7557 seconds
[36m(RouterManager pid=51733)[0m [Router ReqQueue] Req chatcmpl-b5916185ebbb4d9ba4d16bf7896f3073 in_time: 683118.7136, out_time: 683127.1364, total wait time: 8.4228 seconds
[36m(RouterManager pid=51733)[0m [Router ReqQueue] Req chatcmpl-b75ab64225f8401e976e34d0def0a125 in_time: 683118.8865, out_time: 683127.1364, total wait time: 8.2499 seconds
[36m(RouterManager pid=51733)[0m [Router ReqQueue] Req chatcmpl-01a0ea8432b7493b965e4f5d923b3c7b in_time: 683119.0215, out_time: 683127.1364, total wait time: 8.1149 seconds
[36m(RouterManager pid=51733)[0m [Router ReqQueue] Req chatcmpl-d4fa69ab4e8147108227269cd13ed08e in_time: 683119.0254, out_time: 683127.1364, total wait time: 8.1111 seconds
[36m(RouterManager pid=51733)[0m [Router ReqQueue] Req chatcmpl-64f593f8bb7849169178877887e82e4c in_time: 683119.1235, out_time: 683127.1364, total wait time: 8.0130 seconds
[36m(RouterManager pid=51733)[0m [Router ReqQueue] Req chatcmpl-8f346377918a4fd68fdde05ec52d3149 in_time: 683119.1294, out_time: 683127.1364, total wait time: 8.0070 seconds
[36m(RouterManager pid=51733)[0m [Router ReqQueue] Req chatcmpl-e92a86676a4943a4a5b4fc0ba65ff6e4 in_time: 683119.3746, out_time: 683127.1364, total wait time: 7.7618 seconds
[36m(RouterManager pid=51733)[0m [Router ReqQueue] Req chatcmpl-e404a292e96f4ccda04a9ef4baceb3b1 in_time: 683119.6884, out_time: 683127.1364, total wait time: 7.4481 seconds
[36m(RouterManager pid=51733)[0m [Router ReqQueue] Req chatcmpl-90f5aa805eef40168dc89052d666aa09 in_time: 683119.8873, out_time: 683127.1365, total wait time: 7.2492 seconds
[36m(RouterManager pid=51733)[0m [Router ReqQueue] Req chatcmpl-de2c074a39d74d25bc3a8d3ac18344f5 in_time: 683120.0052, out_time: 683127.1365, total wait time: 7.1313 seconds
[36m(RouterManager pid=51733)[0m [Router ReqQueue] Req chatcmpl-cb702f074bce4b95b67534ee9fcd2d57 in_time: 683120.5198, out_time: 683127.1365, total wait time: 6.6167 seconds
[36m(RouterManager pid=51733)[0m [Router ReqQueue] Req chatcmpl-b0b1c90935a0469aad580da720074cb3 in_time: 683120.7464, out_time: 683127.1365, total wait time: 6.3901 seconds
[36m(RouterManager pid=51733)[0m [Router ReqQueue] Req chatcmpl-130051576ae244d6994ba107e565fc00 in_time: 683120.8292, out_time: 683127.1365, total wait time: 6.3073 seconds
[36m(RouterManager pid=51733)[0m [Loongserve manager] scheduling time: 126.61 ms
[36m(RouterManager pid=51733)[0m [Loongserve manager] prefill and decoding batch scheduling results:
[36m(RouterManager pid=51733)[0m     running decode batch id: 3443943bded4454086904e08b5caad21, req num: 34, occupied instances: [0], batch_used_tokens_sum: 137248
[36m(RouterManager pid=51733)[0m     prefill batch id: 1f4513c061354aa799711fceffa3f83c, req num: 23, occupied instances: [2, 3, 1], batch_used_tokens_sum: 0
[36m(RouterManager pid=51733)[0m [Loongserve manager] running batch id: 3443943bded4454086904e08b5caad21, req num: 20, occupied instances: [0], batch_used_tokens_sum: 62525
[36m(RouterManager pid=51733)[0m [Loongserve manager] running batch id: 1f4513c061354aa799711fceffa3f83c, req num: 23, occupied instances: [2], batch_used_tokens_sum: 92973
[36m(RouterManager pid=51733)[0m === RouterManager iteration 1078 ===
[36m(RouterManager pid=51733)[0m self.req_queue.waiting_req_list length: 51
[36m(RouterManager pid=51733)[0m === RouterManager iteration 1080 ===
[36m(RouterManager pid=51733)[0m self.req_queue.waiting_req_list length: 51
[36m(RouterManager pid=51733)[0m === RouterManager iteration 1082 ===
[36m(RouterManager pid=51733)[0m self.req_queue.waiting_req_list length: 52
[36m(RouterManager pid=51733)[0m === RouterManager iteration 1084 ===
[36m(RouterManager pid=51733)[0m self.req_queue.waiting_req_list length: 54
[36m(RouterManager pid=51733)[0m === RouterManager iteration 1086 ===
[36m(RouterManager pid=51733)[0m self.req_queue.waiting_req_list length: 54
[36m(RouterManager pid=51733)[0m === RouterManager iteration 1088 ===
[36m(RouterManager pid=51733)[0m self.req_queue.waiting_req_list length: 54
[36m(RouterManager pid=51733)[0m === RouterManager iteration 1090 ===
[36m(RouterManager pid=51733)[0m self.req_queue.waiting_req_list length: 54
[36m(RouterManager pid=51733)[0m === RouterManager iteration 1092 ===
[36m(RouterManager pid=51733)[0m self.req_queue.waiting_req_list length: 54
[36m(RouterManager pid=51733)[0m === RouterManager iteration 1094 ===
[36m(RouterManager pid=51733)[0m self.req_queue.waiting_req_list length: 54
[36m(RouterManager pid=51733)[0m === RouterManager iteration 1096 ===
[36m(RouterManager pid=51733)[0m self.req_queue.waiting_req_list length: 55
[36m(RouterManager pid=51733)[0m === RouterManager iteration 1098 ===
[36m(RouterManager pid=51733)[0m self.req_queue.waiting_req_list length: 55
[36m(RouterManager pid=51733)[0m [Router ReqQueue] Req chatcmpl-f6342806b137400a985327b5df980c7b in_time: 683121.8148, out_time: 683132.0404, total wait time: 10.2256 seconds
[36m(RouterManager pid=51733)[0m [Router ReqQueue] Req chatcmpl-f7434c67de624bb397d6ab06395accef in_time: 683121.9390, out_time: 683132.0404, total wait time: 10.1014 seconds
[36m(RouterManager pid=51733)[0m [Router ReqQueue] Req chatcmpl-ec384dd11a18484ea4973cffe8f4cdd2 in_time: 683122.0743, out_time: 683132.0404, total wait time: 9.9661 seconds
[36m(RouterManager pid=51733)[0m [Router ReqQueue] Req chatcmpl-34e0562389bc48759b8b31be8841f269 in_time: 683122.7191, out_time: 683132.0404, total wait time: 9.3213 seconds
[36m(RouterManager pid=51733)[0m [Router ReqQueue] Req chatcmpl-81696d2348674e20955d14a51c69ba70 in_time: 683123.0156, out_time: 683132.0404, total wait time: 9.0249 seconds
[36m(RouterManager pid=51733)[0m [Router ReqQueue] Req chatcmpl-a645053cb3b8401a8c4075c5964ca2d8 in_time: 683123.0410, out_time: 683132.0404, total wait time: 8.9995 seconds
[36m(RouterManager pid=51733)[0m [Router ReqQueue] Req chatcmpl-c5e890a1c4c44c6d91467f2e104551fa in_time: 683123.1188, out_time: 683132.0404, total wait time: 8.9216 seconds
[36m(RouterManager pid=51733)[0m [Router ReqQueue] Req chatcmpl-c3694e2c8d904af9ad50d30cd4faf122 in_time: 683123.1287, out_time: 683132.0405, total wait time: 8.9118 seconds
[36m(RouterManager pid=51733)[0m [Router ReqQueue] Req chatcmpl-fbf011f8df3e435ebb47ec7217460064 in_time: 683123.2186, out_time: 683132.0405, total wait time: 8.8219 seconds
[36m(RouterManager pid=51733)[0m [Router ReqQueue] Req chatcmpl-e4250f4d1fba4861a0238699f8b41d26 in_time: 683123.2419, out_time: 683132.0405, total wait time: 8.7986 seconds
[36m(RouterManager pid=51733)[0m [Router ReqQueue] Req chatcmpl-29d4aff6646e49c3b4b92b841e40fbe0 in_time: 683123.2972, out_time: 683132.0405, total wait time: 8.7432 seconds
[36m(RouterManager pid=51733)[0m [Router ReqQueue] Req chatcmpl-a2136b63275e4b0fad9d5dacae8835b8 in_time: 683123.3514, out_time: 683132.0405, total wait time: 8.6891 seconds
[36m(RouterManager pid=51733)[0m [Router ReqQueue] Req chatcmpl-aefdde0fcd6140759400085b230620ee in_time: 683123.3867, out_time: 683132.0405, total wait time: 8.6538 seconds
[36m(RouterManager pid=51733)[0m [Router ReqQueue] Req chatcmpl-9f41cb9efedc4404b3d65d58345d785d in_time: 683123.3929, out_time: 683132.0405, total wait time: 8.6476 seconds
[36m(RouterManager pid=51733)[0m [Router ReqQueue] Req chatcmpl-8e0418a546b4421b820ecdadd8d49e94 in_time: 683123.5264, out_time: 683132.0405, total wait time: 8.5141 seconds
[36m(RouterManager pid=51733)[0m [Router ReqQueue] Req chatcmpl-1feb24c8c40b48218c9a6cc75a77d7d2 in_time: 683123.9815, out_time: 683132.0405, total wait time: 8.0590 seconds
[36m(RouterManager pid=51733)[0m [Router ReqQueue] Req chatcmpl-00a8694ebe874ddfa97a816ccbeb255a in_time: 683124.4188, out_time: 683132.0405, total wait time: 7.6218 seconds
[36m(RouterManager pid=51733)[0m [Router ReqQueue] Req chatcmpl-ab6faf42f5ef41ebba6786c0832c68f0 in_time: 683124.4806, out_time: 683132.0406, total wait time: 7.5600 seconds
[36m(RouterManager pid=51733)[0m [Router ReqQueue] Req chatcmpl-11305bc281ed4725a094caed5f1c62d7 in_time: 683124.5853, out_time: 683132.0406, total wait time: 7.4552 seconds
[36m(RouterManager pid=51733)[0m [Router ReqQueue] Req chatcmpl-99d15f471e9e4408bfab943facf833ce in_time: 683124.6652, out_time: 683132.0406, total wait time: 7.3753 seconds
[36m(RouterManager pid=51733)[0m [Router ReqQueue] Req chatcmpl-14037fc457f14a6697b84ffad47060c9 in_time: 683124.8743, out_time: 683132.0406, total wait time: 7.1663 seconds
[36m(RouterManager pid=51733)[0m [Router ReqQueue] Req chatcmpl-2b0c649ce6aa45c79b6d00909048360b in_time: 683125.0192, out_time: 683132.0406, total wait time: 7.0214 seconds
[36m(RouterManager pid=51733)[0m [Router ReqQueue] Req chatcmpl-4fe9e2b3d8ac4fdca1ca8e7cac03781c in_time: 683125.5071, out_time: 683132.0406, total wait time: 6.5335 seconds
[36m(RouterManager pid=51733)[0m [Router ReqQueue] Req chatcmpl-7c9174ce4f4c4ca29f2a5716c727a951 in_time: 683125.9014, out_time: 683132.0406, total wait time: 6.1392 seconds
[36m(RouterManager pid=51733)[0m [Router ReqQueue] Req chatcmpl-eb23c566411345cba7f4fd6fe8253a2c in_time: 683125.9413, out_time: 683132.0406, total wait time: 6.0993 seconds
[36m(RouterManager pid=51733)[0m [Router ReqQueue] Req chatcmpl-1da86f551f2d4e2d9a07161ed39c982b in_time: 683126.1042, out_time: 683132.0406, total wait time: 5.9364 seconds
[36m(RouterManager pid=51733)[0m [Router ReqQueue] Req chatcmpl-dd56605d406544cc8a51d9554b14a990 in_time: 683126.9011, out_time: 683132.0406, total wait time: 5.1395 seconds
[36m(RouterManager pid=51733)[0m [Router ReqQueue] Req chatcmpl-f7cf1409c3e243c0b92813452123a753 in_time: 683127.0633, out_time: 683132.0406, total wait time: 4.9774 seconds
[36m(RouterManager pid=51733)[0m [Router ReqQueue] Req chatcmpl-b6b9e23e3ad645d4ae38760fdf0eb62f in_time: 683127.0690, out_time: 683132.0407, total wait time: 4.9716 seconds
[36m(RouterManager pid=51733)[0m [Router ReqQueue] Req chatcmpl-48deb4070deb421eb018e47279636628 in_time: 683127.3005, out_time: 683132.0407, total wait time: 4.7402 seconds
[36m(RouterManager pid=51733)[0m [Router ReqQueue] Req chatcmpl-a683ba6957c948c482377e81fbbd6483 in_time: 683127.6718, out_time: 683132.0407, total wait time: 4.3689 seconds
[36m(RouterManager pid=51733)[0m [Router ReqQueue] Req chatcmpl-5e60da3a87fd48dfbeeccfe05ab96d90 in_time: 683127.7383, out_time: 683132.0407, total wait time: 4.3024 seconds
[36m(RouterManager pid=51733)[0m [Loongserve manager] scheduling time: 110.02 ms
[36m(RouterManager pid=51733)[0m [Loongserve manager] prefill and decoding batch scheduling results:
[36m(RouterManager pid=51733)[0m     running decode batch id: 1f4513c061354aa799711fceffa3f83c, req num: 43, occupied instances: [2], batch_used_tokens_sum: 155928
[36m(RouterManager pid=51733)[0m     prefill batch id: c701661a76904db989989dd4ddfa5f1d, req num: 32, occupied instances: [1, 3, 0], batch_used_tokens_sum: 0
[36m(RouterManager pid=51733)[0m [Loongserve manager] running batch id: 1f4513c061354aa799711fceffa3f83c, req num: 26, occupied instances: [2], batch_used_tokens_sum: 99896
[36m(RouterManager pid=51733)[0m [Loongserve manager] running batch id: c701661a76904db989989dd4ddfa5f1d, req num: 32, occupied instances: [1], batch_used_tokens_sum: 99988
[36m(RouterManager pid=51733)[0m === RouterManager iteration 1100 ===
[36m(RouterManager pid=51733)[0m self.req_queue.waiting_req_list length: 59
[36m(RouterManager pid=51733)[0m === RouterManager iteration 1102 ===
[36m(RouterManager pid=51733)[0m self.req_queue.waiting_req_list length: 59
[36m(RouterManager pid=51733)[0m === RouterManager iteration 1104 ===
[36m(RouterManager pid=51733)[0m self.req_queue.waiting_req_list length: 59
[36m(RouterManager pid=51733)[0m === RouterManager iteration 1106 ===
[36m(RouterManager pid=51733)[0m self.req_queue.waiting_req_list length: 61
[36m(RouterManager pid=51733)[0m === RouterManager iteration 1108 ===
[36m(RouterManager pid=51733)[0m self.req_queue.waiting_req_list length: 61
[36m(RouterManager pid=51733)[0m === RouterManager iteration 1110 ===
[36m(RouterManager pid=51733)[0m self.req_queue.waiting_req_list length: 61
[36m(RouterManager pid=51733)[0m === RouterManager iteration 1112 ===
[36m(RouterManager pid=51733)[0m self.req_queue.waiting_req_list length: 61
[36m(RouterManager pid=51733)[0m === RouterManager iteration 1114 ===
[36m(RouterManager pid=51733)[0m self.req_queue.waiting_req_list length: 62
[36m(RouterManager pid=51733)[0m === RouterManager iteration 1116 ===
[36m(RouterManager pid=51733)[0m self.req_queue.waiting_req_list length: 62
[36m(RouterManager pid=51733)[0m === RouterManager iteration 1118 ===
[36m(RouterManager pid=51733)[0m self.req_queue.waiting_req_list length: 62
[36m(RouterManager pid=51733)[0m === RouterManager iteration 1120 ===
[36m(RouterManager pid=51733)[0m self.req_queue.waiting_req_list length: 62
[36m(RouterManager pid=51733)[0m [Router ReqQueue] Req chatcmpl-dd44014be25240fe825f50d59b7e5535 in_time: 683126.3971, out_time: 683137.1279, total wait time: 10.7308 seconds
[36m(RouterManager pid=51733)[0m [Router ReqQueue] Req chatcmpl-e244f669687148f6937d0e0fb7a30564 in_time: 683126.5622, out_time: 683137.1280, total wait time: 10.5657 seconds
[36m(RouterManager pid=51733)[0m [Router ReqQueue] Req chatcmpl-00e1292373544313b902affc79888380 in_time: 683127.9295, out_time: 683137.1280, total wait time: 9.1985 seconds
[36m(RouterManager pid=51733)[0m [Router ReqQueue] Req chatcmpl-117ff1db3bde454ab8323be196334be5 in_time: 683128.2909, out_time: 683137.1280, total wait time: 8.8371 seconds
[36m(RouterManager pid=51733)[0m [Router ReqQueue] Req chatcmpl-4207d66d12da41409af0faa0d12a3f74 in_time: 683128.6630, out_time: 683137.1280, total wait time: 8.4650 seconds
[36m(RouterManager pid=51733)[0m [Router ReqQueue] Req chatcmpl-7310b0aebbf44669acb9b6360d89a708 in_time: 683128.7975, out_time: 683137.1280, total wait time: 8.3305 seconds
[36m(RouterManager pid=51733)[0m [Router ReqQueue] Req chatcmpl-16841dc64f904e83bc34198e4c071fd2 in_time: 683128.8641, out_time: 683137.1280, total wait time: 8.2639 seconds
[36m(RouterManager pid=51733)[0m [Router ReqQueue] Req chatcmpl-461706e4389048968d7a9360f7b68504 in_time: 683128.9026, out_time: 683137.1280, total wait time: 8.2254 seconds
[36m(RouterManager pid=51733)[0m [Router ReqQueue] Req chatcmpl-1e7493219d7646e988aac090037c3e17 in_time: 683129.0434, out_time: 683137.1281, total wait time: 8.0847 seconds
[36m(RouterManager pid=51733)[0m [Router ReqQueue] Req chatcmpl-ef49baadb5744074be1be0b8be11ab22 in_time: 683129.1450, out_time: 683137.1281, total wait time: 7.9831 seconds
[36m(RouterManager pid=51733)[0m [Router ReqQueue] Req chatcmpl-e501cf8a9979491883e8e007f0aad83c in_time: 683129.1468, out_time: 683137.1281, total wait time: 7.9812 seconds
[36m(RouterManager pid=51733)[0m [Router ReqQueue] Req chatcmpl-6f878b9af1524c36a011b4a967a5a4df in_time: 683129.1701, out_time: 683137.1281, total wait time: 7.9580 seconds
[36m(RouterManager pid=51733)[0m [Router ReqQueue] Req chatcmpl-18750fcf80ec482dbc4e19cb171676c2 in_time: 683130.2477, out_time: 683137.1281, total wait time: 6.8803 seconds
[36m(RouterManager pid=51733)[0m [Router ReqQueue] Req chatcmpl-99ffa77b18fb4ab190b67415427a8482 in_time: 683130.3486, out_time: 683137.1281, total wait time: 6.7795 seconds
[36m(RouterManager pid=51733)[0m [Router ReqQueue] Req chatcmpl-607cebc2ef3b4ddb96cf83bce4966424 in_time: 683130.7351, out_time: 683137.1281, total wait time: 6.3930 seconds
[36m(RouterManager pid=51733)[0m [Router ReqQueue] Req chatcmpl-e523dc662a9648959744f1b5a792e9e8 in_time: 683131.0354, out_time: 683137.1281, total wait time: 6.0927 seconds
[36m(RouterManager pid=51733)[0m [Router ReqQueue] Req chatcmpl-d30debfea7ee4128803ad689890dde5c in_time: 683131.0649, out_time: 683137.1281, total wait time: 6.0632 seconds
[36m(RouterManager pid=51733)[0m [Router ReqQueue] Req chatcmpl-9989e3ba59f44484888f28ceb306f7a0 in_time: 683131.4631, out_time: 683137.1281, total wait time: 5.6651 seconds
[36m(RouterManager pid=51733)[0m [Router ReqQueue] Req chatcmpl-e237373060fa48e199dc106e96149f92 in_time: 683131.5556, out_time: 683137.1281, total wait time: 5.5726 seconds
[36m(RouterManager pid=51733)[0m [Router ReqQueue] Req chatcmpl-21e1a032d5bb45179031e94f9a0605a3 in_time: 683131.7368, out_time: 683137.1282, total wait time: 5.3913 seconds
[36m(RouterManager pid=51733)[0m [Router ReqQueue] Req chatcmpl-071e69f2cde74a0e86b42a3502c44d52 in_time: 683131.7519, out_time: 683137.1282, total wait time: 5.3763 seconds
[36m(RouterManager pid=51733)[0m [Router ReqQueue] Req chatcmpl-1e1a21b50be146859f3ab6a624fb964b in_time: 683131.7688, out_time: 683137.1282, total wait time: 5.3594 seconds
[36m(RouterManager pid=51733)[0m [Loongserve manager] scheduling time: 318.59 ms
[36m(RouterManager pid=51733)[0m [Loongserve manager] prefill and decoding batch scheduling results:
[36m(RouterManager pid=51733)[0m     running decode batch id: c701661a76904db989989dd4ddfa5f1d, req num: 58, occupied instances: [1], batch_used_tokens_sum: 200464
[36m(RouterManager pid=51733)[0m     prefill batch id: b99b23c7cf16481faf3feb1a6dafe979, req num: 22, occupied instances: [0, 3, 2], batch_used_tokens_sum: 0
[36m(RouterManager pid=51733)[0m [Loongserve manager] running batch id: c701661a76904db989989dd4ddfa5f1d, req num: 52, occupied instances: [1], batch_used_tokens_sum: 141423
[36m(RouterManager pid=51733)[0m [Loongserve manager] running batch id: b99b23c7cf16481faf3feb1a6dafe979, req num: 22, occupied instances: [0], batch_used_tokens_sum: 84461
[36m(RouterManager pid=51733)[0m === RouterManager iteration 1122 ===
[36m(RouterManager pid=51733)[0m self.req_queue.waiting_req_list length: 70
[36m(RouterManager pid=51733)[0m === RouterManager iteration 1124 ===
[36m(RouterManager pid=51733)[0m self.req_queue.waiting_req_list length: 70
[36m(RouterManager pid=51733)[0m === RouterManager iteration 1126 ===
[36m(RouterManager pid=51733)[0m self.req_queue.waiting_req_list length: 70
[36m(RouterManager pid=51733)[0m === RouterManager iteration 1128 ===
[36m(RouterManager pid=51733)[0m self.req_queue.waiting_req_list length: 70
[36m(RouterManager pid=51733)[0m === RouterManager iteration 1130 ===
[36m(RouterManager pid=51733)[0m self.req_queue.waiting_req_list length: 70
[36m(RouterManager pid=51733)[0m === RouterManager iteration 1132 ===
[36m(RouterManager pid=51733)[0m self.req_queue.waiting_req_list length: 70
[36m(RouterManager pid=51733)[0m === RouterManager iteration 1134 ===
[36m(RouterManager pid=51733)[0m self.req_queue.waiting_req_list length: 71
[36m(RouterManager pid=51733)[0m === RouterManager iteration 1136 ===
[36m(RouterManager pid=51733)[0m self.req_queue.waiting_req_list length: 71
[36m(RouterManager pid=51733)[0m === RouterManager iteration 1138 ===
[36m(RouterManager pid=51733)[0m self.req_queue.waiting_req_list length: 73
[36m(RouterManager pid=51733)[0m === RouterManager iteration 1140 ===
[36m(RouterManager pid=51733)[0m self.req_queue.waiting_req_list length: 73
[36m(RouterManager pid=51733)[0m === RouterManager iteration 1142 ===
[36m(RouterManager pid=51733)[0m self.req_queue.waiting_req_list length: 74
[36m(RouterManager pid=51733)[0m [Router ReqQueue] Req chatcmpl-b09a851d97fa4f83bea827ee47775836 in_time: 683131.9678, out_time: 683141.9839, total wait time: 10.0161 seconds
[36m(RouterManager pid=51733)[0m [Router ReqQueue] Req chatcmpl-d7f6278a3c5e4c79810d08a002dc6cd5 in_time: 683132.2109, out_time: 683141.9839, total wait time: 9.7730 seconds
[36m(RouterManager pid=51733)[0m [Router ReqQueue] Req chatcmpl-affc376c5a3d4bf28aaad8bea215bcc4 in_time: 683132.3238, out_time: 683141.9839, total wait time: 9.6601 seconds
[36m(RouterManager pid=51733)[0m [Router ReqQueue] Req chatcmpl-d95490bbf5d4438d98cc2b1ed271b64e in_time: 683132.5159, out_time: 683141.9839, total wait time: 9.4680 seconds
[36m(RouterManager pid=51733)[0m [Router ReqQueue] Req chatcmpl-f7812d69955b4f1fb0992dc9fa941261 in_time: 683132.6669, out_time: 683141.9839, total wait time: 9.3171 seconds
[36m(RouterManager pid=51733)[0m [Router ReqQueue] Req chatcmpl-d3040bcf13ee4020b99f5c97ccfdd771 in_time: 683132.7352, out_time: 683141.9840, total wait time: 9.2488 seconds
[36m(RouterManager pid=51733)[0m [Router ReqQueue] Req chatcmpl-bdb6165534304ba09ea017ce247861a8 in_time: 683132.7832, out_time: 683141.9840, total wait time: 9.2007 seconds
[36m(RouterManager pid=51733)[0m [Router ReqQueue] Req chatcmpl-35c95630c05c41e5a286a91657bfbbe4 in_time: 683132.8637, out_time: 683141.9840, total wait time: 9.1202 seconds
[36m(RouterManager pid=51733)[0m [Router ReqQueue] Req chatcmpl-36ef0af565b1476cbc7840303f6cc8f2 in_time: 683132.8724, out_time: 683141.9840, total wait time: 9.1116 seconds
[36m(RouterManager pid=51733)[0m [Router ReqQueue] Req chatcmpl-f07a940ee62c4e8fbc1e48a16043324b in_time: 683132.9057, out_time: 683141.9840, total wait time: 9.0783 seconds
[36m(RouterManager pid=51733)[0m [Router ReqQueue] Req chatcmpl-bf674322e8af41b19b8a7cb0c6eb51fe in_time: 683132.9493, out_time: 683141.9840, total wait time: 9.0347 seconds
[36m(RouterManager pid=51733)[0m [Router ReqQueue] Req chatcmpl-88d226d5734f49f9991ab14ef59a7a12 in_time: 683132.9547, out_time: 683141.9840, total wait time: 9.0293 seconds
[36m(RouterManager pid=51733)[0m [Router ReqQueue] Req chatcmpl-a400cf2385b2422ba708e73630917200 in_time: 683133.0093, out_time: 683141.9840, total wait time: 8.9747 seconds
[36m(RouterManager pid=51733)[0m [Router ReqQueue] Req chatcmpl-5b4cc55b90064dc4944f6bd8a84c3385 in_time: 683133.0696, out_time: 683141.9840, total wait time: 8.9144 seconds
[36m(RouterManager pid=51733)[0m [Router ReqQueue] Req chatcmpl-47d823da11b04be5be02bdf5dc6c5558 in_time: 683133.2250, out_time: 683141.9840, total wait time: 8.7591 seconds
[36m(RouterManager pid=51733)[0m [Router ReqQueue] Req chatcmpl-bbad8a53352a4b8a8599edd075249ecd in_time: 683133.2402, out_time: 683141.9840, total wait time: 8.7438 seconds
[36m(RouterManager pid=51733)[0m [Router ReqQueue] Req chatcmpl-41832b55a1ff48ccb91475ad252892fe in_time: 683133.5696, out_time: 683141.9841, total wait time: 8.4145 seconds
[36m(RouterManager pid=51733)[0m [Router ReqQueue] Req chatcmpl-69dc2a0498724fb2b9c520c2586777f9 in_time: 683133.6985, out_time: 683141.9841, total wait time: 8.2856 seconds
[36m(RouterManager pid=51733)[0m [Router ReqQueue] Req chatcmpl-f68027619ef24a85a7c9c737e0ea023f in_time: 683133.7137, out_time: 683141.9841, total wait time: 8.2703 seconds
[36m(RouterManager pid=51733)[0m [Router ReqQueue] Req chatcmpl-96fb70bbaa2b4478b36f0de08bfca902 in_time: 683133.8327, out_time: 683141.9841, total wait time: 8.1514 seconds
[36m(RouterManager pid=51733)[0m [Router ReqQueue] Req chatcmpl-779da35a15304377aeeaae21f7fe762a in_time: 683134.0333, out_time: 683141.9841, total wait time: 7.9508 seconds
[36m(RouterManager pid=51733)[0m [Router ReqQueue] Req chatcmpl-9981790498d548878b85b4a20b29c390 in_time: 683134.0417, out_time: 683141.9841, total wait time: 7.9424 seconds
[36m(RouterManager pid=51733)[0m [Router ReqQueue] Req chatcmpl-a4fd5e7eade14f189d4ea4c25b4ce801 in_time: 683134.1300, out_time: 683141.9841, total wait time: 7.8541 seconds
[36m(RouterManager pid=51733)[0m [Router ReqQueue] Req chatcmpl-ba22b86dc4ef415d967cd8fcf9329019 in_time: 683134.1393, out_time: 683141.9841, total wait time: 7.8448 seconds
[36m(RouterManager pid=51733)[0m [Router ReqQueue] Req chatcmpl-2904cebb08464fe894a538baa9d6e1a9 in_time: 683134.4740, out_time: 683141.9841, total wait time: 7.5101 seconds
[36m(RouterManager pid=51733)[0m [Router ReqQueue] Req chatcmpl-8fcbdb8233884f669856be64e255de05 in_time: 683134.6051, out_time: 683141.9841, total wait time: 7.3791 seconds
[36m(RouterManager pid=51733)[0m [Router ReqQueue] Req chatcmpl-1f0beb4b276c41d2a9d639ceab51fe89 in_time: 683134.6214, out_time: 683141.9841, total wait time: 7.3628 seconds
[36m(RouterManager pid=51733)[0m [Router ReqQueue] Req chatcmpl-88b8dd1b78034b638a17ffd8bc5cabc3 in_time: 683135.0619, out_time: 683141.9842, total wait time: 6.9223 seconds
[36m(RouterManager pid=51733)[0m [Loongserve manager] scheduling time: 270.58 ms
[36m(RouterManager pid=51733)[0m [Loongserve manager] prefill and decoding batch scheduling results:
[36m(RouterManager pid=51733)[0m     running decode batch id: c701661a76904db989989dd4ddfa5f1d, req num: 57, occupied instances: [1], batch_used_tokens_sum: 203149
[36m(RouterManager pid=51733)[0m     prefill batch id: e9eb2f4321e640e28a3866c9f2d75183, req num: 28, occupied instances: [2, 3, 0], batch_used_tokens_sum: 0
[36m(RouterManager pid=51733)[0m [Loongserve manager] running batch id: c701661a76904db989989dd4ddfa5f1d, req num: 51, occupied instances: [1], batch_used_tokens_sum: 133828
[36m(RouterManager pid=51733)[0m [Loongserve manager] running batch id: e9eb2f4321e640e28a3866c9f2d75183, req num: 28, occupied instances: [2], batch_used_tokens_sum: 98868
[36m(RouterManager pid=51733)[0m === RouterManager iteration 1144 ===
[36m(RouterManager pid=51733)[0m self.req_queue.waiting_req_list length: 74
[36m(RouterManager pid=51733)[0m === RouterManager iteration 1146 ===
[36m(RouterManager pid=51733)[0m self.req_queue.waiting_req_list length: 74
[36m(RouterManager pid=51733)[0m === RouterManager iteration 1148 ===
[36m(RouterManager pid=51733)[0m self.req_queue.waiting_req_list length: 74
[36m(RouterManager pid=51733)[0m === RouterManager iteration 1150 ===
[36m(RouterManager pid=51733)[0m self.req_queue.waiting_req_list length: 75
[36m(RouterManager pid=51733)[0m === RouterManager iteration 1152 ===
[36m(RouterManager pid=51733)[0m self.req_queue.waiting_req_list length: 75
[36m(RouterManager pid=51733)[0m === RouterManager iteration 1154 ===
[36m(RouterManager pid=51733)[0m self.req_queue.waiting_req_list length: 75
[36m(RouterManager pid=51733)[0m === RouterManager iteration 1156 ===
[36m(RouterManager pid=51733)[0m self.req_queue.waiting_req_list length: 75
[36m(RouterManager pid=51733)[0m === RouterManager iteration 1158 ===
[36m(RouterManager pid=51733)[0m self.req_queue.waiting_req_list length: 75
[36m(RouterManager pid=51733)[0m === RouterManager iteration 1160 ===
[36m(RouterManager pid=51733)[0m self.req_queue.waiting_req_list length: 75
[36m(RouterManager pid=51733)[0m === RouterManager iteration 1162 ===
[36m(RouterManager pid=51733)[0m self.req_queue.waiting_req_list length: 75
[36m(RouterManager pid=51733)[0m === RouterManager iteration 1164 ===
[36m(RouterManager pid=51733)[0m self.req_queue.waiting_req_list length: 75
[36m(RouterManager pid=51733)[0m [Router ReqQueue] Req chatcmpl-2aac3605d91a4a3881d6faba960b3612 in_time: 683135.1183, out_time: 683147.4145, total wait time: 12.2963 seconds
[36m(RouterManager pid=51733)[0m [Router ReqQueue] Req chatcmpl-05171264492040ffad8d2f5acf3726af in_time: 683135.3707, out_time: 683147.4146, total wait time: 12.0439 seconds
[36m(RouterManager pid=51733)[0m [Router ReqQueue] Req chatcmpl-26570b9800244529ac64affddeaaf0aa in_time: 683135.5968, out_time: 683147.4146, total wait time: 11.8178 seconds
[36m(RouterManager pid=51733)[0m [Router ReqQueue] Req chatcmpl-5371da2e61784d7da1f64da2b65dff46 in_time: 683135.8250, out_time: 683147.4146, total wait time: 11.5896 seconds
[36m(RouterManager pid=51733)[0m [Router ReqQueue] Req chatcmpl-0de80e098d9f4ce79ac2fcdbb4e47574 in_time: 683136.0913, out_time: 683147.4146, total wait time: 11.3233 seconds
[36m(RouterManager pid=51733)[0m [Router ReqQueue] Req chatcmpl-924031865c6c44c69a037015930f7087 in_time: 683136.2114, out_time: 683147.4146, total wait time: 11.2033 seconds
[36m(RouterManager pid=51733)[0m [Router ReqQueue] Req chatcmpl-d5ef00d7572d416ca643b3d55b5983b5 in_time: 683136.2591, out_time: 683147.4146, total wait time: 11.1556 seconds
[36m(RouterManager pid=51733)[0m [Router ReqQueue] Req chatcmpl-45bfd2d6f716450f96775cfd433e5812 in_time: 683136.4009, out_time: 683147.4147, total wait time: 11.0138 seconds
[36m(RouterManager pid=51733)[0m [Router ReqQueue] Req chatcmpl-7b691f8920c143ff8c6c11a4b0e572b3 in_time: 683136.6263, out_time: 683147.4147, total wait time: 10.7884 seconds
[36m(RouterManager pid=51733)[0m [Router ReqQueue] Req chatcmpl-e0599a9b0a8d466dbf5113b91e318954 in_time: 683136.8432, out_time: 683147.4147, total wait time: 10.5715 seconds
[36m(RouterManager pid=51733)[0m [Router ReqQueue] Req chatcmpl-9d69a224222341199b7aa34962ffb2a0 in_time: 683136.8519, out_time: 683147.4147, total wait time: 10.5628 seconds
[36m(RouterManager pid=51733)[0m [Router ReqQueue] Req chatcmpl-3f6b32963f914c1e83055d1a4375a219 in_time: 683136.9952, out_time: 683147.4147, total wait time: 10.4195 seconds
[36m(RouterManager pid=51733)[0m [Router ReqQueue] Req chatcmpl-31fb8aa9ba1141d2b999a9c6a4db82a8 in_time: 683137.1470, out_time: 683147.4147, total wait time: 10.2677 seconds
[36m(RouterManager pid=51733)[0m [Router ReqQueue] Req chatcmpl-ab220f50004e481b90370e2a05a973e1 in_time: 683137.2038, out_time: 683147.4147, total wait time: 10.2109 seconds
[36m(RouterManager pid=51733)[0m [Router ReqQueue] Req chatcmpl-f76bf503d1dc4747ba818399f1d25e98 in_time: 683137.3807, out_time: 683147.4147, total wait time: 10.0340 seconds
[36m(RouterManager pid=51733)[0m [Router ReqQueue] Req chatcmpl-09e09c869c9040aabfbabdbf54bc5aa1 in_time: 683137.6164, out_time: 683147.4147, total wait time: 9.7983 seconds
[36m(RouterManager pid=51733)[0m [Router ReqQueue] Req chatcmpl-aea8efa895f44520a796d16a0e44c044 in_time: 683137.8635, out_time: 683147.4147, total wait time: 9.5513 seconds
[36m(RouterManager pid=51733)[0m [Router ReqQueue] Req chatcmpl-33d0fea907f643f1b3044599e10338d6 in_time: 683138.1370, out_time: 683147.4147, total wait time: 9.2778 seconds
[36m(RouterManager pid=51733)[0m [Router ReqQueue] Req chatcmpl-61c4ee060e3747168b5448f5a57ee2b4 in_time: 683138.3371, out_time: 683147.4148, total wait time: 9.0776 seconds
[36m(RouterManager pid=51733)[0m [Router ReqQueue] Req chatcmpl-f4f94aa1667049b786076735d572b2d0 in_time: 683138.3410, out_time: 683147.4148, total wait time: 9.0738 seconds
[36m(RouterManager pid=51733)[0m [Router ReqQueue] Req chatcmpl-22c5134690224c30b08b69c0c78a5895 in_time: 683138.4897, out_time: 683147.4148, total wait time: 8.9251 seconds
[36m(RouterManager pid=51733)[0m [Router ReqQueue] Req chatcmpl-71c1a8b2b72e495dad5b95c579fc9b1e in_time: 683138.7200, out_time: 683147.4148, total wait time: 8.6948 seconds
[36m(RouterManager pid=51733)[0m [Router ReqQueue] Req chatcmpl-abc33f2738f848bcbdf81cdb979e1348 in_time: 683138.7621, out_time: 683147.4148, total wait time: 8.6527 seconds
[36m(RouterManager pid=51733)[0m [Router ReqQueue] Req chatcmpl-4b7e3affbcdb4bbc8371d15f6aa05b04 in_time: 683138.7645, out_time: 683147.4148, total wait time: 8.6504 seconds
[36m(RouterManager pid=51733)[0m [Router ReqQueue] Req chatcmpl-0b2dcd59fdfc4090a7cb772c4e7a8d19 in_time: 683138.7881, out_time: 683147.4148, total wait time: 8.6267 seconds
[36m(RouterManager pid=51733)[0m [Router ReqQueue] Req chatcmpl-93074772c16c4f4cb4b4ad0923f9b8de in_time: 683139.1307, out_time: 683147.4148, total wait time: 8.2841 seconds
[36m(RouterManager pid=51733)[0m [Router ReqQueue] Req chatcmpl-41db033a812d46e898c6e47ad4cfbc53 in_time: 683139.2506, out_time: 683147.4148, total wait time: 8.1642 seconds
[36m(RouterManager pid=51733)[0m [Router ReqQueue] Req chatcmpl-cda5e348f4704b9dbbb8b4a84a9ebcba in_time: 683139.3810, out_time: 683147.4149, total wait time: 8.0338 seconds
[36m(RouterManager pid=51733)[0m [Router ReqQueue] Req chatcmpl-c0928d8b1393491abfeac2ac85700eea in_time: 683139.4184, out_time: 683147.4149, total wait time: 7.9964 seconds
[36m(RouterManager pid=51733)[0m [Router ReqQueue] Req chatcmpl-52812c0d8eb540eea506211357d980ee in_time: 683139.5666, out_time: 683147.4149, total wait time: 7.8483 seconds
[36m(RouterManager pid=51733)[0m [Router ReqQueue] Req chatcmpl-d5dd58a12b8c438e8d453b69b651849a in_time: 683139.5677, out_time: 683147.4149, total wait time: 7.8472 seconds
[36m(RouterManager pid=51733)[0m [Router ReqQueue] Req chatcmpl-a134bd40067b44ef80feab98a72789d4 in_time: 683139.6325, out_time: 683147.4149, total wait time: 7.7823 seconds
[36m(RouterManager pid=51733)[0m [Router ReqQueue] Req chatcmpl-93b34f076bd0424b977925ed40ecccce in_time: 683140.1466, out_time: 683147.4149, total wait time: 7.2683 seconds
[36m(RouterManager pid=51733)[0m [Router ReqQueue] Req chatcmpl-00bb2fdd34484dcf85b70a9b54078557 in_time: 683140.4508, out_time: 683147.4149, total wait time: 6.9641 seconds
[36m(RouterManager pid=51733)[0m [Router ReqQueue] Req chatcmpl-53a705a5f1d24db58bf6b0d91fb252dc in_time: 683140.4755, out_time: 683147.4149, total wait time: 6.9394 seconds
[36m(RouterManager pid=51733)[0m [Router ReqQueue] Req chatcmpl-7d12863bd1c14e1fbacca2dcab48a934 in_time: 683140.6087, out_time: 683147.4149, total wait time: 6.8062 seconds
[36m(RouterManager pid=51733)[0m [Router ReqQueue] Req chatcmpl-67c20e477800453a9b206e74b7c28b55 in_time: 683140.6402, out_time: 683147.4149, total wait time: 6.7748 seconds
[36m(RouterManager pid=51733)[0m [Router ReqQueue] Req chatcmpl-a3d2bca2e68449a5b59ee40681e0da6c in_time: 683140.7475, out_time: 683147.4149, total wait time: 6.6674 seconds
[36m(RouterManager pid=51733)[0m [Router ReqQueue] Req chatcmpl-ab656ca340c74955a673c3381fa87561 in_time: 683140.8812, out_time: 683147.4150, total wait time: 6.5337 seconds
[36m(RouterManager pid=51733)[0m [Router ReqQueue] Req chatcmpl-cbb19e73bfc349a5bf8eff05e68d0904 in_time: 683141.2412, out_time: 683147.4150, total wait time: 6.1738 seconds
[36m(RouterManager pid=51733)[0m [Router ReqQueue] Req chatcmpl-06b48fc6db754c9299af10e8f9107500 in_time: 683141.2624, out_time: 683147.4150, total wait time: 6.1525 seconds
[36m(RouterManager pid=51733)[0m [Router ReqQueue] Req chatcmpl-66a432810f734a81ba6857d3eb0a8e45 in_time: 683141.3194, out_time: 683147.4150, total wait time: 6.0955 seconds
[36m(RouterManager pid=51733)[0m [Router ReqQueue] Req chatcmpl-bbac910e039f4564a883d09971d24b31 in_time: 683141.7939, out_time: 683147.4150, total wait time: 5.6211 seconds
[36m(RouterManager pid=51733)[0m [Router ReqQueue] Req chatcmpl-d2626e7b785949e7be9510e4c6128911 in_time: 683141.8698, out_time: 683147.4150, total wait time: 5.5452 seconds
[36m(RouterManager pid=51733)[0m [Router ReqQueue] Req chatcmpl-2a35e9ab0a8e4a0299907c67e166d0b5 in_time: 683141.8914, out_time: 683147.4150, total wait time: 5.5236 seconds
[36m(RouterManager pid=51733)[0m [Router ReqQueue] Req chatcmpl-5b5aab5dae814198bbd8a773ff5cfc39 in_time: 683141.9587, out_time: 683147.4150, total wait time: 5.4563 seconds
[36m(RouterManager pid=51733)[0m [Router ReqQueue] Req chatcmpl-135ee26386c945499a72a7288f4db64f in_time: 683142.3588, out_time: 683147.4150, total wait time: 5.0562 seconds
[36m(RouterManager pid=51733)[0m [Router ReqQueue] Req chatcmpl-4bc18967134c429aad315da02a1649e5 in_time: 683142.4789, out_time: 683147.4150, total wait time: 4.9361 seconds
[36m(RouterManager pid=51733)[0m [Router ReqQueue] Req chatcmpl-3d18907470d0444fb5e856272c17b8e4 in_time: 683142.8722, out_time: 683147.4151, total wait time: 4.5428 seconds
[36m(RouterManager pid=51733)[0m [Router ReqQueue] Req chatcmpl-435fc0f40af74854aebb5561bd467634 in_time: 683142.8830, out_time: 683147.4151, total wait time: 4.5321 seconds
[36m(RouterManager pid=51733)[0m [Router ReqQueue] Req chatcmpl-691d90602acd45549dd762a335149ff1 in_time: 683143.8747, out_time: 683147.4151, total wait time: 3.5404 seconds
[36m(RouterManager pid=51733)[0m [Router ReqQueue] Req chatcmpl-df644626b0cc4fc7bd04c435632f5add in_time: 683143.9433, out_time: 683147.4151, total wait time: 3.4718 seconds
[36m(RouterManager pid=51733)[0m [Router ReqQueue] Req chatcmpl-5907a1fb65b4473dbf190feb07f7f675 in_time: 683144.1476, out_time: 683147.4151, total wait time: 3.2675 seconds
[36m(RouterManager pid=51733)[0m [Loongserve manager] scheduling time: 1.69 ms
[36m(RouterManager pid=51733)[0m [Loongserve manager] prefill and decoding batch scheduling results:
[36m(RouterManager pid=51733)[0m     running decode batch id: c701661a76904db989989dd4ddfa5f1d, req num: 51, occupied instances: [1], batch_used_tokens_sum: 134338
[36m(RouterManager pid=51733)[0m     running decode batch id: e9eb2f4321e640e28a3866c9f2d75183, req num: 28, occupied instances: [2], batch_used_tokens_sum: 99148
[36m(RouterManager pid=51733)[0m     prefill batch id: 820420b3783b4abcb9ca26625a2117cb, req num: 53, occupied instances: [0, 3], batch_used_tokens_sum: 0
[36m(RouterManager pid=51733)[0m [Loongserve manager] running batch id: e9eb2f4321e640e28a3866c9f2d75183, req num: 26, occupied instances: [2], batch_used_tokens_sum: 64324
[36m(RouterManager pid=51733)[0m [Loongserve manager] running batch id: 820420b3783b4abcb9ca26625a2117cb, req num: 53, occupied instances: [0], batch_used_tokens_sum: 99142
[36m(RouterManager pid=51733)[0m === RouterManager iteration 1166 ===
[36m(RouterManager pid=51733)[0m self.req_queue.waiting_req_list length: 50
[36m(RouterManager pid=51733)[0m === RouterManager iteration 1168 ===
[36m(RouterManager pid=51733)[0m self.req_queue.waiting_req_list length: 50
[36m(RouterManager pid=51733)[0m === RouterManager iteration 1170 ===
[36m(RouterManager pid=51733)[0m self.req_queue.waiting_req_list length: 50
[36m(RouterManager pid=51733)[0m === RouterManager iteration 1172 ===
[36m(RouterManager pid=51733)[0m self.req_queue.waiting_req_list length: 50
[36m(RouterManager pid=51733)[0m === RouterManager iteration 1174 ===
[36m(RouterManager pid=51733)[0m self.req_queue.waiting_req_list length: 50
[36m(RouterManager pid=51733)[0m === RouterManager iteration 1176 ===
[36m(RouterManager pid=51733)[0m self.req_queue.waiting_req_list length: 50
[36m(RouterManager pid=51733)[0m === RouterManager iteration 1178 ===
[36m(RouterManager pid=51733)[0m self.req_queue.waiting_req_list length: 51
[36m(RouterManager pid=51733)[0m === RouterManager iteration 1180 ===
[36m(RouterManager pid=51733)[0m self.req_queue.waiting_req_list length: 51
[36m(RouterManager pid=51733)[0m === RouterManager iteration 1182 ===
[36m(RouterManager pid=51733)[0m self.req_queue.waiting_req_list length: 51
[36m(RouterManager pid=51733)[0m === RouterManager iteration 1184 ===
[36m(RouterManager pid=51733)[0m self.req_queue.waiting_req_list length: 51
[36m(RouterManager pid=51733)[0m === RouterManager iteration 1186 ===
[36m(RouterManager pid=51733)[0m self.req_queue.waiting_req_list length: 51
[36m(RouterManager pid=51733)[0m [Router ReqQueue] Req chatcmpl-e52069a5913c4a61a9886054a08b1309 in_time: 683144.1869, out_time: 683153.4548, total wait time: 9.2679 seconds
[36m(RouterManager pid=51733)[0m [Router ReqQueue] Req chatcmpl-e8b691f268ed4dd2a5e1dfab5bd16abb in_time: 683144.4612, out_time: 683153.4548, total wait time: 8.9936 seconds
[36m(RouterManager pid=51733)[0m [Router ReqQueue] Req chatcmpl-eda6e975504a47dfa23ecd7ddc89ce28 in_time: 683144.4976, out_time: 683153.4548, total wait time: 8.9572 seconds
[36m(RouterManager pid=51733)[0m [Router ReqQueue] Req chatcmpl-c6bd4ea2336542719d31a3d58c7e133f in_time: 683144.5176, out_time: 683153.4548, total wait time: 8.9372 seconds
[36m(RouterManager pid=51733)[0m [Router ReqQueue] Req chatcmpl-966317d381bf4d7ea4f3ff619385a9d3 in_time: 683144.6628, out_time: 683153.4548, total wait time: 8.7920 seconds
[36m(RouterManager pid=51733)[0m [Router ReqQueue] Req chatcmpl-46de873a77854a8ebfde7e5fb837f22e in_time: 683144.8967, out_time: 683153.4548, total wait time: 8.5581 seconds
[36m(RouterManager pid=51733)[0m [Router ReqQueue] Req chatcmpl-40df603fa316414cb5363edb28a19a2d in_time: 683144.9424, out_time: 683153.4548, total wait time: 8.5125 seconds
[36m(RouterManager pid=51733)[0m [Router ReqQueue] Req chatcmpl-20ad932222754710826f48c5de45f34c in_time: 683145.3367, out_time: 683153.4548, total wait time: 8.1181 seconds
[36m(RouterManager pid=51733)[0m [Router ReqQueue] Req chatcmpl-a6d503e100fe429e8610c2c39b5be8a5 in_time: 683145.5068, out_time: 683153.4548, total wait time: 7.9480 seconds
[36m(RouterManager pid=51733)[0m [Router ReqQueue] Req chatcmpl-53180b0aeb9b4798ac7a836e68f5abd3 in_time: 683145.5164, out_time: 683153.4549, total wait time: 7.9384 seconds
[36m(RouterManager pid=51733)[0m [Router ReqQueue] Req chatcmpl-aadc4fb5ebce41baa8522707b9fa82a6 in_time: 683145.7173, out_time: 683153.4549, total wait time: 7.7376 seconds
[36m(RouterManager pid=51733)[0m [Router ReqQueue] Req chatcmpl-f89a065595614df28ebc8d735c0b0405 in_time: 683145.8106, out_time: 683153.4549, total wait time: 7.6443 seconds
[36m(RouterManager pid=51733)[0m [Router ReqQueue] Req chatcmpl-ed1625497a97498a98ed4720315cc579 in_time: 683145.9585, out_time: 683153.4549, total wait time: 7.4964 seconds
[36m(RouterManager pid=51733)[0m [Router ReqQueue] Req chatcmpl-6d22db3502914d66b3aa541a37a1d70b in_time: 683145.9715, out_time: 683153.4549, total wait time: 7.4834 seconds
[36m(RouterManager pid=51733)[0m [Router ReqQueue] Req chatcmpl-8ea79adb3a2740388e3034971e1fda50 in_time: 683146.1766, out_time: 683153.4549, total wait time: 7.2783 seconds
[36m(RouterManager pid=51733)[0m [Router ReqQueue] Req chatcmpl-7c1a8403ee5347daac09a033d4feb1a1 in_time: 683146.4462, out_time: 683153.4549, total wait time: 7.0088 seconds
[36m(RouterManager pid=51733)[0m [Router ReqQueue] Req chatcmpl-aa464501d319415d9ce48dad15a3a481 in_time: 683146.4708, out_time: 683153.4549, total wait time: 6.9842 seconds
[36m(RouterManager pid=51733)[0m [Router ReqQueue] Req chatcmpl-52dfe54c37cd429caefe85afc30400c4 in_time: 683146.5095, out_time: 683153.4549, total wait time: 6.9455 seconds
[36m(RouterManager pid=51733)[0m [Router ReqQueue] Req chatcmpl-d66577e4088145698e44c0ce58c31e0d in_time: 683146.8753, out_time: 683153.4550, total wait time: 6.5797 seconds
[36m(RouterManager pid=51733)[0m [Router ReqQueue] Req chatcmpl-11f2b37449f8482e881257e911fe1cce in_time: 683146.9362, out_time: 683153.4550, total wait time: 6.5187 seconds
[36m(RouterManager pid=51733)[0m [Router ReqQueue] Req chatcmpl-61ac348aa1034d6ebae2e1280af3d074 in_time: 683146.9392, out_time: 683153.4550, total wait time: 6.5158 seconds
[36m(RouterManager pid=51733)[0m [Router ReqQueue] Req chatcmpl-172065a20f9f444bbe45226b4f99c4ff in_time: 683147.0751, out_time: 683153.4550, total wait time: 6.3798 seconds
[36m(RouterManager pid=51733)[0m [Router ReqQueue] Req chatcmpl-468ee87abe0b479cb8af2befa942aa04 in_time: 683147.9384, out_time: 683153.4550, total wait time: 5.5166 seconds
[36m(RouterManager pid=51733)[0m [Router ReqQueue] Req chatcmpl-5bf5e02bd201445cb47ab5905e95ec21 in_time: 683148.1582, out_time: 683153.4550, total wait time: 5.2968 seconds
[36m(RouterManager pid=51733)[0m [Router ReqQueue] Req chatcmpl-3d87ef78d8ca44c3bf4d3998f46f50db in_time: 683148.1981, out_time: 683153.4550, total wait time: 5.2569 seconds
[36m(RouterManager pid=51733)[0m [Router ReqQueue] Req chatcmpl-10191907330440e5a4c1c68edf6f3bae in_time: 683148.2872, out_time: 683153.4550, total wait time: 5.1678 seconds
[36m(RouterManager pid=51733)[0m [Router ReqQueue] Req chatcmpl-51d81f277c614c3b8e7ba2f44d77c5c5 in_time: 683148.3526, out_time: 683153.4550, total wait time: 5.1024 seconds
[36m(RouterManager pid=51733)[0m [Router ReqQueue] Req chatcmpl-2219e8f1d2434aa3972e60a28865400c in_time: 683148.5461, out_time: 683153.4550, total wait time: 4.9089 seconds
[36m(RouterManager pid=51733)[0m [Router ReqQueue] Req chatcmpl-137f36c21a2e43ab890342eea3e1b250 in_time: 683149.4180, out_time: 683153.4550, total wait time: 4.0370 seconds
[36m(RouterManager pid=51733)[0m [Router ReqQueue] Req chatcmpl-2f900daf3f52448898a924d83e4a3a59 in_time: 683149.5563, out_time: 683153.4550, total wait time: 3.8988 seconds
[36m(RouterManager pid=51733)[0m [Router ReqQueue] Req chatcmpl-7a77b8113b924991991bc76db38863a7 in_time: 683149.8361, out_time: 683153.4551, total wait time: 3.6189 seconds
[36m(RouterManager pid=51733)[0m [Router ReqQueue] Req chatcmpl-66e04c9325d44a459867fd82c6cc2a09 in_time: 683150.2064, out_time: 683153.4551, total wait time: 3.2486 seconds
[36m(RouterManager pid=51733)[0m [Loongserve manager] scheduling time: 112.53 ms
[36m(RouterManager pid=51733)[0m [Loongserve manager] prefill and decoding batch scheduling results:
[36m(RouterManager pid=51733)[0m     running decode batch id: 820420b3783b4abcb9ca26625a2117cb, req num: 79, occupied instances: [0], batch_used_tokens_sum: 164256
[36m(RouterManager pid=51733)[0m     prefill batch id: 63616e6eb3164b71a58c8649a5d0b305, req num: 32, occupied instances: [1, 3, 2], batch_used_tokens_sum: 0
[36m(RouterManager pid=51733)[0m [Loongserve manager] running batch id: 820420b3783b4abcb9ca26625a2117cb, req num: 53, occupied instances: [0], batch_used_tokens_sum: 104495
[36m(RouterManager pid=51733)[0m [Loongserve manager] running batch id: 63616e6eb3164b71a58c8649a5d0b305, req num: 32, occupied instances: [1], batch_used_tokens_sum: 99748
[36m(RouterManager pid=51733)[0m === RouterManager iteration 1188 ===
[36m(RouterManager pid=51733)[0m self.req_queue.waiting_req_list length: 45
[36m(RouterManager pid=51733)[0m === RouterManager iteration 1190 ===
[36m(RouterManager pid=51733)[0m self.req_queue.waiting_req_list length: 45
[36m(RouterManager pid=51733)[0m === RouterManager iteration 1192 ===
[36m(RouterManager pid=51733)[0m self.req_queue.waiting_req_list length: 45
[36m(RouterManager pid=51733)[0m === RouterManager iteration 1194 ===
[36m(RouterManager pid=51733)[0m self.req_queue.waiting_req_list length: 46
[36m(RouterManager pid=51733)[0m === RouterManager iteration 1196 ===
[36m(RouterManager pid=51733)[0m self.req_queue.waiting_req_list length: 46
[36m(RouterManager pid=51733)[0m === RouterManager iteration 1198 ===
[36m(RouterManager pid=51733)[0m self.req_queue.waiting_req_list length: 46
[36m(RouterManager pid=51733)[0m === RouterManager iteration 1200 ===
[36m(RouterManager pid=51733)[0m self.req_queue.waiting_req_list length: 46
[36m(RouterManager pid=51733)[0m === RouterManager iteration 1202 ===
[36m(RouterManager pid=51733)[0m self.req_queue.waiting_req_list length: 46
[36m(RouterManager pid=51733)[0m === RouterManager iteration 1204 ===
[36m(RouterManager pid=51733)[0m self.req_queue.waiting_req_list length: 47
[36m(RouterManager pid=51733)[0m === RouterManager iteration 1206 ===
[36m(RouterManager pid=51733)[0m self.req_queue.waiting_req_list length: 47
[36m(RouterManager pid=51733)[0m === RouterManager iteration 1208 ===
[36m(RouterManager pid=51733)[0m self.req_queue.waiting_req_list length: 47
[36m(RouterManager pid=51733)[0m [Router ReqQueue] Req chatcmpl-fd142ccd775e47399e2658d180d061d4 in_time: 683147.9761, out_time: 683158.5292, total wait time: 10.5531 seconds
[36m(RouterManager pid=51733)[0m [Router ReqQueue] Req chatcmpl-66f49ebfd9ac4d58a1304ea98846c66e in_time: 683149.7987, out_time: 683158.5292, total wait time: 8.7305 seconds
[36m(RouterManager pid=51733)[0m [Router ReqQueue] Req chatcmpl-8da4ff2359514d7c814e8d293a99c815 in_time: 683150.2073, out_time: 683158.5292, total wait time: 8.3219 seconds
[36m(RouterManager pid=51733)[0m [Router ReqQueue] Req chatcmpl-63e07622afec46b385dfb45cbdfd8e73 in_time: 683150.2700, out_time: 683158.5292, total wait time: 8.2593 seconds
[36m(RouterManager pid=51733)[0m [Router ReqQueue] Req chatcmpl-4574d16604884fce80f99c902b38b171 in_time: 683150.3758, out_time: 683158.5292, total wait time: 8.1534 seconds
[36m(RouterManager pid=51733)[0m [Router ReqQueue] Req chatcmpl-a630e65eaf7d48339f9dce5f18b12931 in_time: 683150.6115, out_time: 683158.5292, total wait time: 7.9178 seconds
[36m(RouterManager pid=51733)[0m [Router ReqQueue] Req chatcmpl-2113174c5ea44cffa4e5f0793d160fd1 in_time: 683150.6430, out_time: 683158.5293, total wait time: 7.8863 seconds
[36m(RouterManager pid=51733)[0m [Router ReqQueue] Req chatcmpl-8dfd2079ad8644dd922f2132ff98c77f in_time: 683150.8415, out_time: 683158.5293, total wait time: 7.6877 seconds
[36m(RouterManager pid=51733)[0m [Router ReqQueue] Req chatcmpl-c9484375f4a14f698cd68ec431495994 in_time: 683150.9389, out_time: 683158.5293, total wait time: 7.5903 seconds
[36m(RouterManager pid=51733)[0m [Router ReqQueue] Req chatcmpl-4aa28c34d50e4f668066d6487f7fb2df in_time: 683151.0487, out_time: 683158.5293, total wait time: 7.4806 seconds
[36m(RouterManager pid=51733)[0m [Router ReqQueue] Req chatcmpl-f45437a83dc942caa68e8a3e48127bfa in_time: 683151.1853, out_time: 683158.5293, total wait time: 7.3440 seconds
[36m(RouterManager pid=51733)[0m [Router ReqQueue] Req chatcmpl-15271e3b13fc4ea58dd6bcbcb589d2c8 in_time: 683151.4085, out_time: 683158.5293, total wait time: 7.1208 seconds
[36m(RouterManager pid=51733)[0m [Router ReqQueue] Req chatcmpl-f2f6c1fb5b284e9ca1b909b8286549d0 in_time: 683151.5853, out_time: 683158.5293, total wait time: 6.9440 seconds
[36m(RouterManager pid=51733)[0m [Router ReqQueue] Req chatcmpl-575564e1371545868ab60ea3683237da in_time: 683151.8483, out_time: 683158.5293, total wait time: 6.6810 seconds
[36m(RouterManager pid=51733)[0m [Router ReqQueue] Req chatcmpl-96be4bef9b5949bc8a9692acb6833d3e in_time: 683152.0276, out_time: 683158.5293, total wait time: 6.5017 seconds
[36m(RouterManager pid=51733)[0m [Router ReqQueue] Req chatcmpl-c6247a6246db44b785aebeec1bf84cda in_time: 683152.1822, out_time: 683158.5293, total wait time: 6.3471 seconds
[36m(RouterManager pid=51733)[0m [Router ReqQueue] Req chatcmpl-f233af2b2e0a41c78400de520b4cf4d1 in_time: 683152.6163, out_time: 683158.5293, total wait time: 5.9130 seconds
[36m(RouterManager pid=51733)[0m [Router ReqQueue] Req chatcmpl-eb7934a548f146fab7755aad3e1d0398 in_time: 683152.9162, out_time: 683158.5294, total wait time: 5.6132 seconds
[36m(RouterManager pid=51733)[0m [Router ReqQueue] Req chatcmpl-54360362e9b645059aea7f6cddf83535 in_time: 683153.2831, out_time: 683158.5294, total wait time: 5.2462 seconds
[36m(RouterManager pid=51733)[0m [Router ReqQueue] Req chatcmpl-b3cbe33fa2cd41f38e7eaa4e1b4c81fc in_time: 683153.5840, out_time: 683158.5294, total wait time: 4.9454 seconds
[36m(RouterManager pid=51733)[0m [Router ReqQueue] Req chatcmpl-88f0e6a2d4ee4336ab9a01354a031696 in_time: 683153.7069, out_time: 683158.5294, total wait time: 4.8225 seconds
[36m(RouterManager pid=51733)[0m [Router ReqQueue] Req chatcmpl-1c90fa162e5040528c953a686dcc2e14 in_time: 683153.9233, out_time: 683158.5294, total wait time: 4.6061 seconds
[36m(RouterManager pid=51733)[0m [Router ReqQueue] Req chatcmpl-5de8bc0ee5074cef9f717a184730d30c in_time: 683153.9986, out_time: 683158.5294, total wait time: 4.5308 seconds
[36m(RouterManager pid=51733)[0m [Router ReqQueue] Req chatcmpl-c09b441388e44ed291e0093c0051c483 in_time: 683154.1297, out_time: 683158.5294, total wait time: 4.3997 seconds
[36m(RouterManager pid=51733)[0m [Router ReqQueue] Req chatcmpl-2db17def16b14a58b641dff10969ea76 in_time: 683154.1588, out_time: 683158.5294, total wait time: 4.3706 seconds
[36m(RouterManager pid=51733)[0m [Router ReqQueue] Req chatcmpl-3c6bdfee936d4802ae5749614be5c6d5 in_time: 683154.3398, out_time: 683158.5294, total wait time: 4.1896 seconds
[36m(RouterManager pid=51733)[0m [Loongserve manager] scheduling time: 321.27 ms
[36m(RouterManager pid=51733)[0m [Loongserve manager] prefill and decoding batch scheduling results:
[36m(RouterManager pid=51733)[0m     running decode batch id: 820420b3783b4abcb9ca26625a2117cb, req num: 85, occupied instances: [0], batch_used_tokens_sum: 205093
[36m(RouterManager pid=51733)[0m     prefill batch id: f27e797c7a304698bbdcd5e9ec2e1412, req num: 26, occupied instances: [2, 3, 1], batch_used_tokens_sum: 0
[36m(RouterManager pid=51733)[0m [Loongserve manager] running batch id: 820420b3783b4abcb9ca26625a2117cb, req num: 84, occupied instances: [0], batch_used_tokens_sum: 191688
[36m(RouterManager pid=51733)[0m [Loongserve manager] running batch id: f27e797c7a304698bbdcd5e9ec2e1412, req num: 26, occupied instances: [2], batch_used_tokens_sum: 99935
[36m(RouterManager pid=51733)[0m === RouterManager iteration 1210 ===
[36m(RouterManager pid=51733)[0m self.req_queue.waiting_req_list length: 60
[36m(RouterManager pid=51733)[0m === RouterManager iteration 1212 ===
[36m(RouterManager pid=51733)[0m self.req_queue.waiting_req_list length: 60
[36m(RouterManager pid=51733)[0m === RouterManager iteration 1214 ===
[36m(RouterManager pid=51733)[0m self.req_queue.waiting_req_list length: 61
[36m(RouterManager pid=51733)[0m === RouterManager iteration 1216 ===
[36m(RouterManager pid=51733)[0m self.req_queue.waiting_req_list length: 61
[36m(RouterManager pid=51733)[0m === RouterManager iteration 1218 ===
[36m(RouterManager pid=51733)[0m self.req_queue.waiting_req_list length: 61
[36m(RouterManager pid=51733)[0m === RouterManager iteration 1220 ===
[36m(RouterManager pid=51733)[0m self.req_queue.waiting_req_list length: 61
[36m(RouterManager pid=51733)[0m === RouterManager iteration 1222 ===
[36m(RouterManager pid=51733)[0m self.req_queue.waiting_req_list length: 61
[36m(RouterManager pid=51733)[0m === RouterManager iteration 1224 ===
[36m(RouterManager pid=51733)[0m self.req_queue.waiting_req_list length: 61
[36m(RouterManager pid=51733)[0m === RouterManager iteration 1226 ===
[36m(RouterManager pid=51733)[0m self.req_queue.waiting_req_list length: 61
[36m(RouterManager pid=51733)[0m === RouterManager iteration 1228 ===
[36m(RouterManager pid=51733)[0m self.req_queue.waiting_req_list length: 61
[36m(RouterManager pid=51733)[0m === RouterManager iteration 1230 ===
[36m(RouterManager pid=51733)[0m self.req_queue.waiting_req_list length: 63
[36m(RouterManager pid=51733)[0m [Router ReqQueue] Req chatcmpl-78efb5fd69014c418eccee1b3b704033 in_time: 683154.7952, out_time: 683164.4425, total wait time: 9.6473 seconds
[36m(RouterManager pid=51733)[0m [Router ReqQueue] Req chatcmpl-b9988d749f61415cb6f81c07d2b4ea66 in_time: 683154.9904, out_time: 683164.4425, total wait time: 9.4521 seconds
[36m(RouterManager pid=51733)[0m [Router ReqQueue] Req chatcmpl-541f84f45e914c57a40996c76494459b in_time: 683155.2784, out_time: 683164.4425, total wait time: 9.1641 seconds
[36m(RouterManager pid=51733)[0m [Router ReqQueue] Req chatcmpl-e5be1847c12a4f6789b00588da9d7adb in_time: 683155.3960, out_time: 683164.4425, total wait time: 9.0465 seconds
[36m(RouterManager pid=51733)[0m [Router ReqQueue] Req chatcmpl-a05aff22f8f9454283bd92d172744d62 in_time: 683155.5859, out_time: 683164.4425, total wait time: 8.8567 seconds
[36m(RouterManager pid=51733)[0m [Router ReqQueue] Req chatcmpl-e47d6b57f548412f8ae9f53da70c94e7 in_time: 683155.7725, out_time: 683164.4426, total wait time: 8.6701 seconds
[36m(RouterManager pid=51733)[0m [Router ReqQueue] Req chatcmpl-c5e1cc5a818941d898908f139cb67882 in_time: 683155.9729, out_time: 683164.4426, total wait time: 8.4697 seconds
[36m(RouterManager pid=51733)[0m [Router ReqQueue] Req chatcmpl-a83135aefec8469b8694d312bf32eeff in_time: 683156.2600, out_time: 683164.4426, total wait time: 8.1826 seconds
[36m(RouterManager pid=51733)[0m [Router ReqQueue] Req chatcmpl-e344165549d1478d823530ab7b20ae33 in_time: 683156.7191, out_time: 683164.4426, total wait time: 7.7235 seconds
[36m(RouterManager pid=51733)[0m [Router ReqQueue] Req chatcmpl-bf8cb5c0ab2b4f9e81e2893385dbf413 in_time: 683156.7649, out_time: 683164.4426, total wait time: 7.6777 seconds
[36m(RouterManager pid=51733)[0m [Router ReqQueue] Req chatcmpl-0fbb7b04c7db43469207889b4c9b2081 in_time: 683156.9650, out_time: 683164.4426, total wait time: 7.4776 seconds
[36m(RouterManager pid=51733)[0m [Router ReqQueue] Req chatcmpl-725c3b498fd94911b9283453a3ad2bf1 in_time: 683157.0477, out_time: 683164.4426, total wait time: 7.3949 seconds
[36m(RouterManager pid=51733)[0m [Router ReqQueue] Req chatcmpl-ba566773ecd04e099d665b03b4c12177 in_time: 683157.0742, out_time: 683164.4426, total wait time: 7.3684 seconds
[36m(RouterManager pid=51733)[0m [Router ReqQueue] Req chatcmpl-493ddbad0d194482ac2a30cfb0a743b9 in_time: 683157.0919, out_time: 683164.4426, total wait time: 7.3507 seconds
[36m(RouterManager pid=51733)[0m [Router ReqQueue] Req chatcmpl-1edea10610d742f5b7ee9f7d83ab1298 in_time: 683157.2250, out_time: 683164.4426, total wait time: 7.2176 seconds
[36m(RouterManager pid=51733)[0m [Router ReqQueue] Req chatcmpl-a8b80bdc8da04c2fb64b754e056250c5 in_time: 683157.4420, out_time: 683164.4426, total wait time: 7.0007 seconds
[36m(RouterManager pid=51733)[0m [Router ReqQueue] Req chatcmpl-55831ee77e7840219eff709b24432eb6 in_time: 683157.4981, out_time: 683164.4427, total wait time: 6.9446 seconds
[36m(RouterManager pid=51733)[0m [Router ReqQueue] Req chatcmpl-409d10fd35094462a72b51b5f9b68c55 in_time: 683157.5804, out_time: 683164.4427, total wait time: 6.8623 seconds
[36m(RouterManager pid=51733)[0m [Router ReqQueue] Req chatcmpl-9c41d5c9064a45549bbd6f977609a3ab in_time: 683157.8339, out_time: 683164.4427, total wait time: 6.6088 seconds
[36m(RouterManager pid=51733)[0m [Router ReqQueue] Req chatcmpl-ed6087b5981846218e8a21bc5655ce44 in_time: 683158.2271, out_time: 683164.4427, total wait time: 6.2156 seconds
[36m(RouterManager pid=51733)[0m [Router ReqQueue] Req chatcmpl-68014f0ea5964f0eb0e1b555664b27a2 in_time: 683158.4431, out_time: 683164.4427, total wait time: 5.9996 seconds
[36m(RouterManager pid=51733)[0m [Router ReqQueue] Req chatcmpl-b98cd42621bb4fadb95ac70120dd822f in_time: 683158.5815, out_time: 683164.4427, total wait time: 5.8612 seconds
[36m(RouterManager pid=51733)[0m [Router ReqQueue] Req chatcmpl-5cbbfa1a436d49b9888525800940ac60 in_time: 683158.6064, out_time: 683164.4427, total wait time: 5.8363 seconds
[36m(RouterManager pid=51733)[0m [Router ReqQueue] Req chatcmpl-9c592f499d074ec7ad35154423cfc6b3 in_time: 683158.6164, out_time: 683164.4427, total wait time: 5.8264 seconds
[36m(RouterManager pid=51733)[0m [Router ReqQueue] Req chatcmpl-39c9e32ea9b44c778226699a4241bc54 in_time: 683158.6881, out_time: 683164.4427, total wait time: 5.7547 seconds
[36m(RouterManager pid=51733)[0m [Router ReqQueue] Req chatcmpl-45f68a2953024c83abd0f7cc6b871b2f in_time: 683158.7307, out_time: 683164.4428, total wait time: 5.7121 seconds
[36m(RouterManager pid=51733)[0m [Router ReqQueue] Req chatcmpl-18423ac11a5342a599aa9a76e7d211ae in_time: 683158.9769, out_time: 683164.4428, total wait time: 5.4659 seconds
[36m(RouterManager pid=51733)[0m [Router ReqQueue] Req chatcmpl-a38cd178c2b44ec1823354e2149d01a3 in_time: 683159.1719, out_time: 683164.4428, total wait time: 5.2709 seconds
[36m(RouterManager pid=51733)[0m [Router ReqQueue] Req chatcmpl-ade0b56080d2440685658c006d52faa2 in_time: 683159.2847, out_time: 683164.4428, total wait time: 5.1580 seconds
[36m(RouterManager pid=51733)[0m [Router ReqQueue] Req chatcmpl-1a392ae1a76c474c98bbb4771f22f66a in_time: 683159.7158, out_time: 683164.4428, total wait time: 4.7270 seconds
[36m(RouterManager pid=51733)[0m [Router ReqQueue] Req chatcmpl-f7ad66d8e80b4a299077fb8a90b16fd1 in_time: 683159.9412, out_time: 683164.4428, total wait time: 4.5016 seconds
[36m(RouterManager pid=51733)[0m [Router ReqQueue] Req chatcmpl-3007ecafd3d94ea3b1d58432e56016e9 in_time: 683159.9519, out_time: 683164.4428, total wait time: 4.4909 seconds
[36m(RouterManager pid=51733)[0m [Router ReqQueue] Req chatcmpl-cd72298368d84f2ca37926e9d81c51bd in_time: 683160.0522, out_time: 683164.4428, total wait time: 4.3906 seconds
[36m(RouterManager pid=51733)[0m [Router ReqQueue] Req chatcmpl-860eb18b9dca4f2cbc2517f1fcddc69e in_time: 683160.0858, out_time: 683164.4428, total wait time: 4.3571 seconds
[36m(RouterManager pid=51733)[0m [Router ReqQueue] Req chatcmpl-2cb14e0b0f8b42239940a1293931eecc in_time: 683160.3378, out_time: 683164.4428, total wait time: 4.1051 seconds
[36m(RouterManager pid=51733)[0m [Router ReqQueue] Req chatcmpl-e142fb8634244db981f5833538306d96 in_time: 683160.3585, out_time: 683164.4428, total wait time: 4.0843 seconds
[36m(RouterManager pid=51733)[0m [Router ReqQueue] Req chatcmpl-6e649abbd2b3469aa2a0c113f8bfc09a in_time: 683160.5666, out_time: 683164.4428, total wait time: 3.8762 seconds
[36m(RouterManager pid=51733)[0m [Router ReqQueue] Req chatcmpl-ef92a1b95eff4515a6377ba169b8ffc3 in_time: 683160.6568, out_time: 683164.4429, total wait time: 3.7860 seconds
[36m(RouterManager pid=51733)[0m [Router ReqQueue] Req chatcmpl-c2923c2e5b364ae182826f20baeaa992 in_time: 683160.8303, out_time: 683164.4429, total wait time: 3.6126 seconds
[36m(RouterManager pid=51733)[0m [Router ReqQueue] Req chatcmpl-d09474d00481473cb554bcb11d5db55e in_time: 683161.0558, out_time: 683164.4429, total wait time: 3.3870 seconds
[36m(RouterManager pid=51733)[0m [Router ReqQueue] Req chatcmpl-3d36c6cf39384b56968b795b63052052 in_time: 683161.0648, out_time: 683164.4429, total wait time: 3.3781 seconds
[36m(RouterManager pid=51733)[0m [Router ReqQueue] Req chatcmpl-6cc39452af0a43eb8c6da7af8e04ad5e in_time: 683161.2783, out_time: 683164.4429, total wait time: 3.1645 seconds
[36m(RouterManager pid=51733)[0m [Router ReqQueue] Req chatcmpl-40157bd0ee7346a988176e57ef0be1e7 in_time: 683161.3489, out_time: 683164.4429, total wait time: 3.0940 seconds
[36m(RouterManager pid=51733)[0m [Router ReqQueue] Req chatcmpl-8df5f811938641319bc810d31a760d10 in_time: 683161.3592, out_time: 683164.4429, total wait time: 3.0837 seconds
[36m(RouterManager pid=51733)[0m [Loongserve manager] scheduling time: 13.06 ms
[36m(RouterManager pid=51733)[0m [Loongserve manager] prefill and decoding batch scheduling results:
[36m(RouterManager pid=51733)[0m     running decode batch id: f27e797c7a304698bbdcd5e9ec2e1412, req num: 110, occupied instances: [0, 2], batch_used_tokens_sum: 292723
[36m(RouterManager pid=51733)[0m     prefill batch id: 94d2f484631c4fafb25ad3376eaa38f9, req num: 44, occupied instances: [1, 3], batch_used_tokens_sum: 0
[36m(RouterManager pid=51733)[0m [Loongserve manager] running batch id: f27e797c7a304698bbdcd5e9ec2e1412, req num: 23, occupied instances: [2, 0], batch_used_tokens_sum: 45608
[36m(RouterManager pid=51733)[0m [Loongserve manager] running batch id: 94d2f484631c4fafb25ad3376eaa38f9, req num: 44, occupied instances: [1], batch_used_tokens_sum: 99276
[36m(RouterManager pid=51733)[0m === RouterManager iteration 1232 ===
[36m(RouterManager pid=51733)[0m self.req_queue.waiting_req_list length: 54
[36m(RouterManager pid=51733)[0m === RouterManager iteration 1234 ===
[36m(RouterManager pid=51733)[0m self.req_queue.waiting_req_list length: 54
[36m(RouterManager pid=51733)[0m === RouterManager iteration 1236 ===
[36m(RouterManager pid=51733)[0m self.req_queue.waiting_req_list length: 54
[36m(RouterManager pid=51733)[0m === RouterManager iteration 1238 ===
[36m(RouterManager pid=51733)[0m self.req_queue.waiting_req_list length: 54
[36m(RouterManager pid=51733)[0m === RouterManager iteration 1240 ===
[36m(RouterManager pid=51733)[0m self.req_queue.waiting_req_list length: 54
[36m(RouterManager pid=51733)[0m === RouterManager iteration 1242 ===
[36m(RouterManager pid=51733)[0m self.req_queue.waiting_req_list length: 56
[36m(RouterManager pid=51733)[0m === RouterManager iteration 1244 ===
[36m(RouterManager pid=51733)[0m self.req_queue.waiting_req_list length: 56
[36m(RouterManager pid=51733)[0m === RouterManager iteration 1246 ===
[36m(RouterManager pid=51733)[0m self.req_queue.waiting_req_list length: 56
[36m(RouterManager pid=51733)[0m === RouterManager iteration 1248 ===
[36m(RouterManager pid=51733)[0m self.req_queue.waiting_req_list length: 56
[36m(RouterManager pid=51733)[0m === RouterManager iteration 1250 ===
[36m(RouterManager pid=51733)[0m self.req_queue.waiting_req_list length: 56
[36m(RouterManager pid=51733)[0m === RouterManager iteration 1252 ===
[36m(RouterManager pid=51733)[0m self.req_queue.waiting_req_list length: 56
[36m(RouterManager pid=51733)[0m [Router ReqQueue] Req chatcmpl-d41ed0c606a54efabb406e8c1562bd54 in_time: 683161.4089, out_time: 683171.0066, total wait time: 9.5977 seconds
[36m(RouterManager pid=51733)[0m [Router ReqQueue] Req chatcmpl-b10f0672d5a245549c9df231de09dda8 in_time: 683161.5689, out_time: 683171.0067, total wait time: 9.4377 seconds
[36m(RouterManager pid=51733)[0m [Router ReqQueue] Req chatcmpl-e613cd59cc7b4a41b099b5b02b32c18c in_time: 683161.6763, out_time: 683171.0067, total wait time: 9.3304 seconds
[36m(RouterManager pid=51733)[0m [Router ReqQueue] Req chatcmpl-11d9ff76ba444502b195ae496e34e697 in_time: 683161.7273, out_time: 683171.0067, total wait time: 9.2794 seconds
[36m(RouterManager pid=51733)[0m [Router ReqQueue] Req chatcmpl-0cac63ed819d4b13b96d6af57dafe548 in_time: 683161.9315, out_time: 683171.0067, total wait time: 9.0752 seconds
[36m(RouterManager pid=51733)[0m [Router ReqQueue] Req chatcmpl-00f1afc15a7c481795f2714c397dcdf3 in_time: 683161.9453, out_time: 683171.0067, total wait time: 9.0614 seconds
[36m(RouterManager pid=51733)[0m [Router ReqQueue] Req chatcmpl-6b2d867313014d659b55e8f964d8e764 in_time: 683161.9849, out_time: 683171.0067, total wait time: 9.0218 seconds
[36m(RouterManager pid=51733)[0m [Router ReqQueue] Req chatcmpl-e81013f22f4647efb54f72c45c153d27 in_time: 683162.4421, out_time: 683171.0067, total wait time: 8.5646 seconds
[36m(RouterManager pid=51733)[0m [Router ReqQueue] Req chatcmpl-adccb1aa5f28400585cc41853798c90d in_time: 683162.5591, out_time: 683171.0067, total wait time: 8.4476 seconds
[36m(RouterManager pid=51733)[0m [Router ReqQueue] Req chatcmpl-54862c856e7041de80dcf5256bb7cad7 in_time: 683162.7739, out_time: 683171.0067, total wait time: 8.2328 seconds
[36m(RouterManager pid=51733)[0m [Router ReqQueue] Req chatcmpl-b5633ab1a3b449bdaf0ae13216a9364d in_time: 683163.0126, out_time: 683171.0067, total wait time: 7.9942 seconds
[36m(RouterManager pid=51733)[0m [Router ReqQueue] Req chatcmpl-2bb88fda55e743f5b2866e9c412b517a in_time: 683163.3218, out_time: 683171.0068, total wait time: 7.6850 seconds
[36m(RouterManager pid=51733)[0m [Router ReqQueue] Req chatcmpl-a326fbbe479c4ec5b18b63f4944bb24b in_time: 683163.3488, out_time: 683171.0068, total wait time: 7.6580 seconds
[36m(RouterManager pid=51733)[0m [Router ReqQueue] Req chatcmpl-fc13a988c9fd464a9b5f5461231d24ce in_time: 683163.5152, out_time: 683171.0068, total wait time: 7.4916 seconds
[36m(RouterManager pid=51733)[0m [Router ReqQueue] Req chatcmpl-52616676b2f3477dbbccd32ed8a44a89 in_time: 683163.6513, out_time: 683171.0068, total wait time: 7.3555 seconds
[36m(RouterManager pid=51733)[0m [Router ReqQueue] Req chatcmpl-98f1ffb5842c4b7999cde1bcc2cae6dc in_time: 683163.7727, out_time: 683171.0068, total wait time: 7.2341 seconds
[36m(RouterManager pid=51733)[0m [Router ReqQueue] Req chatcmpl-ed090f07a6f84322a9f244c1f8b2cb11 in_time: 683163.9439, out_time: 683171.0068, total wait time: 7.0629 seconds
[36m(RouterManager pid=51733)[0m [Router ReqQueue] Req chatcmpl-7b28c1c2bb094dfe8ca7445888fc3f8c in_time: 683164.3952, out_time: 683171.0068, total wait time: 6.6116 seconds
[36m(RouterManager pid=51733)[0m [Router ReqQueue] Req chatcmpl-0797f5c57c5c4efcb776f2d1ac25fdbf in_time: 683164.4024, out_time: 683171.0068, total wait time: 6.6044 seconds
[36m(RouterManager pid=51733)[0m [Router ReqQueue] Req chatcmpl-f5d77de045024e59be0715d21961c08f in_time: 683164.4508, out_time: 683171.0068, total wait time: 6.5560 seconds
[36m(RouterManager pid=51733)[0m [Router ReqQueue] Req chatcmpl-9b3f54995984427ebb7473fbb2c10a31 in_time: 683164.6139, out_time: 683171.0068, total wait time: 6.3929 seconds
[36m(RouterManager pid=51733)[0m [Router ReqQueue] Req chatcmpl-e4f720928b5941ad95322defbeadc866 in_time: 683165.1061, out_time: 683171.0068, total wait time: 5.9008 seconds
[36m(RouterManager pid=51733)[0m [Router ReqQueue] Req chatcmpl-a212c012f7ae4f59a97d40efd3f583e3 in_time: 683165.2655, out_time: 683171.0069, total wait time: 5.7413 seconds
[36m(RouterManager pid=51733)[0m [Router ReqQueue] Req chatcmpl-97397f11715142b4afac224d13942688 in_time: 683165.2827, out_time: 683171.0069, total wait time: 5.7241 seconds
[36m(RouterManager pid=51733)[0m [Router ReqQueue] Req chatcmpl-863266fc48f84ccc8e34a128443005b8 in_time: 683165.9292, out_time: 683171.0069, total wait time: 5.0777 seconds
[36m(RouterManager pid=51733)[0m [Router ReqQueue] Req chatcmpl-2ffb2e4eb66e47f8ae70ca7c7fe507e2 in_time: 683166.2708, out_time: 683171.0069, total wait time: 4.7361 seconds
[36m(RouterManager pid=51733)[0m [Router ReqQueue] Req chatcmpl-295ffd5b62924f57b0a2b7aad5734e4c in_time: 683166.4229, out_time: 683171.0069, total wait time: 4.5840 seconds
[36m(RouterManager pid=51733)[0m [Router ReqQueue] Req chatcmpl-856fa22ff46140b387eac6c1aad08e88 in_time: 683166.5232, out_time: 683171.0069, total wait time: 4.4837 seconds
[36m(RouterManager pid=51733)[0m [Router ReqQueue] Req chatcmpl-9f394e104c1a4cd99cb0472276f81f9c in_time: 683166.6783, out_time: 683171.0069, total wait time: 4.3286 seconds
[36m(RouterManager pid=51733)[0m [Router ReqQueue] Req chatcmpl-8bc92c5ddab4459399fee96e75f03e5b in_time: 683166.9278, out_time: 683171.0069, total wait time: 4.0791 seconds
[36m(RouterManager pid=51733)[0m [Router ReqQueue] Req chatcmpl-79651a5e66d04282a0cf767c823f0a52 in_time: 683166.9291, out_time: 683171.0069, total wait time: 4.0779 seconds
[36m(RouterManager pid=51733)[0m [Router ReqQueue] Req chatcmpl-6177109eb91a4feabd83f5088f3cb614 in_time: 683167.1018, out_time: 683171.0069, total wait time: 3.9052 seconds
[36m(RouterManager pid=51733)[0m [Router ReqQueue] Req chatcmpl-8239fd297b0e41baaf28932d1f0d70e7 in_time: 683167.4685, out_time: 683171.0070, total wait time: 3.5385 seconds
[36m(RouterManager pid=51733)[0m [Router ReqQueue] Req chatcmpl-ac21d145c931456288e89fbc90bcc544 in_time: 683167.6697, out_time: 683171.0070, total wait time: 3.3372 seconds
[36m(RouterManager pid=51733)[0m [Router ReqQueue] Req chatcmpl-b4f19163b1a64286b18665a79d989086 in_time: 683167.6859, out_time: 683171.0070, total wait time: 3.3211 seconds
[36m(RouterManager pid=51733)[0m [Router ReqQueue] Req chatcmpl-a770d16fa78f4719ac0cd2a31825bc4f in_time: 683167.8495, out_time: 683171.0070, total wait time: 3.1575 seconds
[36m(RouterManager pid=51733)[0m [Router ReqQueue] Req chatcmpl-392fd337c6f94fa09030a77431f7e138 in_time: 683167.9522, out_time: 683171.0070, total wait time: 3.0548 seconds
[36m(RouterManager pid=51733)[0m [Router ReqQueue] Req chatcmpl-e65890b389cb44d4b1e962231e884686 in_time: 683168.1167, out_time: 683171.0070, total wait time: 2.8903 seconds
[36m(RouterManager pid=51733)[0m [Router ReqQueue] Req chatcmpl-6d1154b0e5944235abf652e3c1c7ed7d in_time: 683168.2512, out_time: 683171.0070, total wait time: 2.7558 seconds
[36m(RouterManager pid=51733)[0m [Router ReqQueue] Req chatcmpl-d0d0c5c93bc94a06a8158654f8fa8395 in_time: 683168.4446, out_time: 683171.0070, total wait time: 2.5624 seconds
[36m(RouterManager pid=51733)[0m [Router ReqQueue] Req chatcmpl-59b7db9891f14338a8e073953911130e in_time: 683168.5517, out_time: 683171.0070, total wait time: 2.4553 seconds
[36m(RouterManager pid=51733)[0m [Loongserve manager] scheduling time: 157.04 ms
[36m(RouterManager pid=51733)[0m [Loongserve manager] prefill and decoding batch scheduling results:
[36m(RouterManager pid=51733)[0m     running decode batch id: 94d2f484631c4fafb25ad3376eaa38f9, req num: 67, occupied instances: [1], batch_used_tokens_sum: 145554
[36m(RouterManager pid=51733)[0m     prefill batch id: 38f01be82cdb430daba4f46debd2fb76, req num: 41, occupied instances: [3, 0, 2], batch_used_tokens_sum: 0
[36m(RouterManager pid=51733)[0m [Loongserve manager] running batch id: 94d2f484631c4fafb25ad3376eaa38f9, req num: 43, occupied instances: [1], batch_used_tokens_sum: 84864
[36m(RouterManager pid=51733)[0m [Loongserve manager] running batch id: 38f01be82cdb430daba4f46debd2fb76, req num: 41, occupied instances: [3], batch_used_tokens_sum: 99523
[36m(RouterManager pid=51733)[0m === RouterManager iteration 1254 ===
[36m(RouterManager pid=51733)[0m self.req_queue.waiting_req_list length: 37
[36m(RouterManager pid=51733)[0m === RouterManager iteration 1256 ===
[36m(RouterManager pid=51733)[0m self.req_queue.waiting_req_list length: 37
[36m(RouterManager pid=51733)[0m === RouterManager iteration 1258 ===
[36m(RouterManager pid=51733)[0m self.req_queue.waiting_req_list length: 37
[36m(RouterManager pid=51733)[0m === RouterManager iteration 1260 ===
[36m(RouterManager pid=51733)[0m self.req_queue.waiting_req_list length: 37
[36m(RouterManager pid=51733)[0m === RouterManager iteration 1262 ===
[36m(RouterManager pid=51733)[0m self.req_queue.waiting_req_list length: 37
[36m(RouterManager pid=51733)[0m === RouterManager iteration 1264 ===
[36m(RouterManager pid=51733)[0m self.req_queue.waiting_req_list length: 37
[36m(RouterManager pid=51733)[0m === RouterManager iteration 1266 ===
[36m(RouterManager pid=51733)[0m self.req_queue.waiting_req_list length: 37
[36m(RouterManager pid=51733)[0m === RouterManager iteration 1268 ===
[36m(RouterManager pid=51733)[0m self.req_queue.waiting_req_list length: 37
[36m(RouterManager pid=51733)[0m === RouterManager iteration 1270 ===
[36m(RouterManager pid=51733)[0m self.req_queue.waiting_req_list length: 37
[36m(RouterManager pid=51733)[0m === RouterManager iteration 1272 ===
[36m(RouterManager pid=51733)[0m self.req_queue.waiting_req_list length: 37
[36m(RouterManager pid=51733)[0m === RouterManager iteration 1274 ===
[36m(RouterManager pid=51733)[0m self.req_queue.waiting_req_list length: 37
[36m(RouterManager pid=51733)[0m [Router ReqQueue] Req chatcmpl-fa30aa15164a45a0988996e535a21cdd in_time: 683167.7817, out_time: 683176.2161, total wait time: 8.4344 seconds
[36m(RouterManager pid=51733)[0m [Router ReqQueue] Req chatcmpl-11962ed3f446411498107bfacb599396 in_time: 683168.5723, out_time: 683176.2161, total wait time: 7.6438 seconds
[36m(RouterManager pid=51733)[0m [Router ReqQueue] Req chatcmpl-fae5f5b031824558b43b5d63d83b882d in_time: 683168.5846, out_time: 683176.2161, total wait time: 7.6315 seconds
[36m(RouterManager pid=51733)[0m [Router ReqQueue] Req chatcmpl-64d07d02f05349f3be005d8ec794c9c4 in_time: 683168.7777, out_time: 683176.2161, total wait time: 7.4384 seconds
[36m(RouterManager pid=51733)[0m [Router ReqQueue] Req chatcmpl-8876567ea6064d729bcbcadbef85f13f in_time: 683168.8659, out_time: 683176.2161, total wait time: 7.3503 seconds
[36m(RouterManager pid=51733)[0m [Router ReqQueue] Req chatcmpl-d77a5a20df7f44ed9abcafebac46e049 in_time: 683169.1965, out_time: 683176.2161, total wait time: 7.0197 seconds
[36m(RouterManager pid=51733)[0m [Router ReqQueue] Req chatcmpl-b5c092689b8e41d28cc36ad5c5ae29eb in_time: 683169.1976, out_time: 683176.2162, total wait time: 7.0185 seconds
[36m(RouterManager pid=51733)[0m [Router ReqQueue] Req chatcmpl-c2379ce8c5cf495890249cc79620a247 in_time: 683169.2689, out_time: 683176.2162, total wait time: 6.9472 seconds
[36m(RouterManager pid=51733)[0m [Router ReqQueue] Req chatcmpl-17fe066a25d74ccb89ba2876692907b5 in_time: 683169.3285, out_time: 683176.2162, total wait time: 6.8877 seconds
[36m(RouterManager pid=51733)[0m [Router ReqQueue] Req chatcmpl-d36d92cbb65b40049520b7a22282244c in_time: 683169.6897, out_time: 683176.2162, total wait time: 6.5264 seconds
[36m(RouterManager pid=51733)[0m [Router ReqQueue] Req chatcmpl-d188bdee3fd14d4abb0b4d0414086180 in_time: 683170.0131, out_time: 683176.2162, total wait time: 6.2031 seconds
[36m(RouterManager pid=51733)[0m [Router ReqQueue] Req chatcmpl-bb7808c487f848789758b210b5cfc6e7 in_time: 683170.1704, out_time: 683176.2162, total wait time: 6.0458 seconds
[36m(RouterManager pid=51733)[0m [Router ReqQueue] Req chatcmpl-bc3b23f6c19049d28b224b3822e69c22 in_time: 683170.2855, out_time: 683176.2162, total wait time: 5.9307 seconds
[36m(RouterManager pid=51733)[0m [Router ReqQueue] Req chatcmpl-4cf8ce5f72b94355b18e8403cebfc746 in_time: 683170.7880, out_time: 683176.2162, total wait time: 5.4282 seconds
[36m(RouterManager pid=51733)[0m [Router ReqQueue] Req chatcmpl-39f30c260d23450d945be8dd4c59cad4 in_time: 683170.7953, out_time: 683176.2162, total wait time: 5.4209 seconds
[36m(RouterManager pid=51733)[0m [Router ReqQueue] Req chatcmpl-1a16ed7722d34664b8cff41e8d3bfa78 in_time: 683171.2325, out_time: 683176.2162, total wait time: 4.9837 seconds
[36m(RouterManager pid=51733)[0m [Router ReqQueue] Req chatcmpl-2292e909caba4410bbe8b2bf3a6f6cf2 in_time: 683171.9378, out_time: 683176.2162, total wait time: 4.2784 seconds
[36m(RouterManager pid=51733)[0m [Router ReqQueue] Req chatcmpl-3c88d03382fc4a4998e54ef393f4d42d in_time: 683172.0796, out_time: 683176.2163, total wait time: 4.1366 seconds
[36m(RouterManager pid=51733)[0m [Router ReqQueue] Req chatcmpl-d3e389de4d3a49fca6067e67b4fad216 in_time: 683172.9359, out_time: 683176.2163, total wait time: 3.2804 seconds
[36m(RouterManager pid=51733)[0m [Router ReqQueue] Req chatcmpl-e1d2483976604cf2b00e17622a28b9b9 in_time: 683172.9642, out_time: 683176.2163, total wait time: 3.2521 seconds
[36m(RouterManager pid=51733)[0m [Router ReqQueue] Req chatcmpl-a8187be9ef9b4df094563525974b70f4 in_time: 683173.2468, out_time: 683176.2163, total wait time: 2.9694 seconds
[36m(RouterManager pid=51733)[0m [Router ReqQueue] Req chatcmpl-014adfdf74324363a7b023964309c0d3 in_time: 683173.4141, out_time: 683176.2163, total wait time: 2.8022 seconds
[36m(RouterManager pid=51733)[0m [Router ReqQueue] Req chatcmpl-77e76e2fe5e34cd695e3e503f518b1c2 in_time: 683173.4986, out_time: 683176.2163, total wait time: 2.7177 seconds
[36m(RouterManager pid=51733)[0m [Router ReqQueue] Req chatcmpl-061591759e454b43807bc6a7ea055fce in_time: 683174.1232, out_time: 683176.2163, total wait time: 2.0931 seconds
[36m(RouterManager pid=51733)[0m [Router ReqQueue] Req chatcmpl-4768b82435484e6ab80c2a03498b9141 in_time: 683174.2105, out_time: 683176.2163, total wait time: 2.0059 seconds
[36m(RouterManager pid=51733)[0m [Loongserve manager] scheduling time: 144.39 ms
[36m(RouterManager pid=51733)[0m [Loongserve manager] prefill and decoding batch scheduling results:
[36m(RouterManager pid=51733)[0m     running decode batch id: 38f01be82cdb430daba4f46debd2fb76, req num: 84, occupied instances: [3], batch_used_tokens_sum: 185227
[36m(RouterManager pid=51733)[0m     prefill batch id: 097a60b33a5f4deea2006736076e4fa1, req num: 25, occupied instances: [0, 2, 1], batch_used_tokens_sum: 0
[36m(RouterManager pid=51733)[0m [Loongserve manager] running batch id: 38f01be82cdb430daba4f46debd2fb76, req num: 82, occupied instances: [3], batch_used_tokens_sum: 151487
[36m(RouterManager pid=51733)[0m [Loongserve manager] running batch id: 097a60b33a5f4deea2006736076e4fa1, req num: 25, occupied instances: [0], batch_used_tokens_sum: 80668
[36m(RouterManager pid=51733)[0m === RouterManager iteration 1276 ===
[36m(RouterManager pid=51733)[0m self.req_queue.waiting_req_list length: 44
[36m(RouterManager pid=51733)[0m === RouterManager iteration 1278 ===
[36m(RouterManager pid=51733)[0m self.req_queue.waiting_req_list length: 45
[36m(RouterManager pid=51733)[0m === RouterManager iteration 1280 ===
[36m(RouterManager pid=51733)[0m self.req_queue.waiting_req_list length: 47
[36m(RouterManager pid=51733)[0m === RouterManager iteration 1282 ===
[36m(RouterManager pid=51733)[0m self.req_queue.waiting_req_list length: 47
[36m(RouterManager pid=51733)[0m === RouterManager iteration 1284 ===
[36m(RouterManager pid=51733)[0m self.req_queue.waiting_req_list length: 47
[36m(RouterManager pid=51733)[0m === RouterManager iteration 1286 ===
[36m(RouterManager pid=51733)[0m self.req_queue.waiting_req_list length: 47
[36m(RouterManager pid=51733)[0m === RouterManager iteration 1288 ===
[36m(RouterManager pid=51733)[0m self.req_queue.waiting_req_list length: 47
[36m(RouterManager pid=51733)[0m === RouterManager iteration 1290 ===
[36m(RouterManager pid=51733)[0m self.req_queue.waiting_req_list length: 47
[36m(RouterManager pid=51733)[0m === RouterManager iteration 1292 ===
[36m(RouterManager pid=51733)[0m self.req_queue.waiting_req_list length: 48
[36m(RouterManager pid=51733)[0m === RouterManager iteration 1294 ===
[36m(RouterManager pid=51733)[0m self.req_queue.waiting_req_list length: 48
[36m(RouterManager pid=51733)[0m === RouterManager iteration 1296 ===
[36m(RouterManager pid=51733)[0m self.req_queue.waiting_req_list length: 48
[36m(RouterManager pid=51733)[0m [Router ReqQueue] Req chatcmpl-fda3db6364b24e42b8060ba21b54a277 in_time: 683174.5983, out_time: 683180.8259, total wait time: 6.2277 seconds
[36m(RouterManager pid=51733)[0m [Router ReqQueue] Req chatcmpl-60ea2461f6164237afe89e134429f826 in_time: 683174.6287, out_time: 683180.8260, total wait time: 6.1973 seconds
[36m(RouterManager pid=51733)[0m [Router ReqQueue] Req chatcmpl-7c6f2ff96faf42758e8e271a81b8b837 in_time: 683174.7000, out_time: 683180.8260, total wait time: 6.1260 seconds
[36m(RouterManager pid=51733)[0m [Router ReqQueue] Req chatcmpl-3f8fa0f4a58b4c49bab16797a7ebe254 in_time: 683174.7365, out_time: 683180.8260, total wait time: 6.0895 seconds
[36m(RouterManager pid=51733)[0m [Router ReqQueue] Req chatcmpl-917c8cc5118a47e2991b54e55c7d0188 in_time: 683174.7832, out_time: 683180.8260, total wait time: 6.0429 seconds
[36m(RouterManager pid=51733)[0m [Router ReqQueue] Req chatcmpl-f7b19912ad134bc89788415062d72bef in_time: 683174.7992, out_time: 683180.8261, total wait time: 6.0269 seconds
[36m(RouterManager pid=51733)[0m [Router ReqQueue] Req chatcmpl-290ffe7cf7124547bda7d1c64212a660 in_time: 683174.9279, out_time: 683180.8261, total wait time: 5.8983 seconds
[36m(RouterManager pid=51733)[0m [Router ReqQueue] Req chatcmpl-7442542493ef405eb4bdebfa824410a9 in_time: 683174.9801, out_time: 683180.8262, total wait time: 5.8460 seconds
[36m(RouterManager pid=51733)[0m [Router ReqQueue] Req chatcmpl-f6bc793b64904f5eb7a55d7a38a1d53e in_time: 683175.3524, out_time: 683180.8262, total wait time: 5.4738 seconds
[36m(RouterManager pid=51733)[0m [Router ReqQueue] Req chatcmpl-8d11d812ab3040b284974cd280752f25 in_time: 683175.3736, out_time: 683180.8262, total wait time: 5.4527 seconds
[36m(RouterManager pid=51733)[0m [Router ReqQueue] Req chatcmpl-8dbb2c95692c499993ffae64dac07c0b in_time: 683175.4055, out_time: 683180.8262, total wait time: 5.4208 seconds
[36m(RouterManager pid=51733)[0m [Router ReqQueue] Req chatcmpl-8b833f93c4414589a76592c8c2866c04 in_time: 683175.6607, out_time: 683180.8262, total wait time: 5.1656 seconds
[36m(RouterManager pid=51733)[0m [Router ReqQueue] Req chatcmpl-2117321c9d1f4b0e8e1d2022ed4fdf81 in_time: 683176.2581, out_time: 683180.8263, total wait time: 4.5682 seconds
[36m(RouterManager pid=51733)[0m [Router ReqQueue] Req chatcmpl-7a56f6b638c74ea8a73c998138bc0372 in_time: 683176.5004, out_time: 683180.8263, total wait time: 4.3259 seconds
[36m(RouterManager pid=51733)[0m [Router ReqQueue] Req chatcmpl-1f8a2f12da2240eb95bc25f2002a3bff in_time: 683177.1898, out_time: 683180.8263, total wait time: 3.6365 seconds
[36m(RouterManager pid=51733)[0m [Router ReqQueue] Req chatcmpl-b4dbd601614d435a97bf819a8a0316d5 in_time: 683177.2374, out_time: 683180.8263, total wait time: 3.5889 seconds
[36m(RouterManager pid=51733)[0m [Loongserve manager] scheduling time: 267.24 ms
[36m(RouterManager pid=51733)[0m [Loongserve manager] prefill and decoding batch scheduling results:
[36m(RouterManager pid=51733)[0m     running decode batch id: 38f01be82cdb430daba4f46debd2fb76, req num: 68, occupied instances: [3], batch_used_tokens_sum: 179640
[36m(RouterManager pid=51733)[0m     prefill batch id: b1ca1664efca4c4e8a92cf2482f2da94, req num: 16, occupied instances: [1, 2, 0], batch_used_tokens_sum: 0
[36m(RouterManager pid=51733)[0m [Loongserve manager] running batch id: 38f01be82cdb430daba4f46debd2fb76, req num: 62, occupied instances: [3], batch_used_tokens_sum: 111715
[36m(RouterManager pid=51733)[0m [Loongserve manager] running batch id: b1ca1664efca4c4e8a92cf2482f2da94, req num: 16, occupied instances: [1], batch_used_tokens_sum: 99387
[36m(RouterManager pid=51733)[0m === RouterManager iteration 1298 ===
[36m(RouterManager pid=51733)[0m self.req_queue.waiting_req_list length: 66
[36m(RouterManager pid=51733)[0m === RouterManager iteration 1300 ===
[36m(RouterManager pid=51733)[0m self.req_queue.waiting_req_list length: 66
[36m(RouterManager pid=51733)[0m === RouterManager iteration 1302 ===
[36m(RouterManager pid=51733)[0m self.req_queue.waiting_req_list length: 66
[36m(RouterManager pid=51733)[0m === RouterManager iteration 1304 ===
[36m(RouterManager pid=51733)[0m self.req_queue.waiting_req_list length: 66
[36m(RouterManager pid=51733)[0m === RouterManager iteration 1306 ===
[36m(RouterManager pid=51733)[0m self.req_queue.waiting_req_list length: 66
[36m(RouterManager pid=51733)[0m === RouterManager iteration 1308 ===
[36m(RouterManager pid=51733)[0m self.req_queue.waiting_req_list length: 68
[36m(RouterManager pid=51733)[0m === RouterManager iteration 1310 ===
[36m(RouterManager pid=51733)[0m self.req_queue.waiting_req_list length: 68
[36m(RouterManager pid=51733)[0m === RouterManager iteration 1312 ===
[36m(RouterManager pid=51733)[0m self.req_queue.waiting_req_list length: 68
[36m(RouterManager pid=51733)[0m === RouterManager iteration 1314 ===
[36m(RouterManager pid=51733)[0m self.req_queue.waiting_req_list length: 68
[36m(RouterManager pid=51733)[0m === RouterManager iteration 1316 ===
[36m(RouterManager pid=51733)[0m self.req_queue.waiting_req_list length: 68
[36m(RouterManager pid=51733)[0m === RouterManager iteration 1318 ===
[36m(RouterManager pid=51733)[0m self.req_queue.waiting_req_list length: 68
[36m(RouterManager pid=51733)[0m [Router ReqQueue] Req chatcmpl-0665648646b34a969872f2bbb0e19e07 in_time: 683177.2507, out_time: 683186.3726, total wait time: 9.1219 seconds
[36m(RouterManager pid=51733)[0m [Router ReqQueue] Req chatcmpl-94b85b0219ff479fb89cec1492cdd91a in_time: 683177.4663, out_time: 683186.3726, total wait time: 8.9064 seconds
[36m(RouterManager pid=51733)[0m [Router ReqQueue] Req chatcmpl-7daf61b9523c4748bd12c6bf73703e26 in_time: 683177.8191, out_time: 683186.3726, total wait time: 8.5536 seconds
[36m(RouterManager pid=51733)[0m [Router ReqQueue] Req chatcmpl-13a1953b4c6f4b77991721ad42bc0570 in_time: 683178.0308, out_time: 683186.3727, total wait time: 8.3418 seconds
[36m(RouterManager pid=51733)[0m [Router ReqQueue] Req chatcmpl-4baafbc568284c2791b36543ddf14624 in_time: 683178.0727, out_time: 683186.3727, total wait time: 8.3000 seconds
[36m(RouterManager pid=51733)[0m [Router ReqQueue] Req chatcmpl-83e5cd8f1b2e4f33b07910afeb5ec1b7 in_time: 683178.2040, out_time: 683186.3727, total wait time: 8.1686 seconds
[36m(RouterManager pid=51733)[0m [Router ReqQueue] Req chatcmpl-b64532262c5f4bccac5cfb43d6af601d in_time: 683178.6160, out_time: 683186.3727, total wait time: 7.7567 seconds
[36m(RouterManager pid=51733)[0m [Router ReqQueue] Req chatcmpl-8082e05a48e44c7d99e58967bb06450d in_time: 683178.8170, out_time: 683186.3727, total wait time: 7.5557 seconds
[36m(RouterManager pid=51733)[0m [Router ReqQueue] Req chatcmpl-f184f557849e46f0bd90e3951381f9d9 in_time: 683178.9220, out_time: 683186.3727, total wait time: 7.4507 seconds
[36m(RouterManager pid=51733)[0m [Router ReqQueue] Req chatcmpl-72d2449a50ac498799c59fb680a70d49 in_time: 683178.9607, out_time: 683186.3727, total wait time: 7.4121 seconds
[36m(RouterManager pid=51733)[0m [Router ReqQueue] Req chatcmpl-40d9212160ca46ea86c95e0414280da8 in_time: 683179.0289, out_time: 683186.3727, total wait time: 7.3438 seconds
[36m(RouterManager pid=51733)[0m [Router ReqQueue] Req chatcmpl-bf0d9bce8bda4b8f805d9a2a955b2405 in_time: 683179.0519, out_time: 683186.3727, total wait time: 7.3209 seconds
[36m(RouterManager pid=51733)[0m [Router ReqQueue] Req chatcmpl-9aea27a6578646ff886506a3465ed334 in_time: 683179.2065, out_time: 683186.3727, total wait time: 7.1663 seconds
[36m(RouterManager pid=51733)[0m [Router ReqQueue] Req chatcmpl-5776c9c9e190423996ad980f0dd8eff2 in_time: 683179.2575, out_time: 683186.3727, total wait time: 7.1153 seconds
[36m(RouterManager pid=51733)[0m [Router ReqQueue] Req chatcmpl-b5cfa0172271452e8a4d7e7a343a9f4f in_time: 683179.2638, out_time: 683186.3727, total wait time: 7.1089 seconds
[36m(RouterManager pid=51733)[0m [Router ReqQueue] Req chatcmpl-322e03658fe74cb6ba6777289ef251f6 in_time: 683179.4704, out_time: 683186.3728, total wait time: 6.9024 seconds
[36m(RouterManager pid=51733)[0m [Router ReqQueue] Req chatcmpl-1951e834a29c457cbbda6b8d01521504 in_time: 683179.5057, out_time: 683186.3728, total wait time: 6.8670 seconds
[36m(RouterManager pid=51733)[0m [Router ReqQueue] Req chatcmpl-21961089e893413eb46af62258806ff5 in_time: 683179.5188, out_time: 683186.3728, total wait time: 6.8539 seconds
[36m(RouterManager pid=51733)[0m [Router ReqQueue] Req chatcmpl-1108f94ee57a41a8897bc672678cff95 in_time: 683179.5431, out_time: 683186.3728, total wait time: 6.8297 seconds
[36m(RouterManager pid=51733)[0m [Router ReqQueue] Req chatcmpl-3ddf260ca18f4690a4277ce9b203ee1e in_time: 683179.5619, out_time: 683186.3728, total wait time: 6.8109 seconds
[36m(RouterManager pid=51733)[0m [Router ReqQueue] Req chatcmpl-591e837340094cbb8d41df27b3a5f2cb in_time: 683179.5692, out_time: 683186.3728, total wait time: 6.8036 seconds
[36m(RouterManager pid=51733)[0m [Router ReqQueue] Req chatcmpl-8f8a918dd35840ceadb23e6b6e3b6d0c in_time: 683179.5876, out_time: 683186.3728, total wait time: 6.7852 seconds
[36m(RouterManager pid=51733)[0m [Router ReqQueue] Req chatcmpl-03d9da5203ec4068ab0a7a0bc1f317eb in_time: 683179.6999, out_time: 683186.3728, total wait time: 6.6730 seconds
[36m(RouterManager pid=51733)[0m [Router ReqQueue] Req chatcmpl-ebfd432718874598bf29eead02337c15 in_time: 683179.7179, out_time: 683186.3728, total wait time: 6.6549 seconds
[36m(RouterManager pid=51733)[0m [Router ReqQueue] Req chatcmpl-ead3265d89f84ab4b71d91d6367a58b9 in_time: 683179.8767, out_time: 683186.3729, total wait time: 6.4961 seconds
[36m(RouterManager pid=51733)[0m [Router ReqQueue] Req chatcmpl-62ce2b579bca4ae0af9f0084dcf75fa2 in_time: 683179.8950, out_time: 683186.3729, total wait time: 6.4779 seconds
[36m(RouterManager pid=51733)[0m [Router ReqQueue] Req chatcmpl-463f9d9f05f346b58f7340d10d0b89ce in_time: 683180.0217, out_time: 683186.3729, total wait time: 6.3512 seconds
[36m(RouterManager pid=51733)[0m [Router ReqQueue] Req chatcmpl-35d0c507328d403ca0b219d20fadc625 in_time: 683180.3265, out_time: 683186.3729, total wait time: 6.0464 seconds
[36m(RouterManager pid=51733)[0m [Router ReqQueue] Req chatcmpl-109cbdafe7eb40adb77bf887235f0a6a in_time: 683180.3934, out_time: 683186.3729, total wait time: 5.9795 seconds
[36m(RouterManager pid=51733)[0m [Router ReqQueue] Req chatcmpl-19e48be506364b23b1c4c5044243f1d8 in_time: 683180.3971, out_time: 683186.3729, total wait time: 5.9758 seconds
[36m(RouterManager pid=51733)[0m [Router ReqQueue] Req chatcmpl-444d9f3a8ee74a378a07fa67cd3e9a55 in_time: 683180.6903, out_time: 683186.3729, total wait time: 5.6826 seconds
[36m(RouterManager pid=51733)[0m [Router ReqQueue] Req chatcmpl-314bbe4e623944e0ba2f7d7a5ff158f7 in_time: 683180.8855, out_time: 683186.3729, total wait time: 5.4874 seconds
[36m(RouterManager pid=51733)[0m [Router ReqQueue] Req chatcmpl-06b87eaa80c147089a51e62257db17de in_time: 683180.9170, out_time: 683186.3729, total wait time: 5.4559 seconds
[36m(RouterManager pid=51733)[0m [Router ReqQueue] Req chatcmpl-dec5e16d6941419599bb4bcee7ef48a0 in_time: 683181.5991, out_time: 683186.3729, total wait time: 4.7739 seconds
[36m(RouterManager pid=51733)[0m [Router ReqQueue] Req chatcmpl-e856aae889e04350b0316ee61adee6bc in_time: 683182.0351, out_time: 683186.3729, total wait time: 4.3379 seconds
[36m(RouterManager pid=51733)[0m [Router ReqQueue] Req chatcmpl-da25503a848c4f3584e8705add78b69d in_time: 683182.5107, out_time: 683186.3730, total wait time: 3.8622 seconds
[36m(RouterManager pid=51733)[0m [Router ReqQueue] Req chatcmpl-ac1f7c27d6f64feb801aa6da0dd2aaca in_time: 683182.5337, out_time: 683186.3730, total wait time: 3.8393 seconds
[36m(RouterManager pid=51733)[0m [Router ReqQueue] Req chatcmpl-01b8e7b62beb45c3921ea88158a2c995 in_time: 683183.1574, out_time: 683186.3730, total wait time: 3.2155 seconds
[36m(RouterManager pid=51733)[0m [Loongserve manager] scheduling time: 167.51 ms
[36m(RouterManager pid=51733)[0m [Loongserve manager] prefill and decoding batch scheduling results:
[36m(RouterManager pid=51733)[0m     running decode batch id: 38f01be82cdb430daba4f46debd2fb76, req num: 78, occupied instances: [3], batch_used_tokens_sum: 211882
[36m(RouterManager pid=51733)[0m     prefill batch id: 34024c5dfb0241f6aa3e532f3ca7aa18, req num: 38, occupied instances: [0, 2, 1], batch_used_tokens_sum: 0
[36m(RouterManager pid=51733)[0m [Loongserve manager] running batch id: 38f01be82cdb430daba4f46debd2fb76, req num: 16, occupied instances: [3], batch_used_tokens_sum: 79382
[36m(RouterManager pid=51733)[0m [Loongserve manager] running batch id: 34024c5dfb0241f6aa3e532f3ca7aa18, req num: 38, occupied instances: [0], batch_used_tokens_sum: 99641
[36m(RouterManager pid=51733)[0m === RouterManager iteration 1320 ===
[36m(RouterManager pid=51733)[0m self.req_queue.waiting_req_list length: 53
[36m(RouterManager pid=51733)[0m === RouterManager iteration 1322 ===
[36m(RouterManager pid=51733)[0m self.req_queue.waiting_req_list length: 53
[36m(RouterManager pid=51733)[0m === RouterManager iteration 1324 ===
[36m(RouterManager pid=51733)[0m self.req_queue.waiting_req_list length: 53
[36m(RouterManager pid=51733)[0m === RouterManager iteration 1326 ===
[36m(RouterManager pid=51733)[0m self.req_queue.waiting_req_list length: 53
[36m(RouterManager pid=51733)[0m === RouterManager iteration 1328 ===
[36m(RouterManager pid=51733)[0m self.req_queue.waiting_req_list length: 53
[36m(RouterManager pid=51733)[0m === RouterManager iteration 1330 ===
[36m(RouterManager pid=51733)[0m self.req_queue.waiting_req_list length: 53
[36m(RouterManager pid=51733)[0m === RouterManager iteration 1332 ===
[36m(RouterManager pid=51733)[0m self.req_queue.waiting_req_list length: 53
[36m(RouterManager pid=51733)[0m === RouterManager iteration 1334 ===
[36m(RouterManager pid=51733)[0m self.req_queue.waiting_req_list length: 53
[36m(RouterManager pid=51733)[0m === RouterManager iteration 1336 ===
[36m(RouterManager pid=51733)[0m self.req_queue.waiting_req_list length: 53
[36m(RouterManager pid=51733)[0m === RouterManager iteration 1338 ===
[36m(RouterManager pid=51733)[0m self.req_queue.waiting_req_list length: 54
[36m(RouterManager pid=51733)[0m === RouterManager iteration 1340 ===
[36m(RouterManager pid=51733)[0m self.req_queue.waiting_req_list length: 54
[36m(RouterManager pid=51733)[0m [Router ReqQueue] Req chatcmpl-a97a01d58b5c4513a28f38a8af6de45f in_time: 683180.2675, out_time: 683191.4891, total wait time: 11.2216 seconds
[36m(RouterManager pid=51733)[0m [Router ReqQueue] Req chatcmpl-ce19bcc363264816813034b83f5e25c0 in_time: 683182.2475, out_time: 683191.4891, total wait time: 9.2417 seconds
[36m(RouterManager pid=51733)[0m [Router ReqQueue] Req chatcmpl-40dc747c8d0e4f31a2ae87e84405e6b1 in_time: 683183.0249, out_time: 683191.4891, total wait time: 8.4642 seconds
[36m(RouterManager pid=51733)[0m [Router ReqQueue] Req chatcmpl-aa657cf81a5444868e87cd13fec651a0 in_time: 683183.3165, out_time: 683191.4892, total wait time: 8.1727 seconds
[36m(RouterManager pid=51733)[0m [Router ReqQueue] Req chatcmpl-995f7d15235841c0821255dc73555f93 in_time: 683183.4523, out_time: 683191.4892, total wait time: 8.0369 seconds
[36m(RouterManager pid=51733)[0m [Router ReqQueue] Req chatcmpl-8af9e8722e4c4b3492d8aa60dc9c4d29 in_time: 683183.5558, out_time: 683191.4892, total wait time: 7.9334 seconds
[36m(RouterManager pid=51733)[0m [Router ReqQueue] Req chatcmpl-392541144f1d42f8a3a03bd650afb066 in_time: 683183.6261, out_time: 683191.4892, total wait time: 7.8631 seconds
[36m(RouterManager pid=51733)[0m [Router ReqQueue] Req chatcmpl-6ee926ac757647adbec086c823f34767 in_time: 683183.7642, out_time: 683191.4892, total wait time: 7.7250 seconds
[36m(RouterManager pid=51733)[0m [Router ReqQueue] Req chatcmpl-c0cb036b780d42308b748859c4116d5f in_time: 683183.7668, out_time: 683191.4892, total wait time: 7.7224 seconds
[36m(RouterManager pid=51733)[0m [Router ReqQueue] Req chatcmpl-8c324cdd87f14fe9ab93943b4f9705b7 in_time: 683184.0637, out_time: 683191.4892, total wait time: 7.4255 seconds
[36m(RouterManager pid=51733)[0m [Router ReqQueue] Req chatcmpl-039080d28a68436683e85c00543680a5 in_time: 683184.1963, out_time: 683191.4892, total wait time: 7.2929 seconds
[36m(RouterManager pid=51733)[0m [Router ReqQueue] Req chatcmpl-a9d941365a3345e2a4f0342750e8b91f in_time: 683184.3795, out_time: 683191.4893, total wait time: 7.1098 seconds
[36m(RouterManager pid=51733)[0m [Router ReqQueue] Req chatcmpl-dd08634c65394724a25ef63c2af36f63 in_time: 683184.4237, out_time: 683191.4893, total wait time: 7.0656 seconds
[36m(RouterManager pid=51733)[0m [Router ReqQueue] Req chatcmpl-0151fead420b43b1b139a217de3174d8 in_time: 683184.5392, out_time: 683191.4893, total wait time: 6.9501 seconds
[36m(RouterManager pid=51733)[0m [Router ReqQueue] Req chatcmpl-2d0d34011bb34500b0667eb22d6ec37a in_time: 683184.8397, out_time: 683191.4893, total wait time: 6.6496 seconds
[36m(RouterManager pid=51733)[0m [Router ReqQueue] Req chatcmpl-58fef621f0b346788a7085fd84246877 in_time: 683185.0459, out_time: 683191.4893, total wait time: 6.4433 seconds
[36m(RouterManager pid=51733)[0m [Router ReqQueue] Req chatcmpl-bead75f860754b3d860c53d9f2c60c7d in_time: 683185.1015, out_time: 683191.4893, total wait time: 6.3878 seconds
[36m(RouterManager pid=51733)[0m [Router ReqQueue] Req chatcmpl-724690b8bef04b56a23c33893801bdb4 in_time: 683185.2574, out_time: 683191.4893, total wait time: 6.2319 seconds
[36m(RouterManager pid=51733)[0m [Router ReqQueue] Req chatcmpl-d3bb9dca65d8461686b48306ad352c83 in_time: 683185.2849, out_time: 683191.4893, total wait time: 6.2044 seconds
[36m(RouterManager pid=51733)[0m [Router ReqQueue] Req chatcmpl-7828924010474662a5c4950e87015ec2 in_time: 683185.3726, out_time: 683191.4893, total wait time: 6.1167 seconds
[36m(RouterManager pid=51733)[0m [Loongserve manager] scheduling time: 254.54 ms
[36m(RouterManager pid=51733)[0m [Loongserve manager] prefill and decoding batch scheduling results:
[36m(RouterManager pid=51733)[0m     running decode batch id: 34024c5dfb0241f6aa3e532f3ca7aa18, req num: 54, occupied instances: [0], batch_used_tokens_sum: 179563
[36m(RouterManager pid=51733)[0m     prefill batch id: 134f77a370df42baad802796bc2c22ad, req num: 20, occupied instances: [1, 2, 3], batch_used_tokens_sum: 0
[36m(RouterManager pid=51733)[0m [Loongserve manager] running batch id: 34024c5dfb0241f6aa3e532f3ca7aa18, req num: 43, occupied instances: [0], batch_used_tokens_sum: 136017
[36m(RouterManager pid=51733)[0m [Loongserve manager] running batch id: 134f77a370df42baad802796bc2c22ad, req num: 20, occupied instances: [1], batch_used_tokens_sum: 93029
[36m(RouterManager pid=51733)[0m === RouterManager iteration 1342 ===
[36m(RouterManager pid=51733)[0m self.req_queue.waiting_req_list length: 53
[36m(RouterManager pid=51733)[0m === RouterManager iteration 1344 ===
[36m(RouterManager pid=51733)[0m self.req_queue.waiting_req_list length: 53
[36m(RouterManager pid=51733)[0m === RouterManager iteration 1346 ===
[36m(RouterManager pid=51733)[0m self.req_queue.waiting_req_list length: 53
[36m(RouterManager pid=51733)[0m === RouterManager iteration 1348 ===
[36m(RouterManager pid=51733)[0m self.req_queue.waiting_req_list length: 53
[36m(RouterManager pid=51733)[0m === RouterManager iteration 1350 ===
[36m(RouterManager pid=51733)[0m self.req_queue.waiting_req_list length: 54
[36m(RouterManager pid=51733)[0m === RouterManager iteration 1352 ===
[36m(RouterManager pid=51733)[0m self.req_queue.waiting_req_list length: 54
[36m(RouterManager pid=51733)[0m === RouterManager iteration 1354 ===
[36m(RouterManager pid=51733)[0m self.req_queue.waiting_req_list length: 54
[36m(RouterManager pid=51733)[0m === RouterManager iteration 1356 ===
[36m(RouterManager pid=51733)[0m self.req_queue.waiting_req_list length: 55
[36m(RouterManager pid=51733)[0m === RouterManager iteration 1358 ===
[36m(RouterManager pid=51733)[0m self.req_queue.waiting_req_list length: 56
[36m(RouterManager pid=51733)[0m === RouterManager iteration 1360 ===
[36m(RouterManager pid=51733)[0m self.req_queue.waiting_req_list length: 56
[36m(RouterManager pid=51733)[0m === RouterManager iteration 1362 ===
[36m(RouterManager pid=51733)[0m self.req_queue.waiting_req_list length: 56
[36m(RouterManager pid=51733)[0m [Router ReqQueue] Req chatcmpl-06bd92115aa84316a6af12ccbd0e9979 in_time: 683185.4602, out_time: 683196.8897, total wait time: 11.4295 seconds
[36m(RouterManager pid=51733)[0m [Router ReqQueue] Req chatcmpl-0993a5b2027547a0b59da7b9cfaf7224 in_time: 683185.4757, out_time: 683196.8897, total wait time: 11.4141 seconds
[36m(RouterManager pid=51733)[0m [Router ReqQueue] Req chatcmpl-be1f2663b80e4659b02ac175906e921c in_time: 683185.5840, out_time: 683196.8898, total wait time: 11.3058 seconds
[36m(RouterManager pid=51733)[0m [Router ReqQueue] Req chatcmpl-bf268ff3d73b4e50b29f6e54a85e5787 in_time: 683185.6420, out_time: 683196.8898, total wait time: 11.2478 seconds
[36m(RouterManager pid=51733)[0m [Router ReqQueue] Req chatcmpl-9bb65e1d5eeb4354b88961a5612b9014 in_time: 683185.6634, out_time: 683196.8898, total wait time: 11.2264 seconds
[36m(RouterManager pid=51733)[0m [Router ReqQueue] Req chatcmpl-adc4a3b3bd1c48a89fae3440678be7c3 in_time: 683185.8422, out_time: 683196.8898, total wait time: 11.0476 seconds
[36m(RouterManager pid=51733)[0m [Router ReqQueue] Req chatcmpl-140de4d21b37461187432c64cac3496e in_time: 683185.9171, out_time: 683196.8898, total wait time: 10.9727 seconds
[36m(RouterManager pid=51733)[0m [Router ReqQueue] Req chatcmpl-286772a5d12c4d4190d63e37eda03441 in_time: 683185.9190, out_time: 683196.8898, total wait time: 10.9708 seconds
[36m(RouterManager pid=51733)[0m [Router ReqQueue] Req chatcmpl-a62fce38d5ab4c1cba1065ad02627abc in_time: 683186.1273, out_time: 683196.8898, total wait time: 10.7625 seconds
[36m(RouterManager pid=51733)[0m [Router ReqQueue] Req chatcmpl-995afb2929444cb99c3fdaa830dc0d30 in_time: 683186.1402, out_time: 683196.8898, total wait time: 10.7496 seconds
[36m(RouterManager pid=51733)[0m [Router ReqQueue] Req chatcmpl-a3fee20913154981be971d7c891d654a in_time: 683186.4600, out_time: 683196.8898, total wait time: 10.4298 seconds
[36m(RouterManager pid=51733)[0m [Router ReqQueue] Req chatcmpl-b9b5d6442dbe4c35bb1c2a511562dbbb in_time: 683186.8992, out_time: 683196.8898, total wait time: 9.9906 seconds
[36m(RouterManager pid=51733)[0m [Router ReqQueue] Req chatcmpl-fe5279e865d04489aee38a09c27fd1c3 in_time: 683187.3702, out_time: 683196.8899, total wait time: 9.5196 seconds
[36m(RouterManager pid=51733)[0m [Router ReqQueue] Req chatcmpl-7f65477fdf9b4c92aaad5848285f3111 in_time: 683187.6616, out_time: 683196.8899, total wait time: 9.2283 seconds
[36m(RouterManager pid=51733)[0m [Router ReqQueue] Req chatcmpl-0e7155290b48461eab8bdb470e9a18bf in_time: 683188.0492, out_time: 683196.8899, total wait time: 8.8407 seconds
[36m(RouterManager pid=51733)[0m [Router ReqQueue] Req chatcmpl-34f356e0acc44d0fa801148fc30be4ba in_time: 683188.3113, out_time: 683196.8899, total wait time: 8.5786 seconds
[36m(RouterManager pid=51733)[0m [Router ReqQueue] Req chatcmpl-bd071bb2976e4604b6213c16ed689e6c in_time: 683188.7189, out_time: 683196.8899, total wait time: 8.1710 seconds
[36m(RouterManager pid=51733)[0m [Router ReqQueue] Req chatcmpl-123c056d3a0b43738020f63729fce5d0 in_time: 683188.7706, out_time: 683196.8899, total wait time: 8.1193 seconds
[36m(RouterManager pid=51733)[0m [Router ReqQueue] Req chatcmpl-4a4cefbe841e48b580e8d33f6e02772f in_time: 683189.0195, out_time: 683196.8899, total wait time: 7.8704 seconds
[36m(RouterManager pid=51733)[0m [Router ReqQueue] Req chatcmpl-b7a8699921b744c190d4f3dabef8adcc in_time: 683189.4350, out_time: 683196.8899, total wait time: 7.4550 seconds
[36m(RouterManager pid=51733)[0m [Router ReqQueue] Req chatcmpl-34c7888157044d489999665b7be077b6 in_time: 683189.5457, out_time: 683196.8899, total wait time: 7.3442 seconds
[36m(RouterManager pid=51733)[0m [Router ReqQueue] Req chatcmpl-5e4e80bd1d07412aab10f40742441564 in_time: 683189.7372, out_time: 683196.8899, total wait time: 7.1527 seconds
[36m(RouterManager pid=51733)[0m [Router ReqQueue] Req chatcmpl-313a229df8f54f14ac204ff811f9da71 in_time: 683189.8219, out_time: 683196.8899, total wait time: 7.0680 seconds
[36m(RouterManager pid=51733)[0m [Router ReqQueue] Req chatcmpl-b8356da58ac1409bbf43e80773f41759 in_time: 683189.8633, out_time: 683196.8900, total wait time: 7.0267 seconds
[36m(RouterManager pid=51733)[0m [Router ReqQueue] Req chatcmpl-5d828788efa8450d8a1da10194b602f8 in_time: 683189.9734, out_time: 683196.8900, total wait time: 6.9166 seconds
[36m(RouterManager pid=51733)[0m [Router ReqQueue] Req chatcmpl-6b72d06f8c344511bac866830ca661c2 in_time: 683190.0373, out_time: 683196.8900, total wait time: 6.8527 seconds
[36m(RouterManager pid=51733)[0m [Router ReqQueue] Req chatcmpl-85d90d123a4a49569081de4b3c738168 in_time: 683190.1801, out_time: 683196.8900, total wait time: 6.7099 seconds
[36m(RouterManager pid=51733)[0m [Router ReqQueue] Req chatcmpl-64583cce3ebb4a59b2f8340a6bf4983d in_time: 683190.2003, out_time: 683196.8900, total wait time: 6.6897 seconds
[36m(RouterManager pid=51733)[0m [Router ReqQueue] Req chatcmpl-86d7e94dd1c24ed39cd5e6eb27260741 in_time: 683190.6102, out_time: 683196.8900, total wait time: 6.2798 seconds
[36m(RouterManager pid=51733)[0m [Router ReqQueue] Req chatcmpl-d2e5f012f0aa4424be40d63e23b41c28 in_time: 683190.7457, out_time: 683196.8900, total wait time: 6.1443 seconds
[36m(RouterManager pid=51733)[0m [Router ReqQueue] Req chatcmpl-8014c336123441f09c9c13e88e1c5d9a in_time: 683190.7585, out_time: 683196.8900, total wait time: 6.1315 seconds
[36m(RouterManager pid=51733)[0m [Router ReqQueue] Req chatcmpl-90b6ef27e416408da3045e19b878fc84 in_time: 683190.8120, out_time: 683196.8900, total wait time: 6.0780 seconds
[36m(RouterManager pid=51733)[0m [Router ReqQueue] Req chatcmpl-7d725aa4884448f58123b85bdd62b1cf in_time: 683191.4124, out_time: 683196.8900, total wait time: 5.4777 seconds
[36m(RouterManager pid=51733)[0m [Router ReqQueue] Req chatcmpl-623c07ac24a0423690f30e6ce6796dc6 in_time: 683191.6943, out_time: 683196.8900, total wait time: 5.1958 seconds
[36m(RouterManager pid=51733)[0m [Router ReqQueue] Req chatcmpl-e70b064505db43348cd69f0dda249011 in_time: 683191.8914, out_time: 683196.8901, total wait time: 4.9987 seconds
[36m(RouterManager pid=51733)[0m [Router ReqQueue] Req chatcmpl-fc1be2ec21e3491a921c6361c8e99674 in_time: 683191.9023, out_time: 683196.8901, total wait time: 4.9878 seconds
[36m(RouterManager pid=51733)[0m [Router ReqQueue] Req chatcmpl-c2a9c9cc7e8844f0aa6323f9d40454ec in_time: 683192.2889, out_time: 683196.8901, total wait time: 4.6012 seconds
[36m(RouterManager pid=51733)[0m [Router ReqQueue] Req chatcmpl-da0f1ccb845d40429b033ba7ccb637d3 in_time: 683192.7917, out_time: 683196.8901, total wait time: 4.0983 seconds
[36m(RouterManager pid=51733)[0m [Loongserve manager] scheduling time: 1.55 ms
[36m(RouterManager pid=51733)[0m [Loongserve manager] prefill and decoding batch scheduling results:
[36m(RouterManager pid=51733)[0m     running decode batch id: 34024c5dfb0241f6aa3e532f3ca7aa18, req num: 43, occupied instances: [0], batch_used_tokens_sum: 136447
[36m(RouterManager pid=51733)[0m     running decode batch id: 134f77a370df42baad802796bc2c22ad, req num: 20, occupied instances: [1], batch_used_tokens_sum: 93229
[36m(RouterManager pid=51733)[0m     prefill batch id: fe9c86d432f248c5a102e6a317709540, req num: 38, occupied instances: [2, 3], batch_used_tokens_sum: 0
[36m(RouterManager pid=51733)[0m [Loongserve manager] running batch id: 134f77a370df42baad802796bc2c22ad, req num: 17, occupied instances: [1], batch_used_tokens_sum: 37931
[36m(RouterManager pid=51733)[0m [Loongserve manager] running batch id: fe9c86d432f248c5a102e6a317709540, req num: 38, occupied instances: [2], batch_used_tokens_sum: 99726
[36m(RouterManager pid=51733)[0m === RouterManager iteration 1364 ===
[36m(RouterManager pid=51733)[0m self.req_queue.waiting_req_list length: 57
[36m(RouterManager pid=51733)[0m === RouterManager iteration 1366 ===
[36m(RouterManager pid=51733)[0m self.req_queue.waiting_req_list length: 58
[36m(RouterManager pid=51733)[0m === RouterManager iteration 1368 ===
[36m(RouterManager pid=51733)[0m self.req_queue.waiting_req_list length: 58
[36m(RouterManager pid=51733)[0m === RouterManager iteration 1370 ===
[36m(RouterManager pid=51733)[0m self.req_queue.waiting_req_list length: 59
[36m(RouterManager pid=51733)[0m === RouterManager iteration 1372 ===
[36m(RouterManager pid=51733)[0m self.req_queue.waiting_req_list length: 59
[36m(RouterManager pid=51733)[0m === RouterManager iteration 1374 ===
[36m(RouterManager pid=51733)[0m self.req_queue.waiting_req_list length: 59
[36m(RouterManager pid=51733)[0m === RouterManager iteration 1376 ===
[36m(RouterManager pid=51733)[0m self.req_queue.waiting_req_list length: 59
[36m(RouterManager pid=51733)[0m === RouterManager iteration 1378 ===
[36m(RouterManager pid=51733)[0m self.req_queue.waiting_req_list length: 59
[36m(RouterManager pid=51733)[0m === RouterManager iteration 1380 ===
[36m(RouterManager pid=51733)[0m self.req_queue.waiting_req_list length: 59
[36m(RouterManager pid=51733)[0m === RouterManager iteration 1382 ===
[36m(RouterManager pid=51733)[0m self.req_queue.waiting_req_list length: 59
[36m(RouterManager pid=51733)[0m === RouterManager iteration 1384 ===
[36m(RouterManager pid=51733)[0m self.req_queue.waiting_req_list length: 59
[36m(RouterManager pid=51733)[0m [Router ReqQueue] Req chatcmpl-d2f92895b9d24163abad034c935a16e6 in_time: 683191.0961, out_time: 683203.4110, total wait time: 12.3150 seconds
[36m(RouterManager pid=51733)[0m [Router ReqQueue] Req chatcmpl-6210e839237a43a6a499717a87ec0863 in_time: 683192.7336, out_time: 683203.4111, total wait time: 10.6774 seconds
[36m(RouterManager pid=51733)[0m [Router ReqQueue] Req chatcmpl-9fb2d16568a64c269bfcc31ff344c616 in_time: 683193.4505, out_time: 683203.4111, total wait time: 9.9605 seconds
[36m(RouterManager pid=51733)[0m [Router ReqQueue] Req chatcmpl-9dee204db4514ad7b8f69fbbf74652eb in_time: 683193.5191, out_time: 683203.4111, total wait time: 9.8920 seconds
[36m(RouterManager pid=51733)[0m [Router ReqQueue] Req chatcmpl-db9decf5a8d84a51ade358d113e0fb53 in_time: 683193.8772, out_time: 683203.4111, total wait time: 9.5339 seconds
[36m(RouterManager pid=51733)[0m [Router ReqQueue] Req chatcmpl-17136c99eec34afbae4cfc33f5156e19 in_time: 683194.1075, out_time: 683203.4111, total wait time: 9.3036 seconds
[36m(RouterManager pid=51733)[0m [Router ReqQueue] Req chatcmpl-3427149ce99740c0be2f1b6be594252c in_time: 683194.1469, out_time: 683203.4111, total wait time: 9.2642 seconds
[36m(RouterManager pid=51733)[0m [Router ReqQueue] Req chatcmpl-ffe0d313ed45452bb91c3a67be58e027 in_time: 683194.2169, out_time: 683203.4111, total wait time: 9.1942 seconds
[36m(RouterManager pid=51733)[0m [Router ReqQueue] Req chatcmpl-9f78a7cd9997427396e6f296666412c5 in_time: 683194.4269, out_time: 683203.4111, total wait time: 8.9842 seconds
[36m(RouterManager pid=51733)[0m [Router ReqQueue] Req chatcmpl-8777c88159734720a55a1a9a26fde99f in_time: 683195.4656, out_time: 683203.4111, total wait time: 7.9455 seconds
[36m(RouterManager pid=51733)[0m [Router ReqQueue] Req chatcmpl-331efe5d03734793b053e1f99da64edc in_time: 683195.4993, out_time: 683203.4111, total wait time: 7.9119 seconds
[36m(RouterManager pid=51733)[0m [Router ReqQueue] Req chatcmpl-fb79484d7c524bd9a5e8d3dbf27b4919 in_time: 683195.5300, out_time: 683203.4112, total wait time: 7.8812 seconds
[36m(RouterManager pid=51733)[0m [Router ReqQueue] Req chatcmpl-4bce59d4ea94484ca01cb7ad90c89ef5 in_time: 683196.2143, out_time: 683203.4112, total wait time: 7.1969 seconds
[36m(RouterManager pid=51733)[0m [Router ReqQueue] Req chatcmpl-26b2841298af47b1adb5ae2afeb62a85 in_time: 683196.3828, out_time: 683203.4112, total wait time: 7.0284 seconds
[36m(RouterManager pid=51733)[0m [Router ReqQueue] Req chatcmpl-119965b868644db6aab657798f0b23ac in_time: 683196.4281, out_time: 683203.4112, total wait time: 6.9831 seconds
[36m(RouterManager pid=51733)[0m [Router ReqQueue] Req chatcmpl-b7737c3b2ae74046af4f6f61843a0461 in_time: 683196.6082, out_time: 683203.4112, total wait time: 6.8030 seconds
[36m(RouterManager pid=51733)[0m [Router ReqQueue] Req chatcmpl-885d896eb6e64f58978973f824d54ebf in_time: 683196.7192, out_time: 683203.4112, total wait time: 6.6920 seconds
[36m(RouterManager pid=51733)[0m [Router ReqQueue] Req chatcmpl-043a639f911a46e0bb0a18d804bf8cf8 in_time: 683196.7747, out_time: 683203.4112, total wait time: 6.6365 seconds
[36m(RouterManager pid=51733)[0m [Loongserve manager] scheduling time: 64.19 ms
[36m(RouterManager pid=51733)[0m [Loongserve manager] prefill and decoding batch scheduling results:
[36m(RouterManager pid=51733)[0m     running decode batch id: fe9c86d432f248c5a102e6a317709540, req num: 40, occupied instances: [2], batch_used_tokens_sum: 117528
[36m(RouterManager pid=51733)[0m     prefill batch id: 2db2bcb73b154754bfb3e6c050036e67, req num: 18, occupied instances: [0, 3, 1], batch_used_tokens_sum: 0
[36m(RouterManager pid=51733)[0m [Loongserve manager] running batch id: fe9c86d432f248c5a102e6a317709540, req num: 37, occupied instances: [2], batch_used_tokens_sum: 84982
[36m(RouterManager pid=51733)[0m [Loongserve manager] running batch id: 2db2bcb73b154754bfb3e6c050036e67, req num: 18, occupied instances: [0], batch_used_tokens_sum: 98010
[36m(RouterManager pid=51733)[0m === RouterManager iteration 1386 ===
[36m(RouterManager pid=51733)[0m self.req_queue.waiting_req_list length: 81
[36m(RouterManager pid=51733)[0m === RouterManager iteration 1388 ===
[36m(RouterManager pid=51733)[0m self.req_queue.waiting_req_list length: 81
[36m(RouterManager pid=51733)[0m === RouterManager iteration 1390 ===
[36m(RouterManager pid=51733)[0m self.req_queue.waiting_req_list length: 81
[36m(RouterManager pid=51733)[0m === RouterManager iteration 1392 ===
[36m(RouterManager pid=51733)[0m self.req_queue.waiting_req_list length: 81
[36m(RouterManager pid=51733)[0m === RouterManager iteration 1394 ===
[36m(RouterManager pid=51733)[0m self.req_queue.waiting_req_list length: 81
[36m(RouterManager pid=51733)[0m === RouterManager iteration 1396 ===
[36m(RouterManager pid=51733)[0m self.req_queue.waiting_req_list length: 82
[36m(RouterManager pid=51733)[0m === RouterManager iteration 1398 ===
[36m(RouterManager pid=51733)[0m self.req_queue.waiting_req_list length: 82
[36m(RouterManager pid=51733)[0m === RouterManager iteration 1400 ===
[36m(RouterManager pid=51733)[0m self.req_queue.waiting_req_list length: 82
[36m(RouterManager pid=51733)[0m === RouterManager iteration 1402 ===
[36m(RouterManager pid=51733)[0m self.req_queue.waiting_req_list length: 82
[36m(RouterManager pid=51733)[0m === RouterManager iteration 1404 ===
[36m(RouterManager pid=51733)[0m self.req_queue.waiting_req_list length: 82
[36m(RouterManager pid=51733)[0m === RouterManager iteration 1406 ===
[36m(RouterManager pid=51733)[0m self.req_queue.waiting_req_list length: 82
[36m(RouterManager pid=51733)[0m [Router ReqQueue] Req chatcmpl-d9df6d15521845d2adb61529d13cfb83 in_time: 683197.0160, out_time: 683208.7066, total wait time: 11.6906 seconds
[36m(RouterManager pid=51733)[0m [Router ReqQueue] Req chatcmpl-23406c5c845c4b7583665448023f91e9 in_time: 683197.3493, out_time: 683208.7066, total wait time: 11.3573 seconds
[36m(RouterManager pid=51733)[0m [Router ReqQueue] Req chatcmpl-ce245c2f58a44e24abc02ba9bf3bd4af in_time: 683197.4097, out_time: 683208.7066, total wait time: 11.2969 seconds
[36m(RouterManager pid=51733)[0m [Router ReqQueue] Req chatcmpl-c9378bff9f74429791e836550b2fb174 in_time: 683197.4229, out_time: 683208.7066, total wait time: 11.2837 seconds
[36m(RouterManager pid=51733)[0m [Router ReqQueue] Req chatcmpl-261bb82da18c4b64a0c08f79ef219963 in_time: 683197.4935, out_time: 683208.7067, total wait time: 11.2132 seconds
[36m(RouterManager pid=51733)[0m [Router ReqQueue] Req chatcmpl-18848120d38d4689a616283e3eed8b0c in_time: 683197.5702, out_time: 683208.7067, total wait time: 11.1364 seconds
[36m(RouterManager pid=51733)[0m [Router ReqQueue] Req chatcmpl-6978134f024f4ba79dca72ccd3aed8aa in_time: 683198.0728, out_time: 683208.7067, total wait time: 10.6338 seconds
[36m(RouterManager pid=51733)[0m [Router ReqQueue] Req chatcmpl-62fe543604b8426abd4373edbba405db in_time: 683198.0990, out_time: 683208.7067, total wait time: 10.6077 seconds
[36m(RouterManager pid=51733)[0m [Router ReqQueue] Req chatcmpl-38b5e3255b5745678c86a877b08a4364 in_time: 683198.2172, out_time: 683208.7067, total wait time: 10.4895 seconds
[36m(RouterManager pid=51733)[0m [Router ReqQueue] Req chatcmpl-92b8de7ea01844d2ac9a7ac25f911a74 in_time: 683198.4613, out_time: 683208.7067, total wait time: 10.2454 seconds
[36m(RouterManager pid=51733)[0m [Router ReqQueue] Req chatcmpl-74e7069fe3cb47659f94556956160bfa in_time: 683198.7416, out_time: 683208.7067, total wait time: 9.9651 seconds
[36m(RouterManager pid=51733)[0m [Router ReqQueue] Req chatcmpl-6c90e225852a44b2bf0d0ca4ae22ad08 in_time: 683198.8499, out_time: 683208.7067, total wait time: 9.8568 seconds
[36m(RouterManager pid=51733)[0m [Router ReqQueue] Req chatcmpl-e70529452dcf46218a2e1c4d8c257c05 in_time: 683198.9580, out_time: 683208.7068, total wait time: 9.7488 seconds
[36m(RouterManager pid=51733)[0m [Router ReqQueue] Req chatcmpl-c5f6ac3f5df6433eaa85041580a5b3a6 in_time: 683199.0015, out_time: 683208.7068, total wait time: 9.7053 seconds
[36m(RouterManager pid=51733)[0m [Router ReqQueue] Req chatcmpl-747dc35f8fae44208f64528c0a1893b8 in_time: 683199.1233, out_time: 683208.7068, total wait time: 9.5835 seconds
[36m(RouterManager pid=51733)[0m [Router ReqQueue] Req chatcmpl-06df29e49941448f9cd4f731837dbef2 in_time: 683199.2541, out_time: 683208.7068, total wait time: 9.4527 seconds
[36m(RouterManager pid=51733)[0m [Router ReqQueue] Req chatcmpl-8168ea02cf63449fa4b5a7be0fbe0f64 in_time: 683199.2683, out_time: 683208.7068, total wait time: 9.4385 seconds
[36m(RouterManager pid=51733)[0m [Router ReqQueue] Req chatcmpl-b788f2447b8945e9aa6aaf7ca4583d9b in_time: 683199.4167, out_time: 683208.7068, total wait time: 9.2901 seconds
[36m(RouterManager pid=51733)[0m [Router ReqQueue] Req chatcmpl-d5aba38d7a834182a9ef5899818d288e in_time: 683199.6003, out_time: 683208.7068, total wait time: 9.1065 seconds
[36m(RouterManager pid=51733)[0m [Router ReqQueue] Req chatcmpl-f2dd6f6ecf7c4a1b8449e8717660a6af in_time: 683199.6197, out_time: 683208.7068, total wait time: 9.0871 seconds
[36m(RouterManager pid=51733)[0m [Router ReqQueue] Req chatcmpl-1ad7dd8df1f4439b964360f911d249c8 in_time: 683199.6634, out_time: 683208.7068, total wait time: 9.0434 seconds
[36m(RouterManager pid=51733)[0m [Router ReqQueue] Req chatcmpl-143e476e4abf47e998b3bde585c447eb in_time: 683199.8248, out_time: 683208.7068, total wait time: 8.8821 seconds
[36m(RouterManager pid=51733)[0m [Router ReqQueue] Req chatcmpl-d435d2a3a358426c8b2594478392c434 in_time: 683200.0654, out_time: 683208.7068, total wait time: 8.6414 seconds
[36m(RouterManager pid=51733)[0m [Router ReqQueue] Req chatcmpl-a9de96c394194364afe53c1b7768769f in_time: 683200.2632, out_time: 683208.7068, total wait time: 8.4437 seconds
[36m(RouterManager pid=51733)[0m [Router ReqQueue] Req chatcmpl-d9347575b1b74768b10369c7740de420 in_time: 683200.8546, out_time: 683208.7069, total wait time: 7.8523 seconds
[36m(RouterManager pid=51733)[0m [Router ReqQueue] Req chatcmpl-6c01865590e34a4fb1b5d413aa78b38c in_time: 683200.8640, out_time: 683208.7069, total wait time: 7.8429 seconds
[36m(RouterManager pid=51733)[0m [Router ReqQueue] Req chatcmpl-e45ae9951094483da368c628be1fa4d6 in_time: 683200.9118, out_time: 683208.7069, total wait time: 7.7951 seconds
[36m(RouterManager pid=51733)[0m [Router ReqQueue] Req chatcmpl-f5fa73be325e4dc98ecc03990f79af2b in_time: 683201.2591, out_time: 683208.7069, total wait time: 7.4478 seconds
[36m(RouterManager pid=51733)[0m [Loongserve manager] scheduling time: 144.65 ms
[36m(RouterManager pid=51733)[0m [Loongserve manager] prefill and decoding batch scheduling results:
[36m(RouterManager pid=51733)[0m     running decode batch id: 2db2bcb73b154754bfb3e6c050036e67, req num: 55, occupied instances: [0], batch_used_tokens_sum: 183542
[36m(RouterManager pid=51733)[0m     prefill batch id: ec31125004ca4b06a04db4a62aa1215c, req num: 28, occupied instances: [1, 3, 2], batch_used_tokens_sum: 0
[36m(RouterManager pid=51733)[0m [Loongserve manager] running batch id: 2db2bcb73b154754bfb3e6c050036e67, req num: 15, occupied instances: [0], batch_used_tokens_sum: 41196
[36m(RouterManager pid=51733)[0m [Loongserve manager] running batch id: ec31125004ca4b06a04db4a62aa1215c, req num: 28, occupied instances: [1], batch_used_tokens_sum: 98867
[36m(RouterManager pid=51733)[0m === RouterManager iteration 1408 ===
[36m(RouterManager pid=51733)[0m self.req_queue.waiting_req_list length: 80
[36m(RouterManager pid=51733)[0m === RouterManager iteration 1410 ===
[36m(RouterManager pid=51733)[0m self.req_queue.waiting_req_list length: 80
[36m(RouterManager pid=51733)[0m === RouterManager iteration 1412 ===
[36m(RouterManager pid=51733)[0m self.req_queue.waiting_req_list length: 81
[36m(RouterManager pid=51733)[0m === RouterManager iteration 1414 ===
[36m(RouterManager pid=51733)[0m self.req_queue.waiting_req_list length: 81
[36m(RouterManager pid=51733)[0m === RouterManager iteration 1416 ===
[36m(RouterManager pid=51733)[0m self.req_queue.waiting_req_list length: 81
[36m(RouterManager pid=51733)[0m === RouterManager iteration 1418 ===
[36m(RouterManager pid=51733)[0m self.req_queue.waiting_req_list length: 82
[36m(RouterManager pid=51733)[0m === RouterManager iteration 1420 ===
[36m(RouterManager pid=51733)[0m self.req_queue.waiting_req_list length: 82
[36m(RouterManager pid=51733)[0m === RouterManager iteration 1422 ===
[36m(RouterManager pid=51733)[0m self.req_queue.waiting_req_list length: 82
[36m(RouterManager pid=51733)[0m === RouterManager iteration 1424 ===
[36m(RouterManager pid=51733)[0m self.req_queue.waiting_req_list length: 82
[36m(RouterManager pid=51733)[0m === RouterManager iteration 1426 ===
[36m(RouterManager pid=51733)[0m self.req_queue.waiting_req_list length: 82
[36m(RouterManager pid=51733)[0m === RouterManager iteration 1428 ===
[36m(RouterManager pid=51733)[0m self.req_queue.waiting_req_list length: 82
[36m(RouterManager pid=51733)[0m [Router ReqQueue] Req chatcmpl-d386c8e465864aea8a470ca5143f5c87 in_time: 683200.9503, out_time: 683213.9454, total wait time: 12.9951 seconds
[36m(RouterManager pid=51733)[0m [Router ReqQueue] Req chatcmpl-d9bf91bb6407400c8c822872ff5acae1 in_time: 683201.0903, out_time: 683213.9454, total wait time: 12.8552 seconds
[36m(RouterManager pid=51733)[0m [Router ReqQueue] Req chatcmpl-0cf99977336a4e16a858323c3ac0ffeb in_time: 683201.3879, out_time: 683213.9454, total wait time: 12.5575 seconds
[36m(RouterManager pid=51733)[0m [Router ReqQueue] Req chatcmpl-d1cff654263442599bceb483b3831c00 in_time: 683201.5823, out_time: 683213.9455, total wait time: 12.3631 seconds
[36m(RouterManager pid=51733)[0m [Router ReqQueue] Req chatcmpl-b2307e59a0564772b55c866fbfa3a916 in_time: 683201.7027, out_time: 683213.9455, total wait time: 12.2428 seconds
[36m(RouterManager pid=51733)[0m [Router ReqQueue] Req chatcmpl-77cdbe5a49a54160a762a9a6d1bbac08 in_time: 683202.0550, out_time: 683213.9455, total wait time: 11.8905 seconds
[36m(RouterManager pid=51733)[0m [Router ReqQueue] Req chatcmpl-63f7471ffb634f05a73e41470174971b in_time: 683202.3849, out_time: 683213.9455, total wait time: 11.5606 seconds
[36m(RouterManager pid=51733)[0m [Router ReqQueue] Req chatcmpl-8dd517dafb4047b682664dc2106b9b89 in_time: 683202.5524, out_time: 683213.9455, total wait time: 11.3931 seconds
[36m(RouterManager pid=51733)[0m [Router ReqQueue] Req chatcmpl-79aabc3467f145d3a9de0f0188c08cc3 in_time: 683202.6130, out_time: 683213.9455, total wait time: 11.3325 seconds
[36m(RouterManager pid=51733)[0m [Router ReqQueue] Req chatcmpl-f2d776a0f574416eb87f508c6196ad72 in_time: 683202.6480, out_time: 683213.9455, total wait time: 11.2975 seconds
[36m(RouterManager pid=51733)[0m [Router ReqQueue] Req chatcmpl-5e2733edca4042ae88bd5ae3b8e88bc1 in_time: 683202.8832, out_time: 683213.9455, total wait time: 11.0624 seconds
[36m(RouterManager pid=51733)[0m [Router ReqQueue] Req chatcmpl-b060faaf89e141deab7c7934387982af in_time: 683203.0435, out_time: 683213.9455, total wait time: 10.9020 seconds
[36m(RouterManager pid=51733)[0m [Router ReqQueue] Req chatcmpl-bb4ffe24a22c470ca638d853038aae63 in_time: 683203.1366, out_time: 683213.9455, total wait time: 10.8089 seconds
[36m(RouterManager pid=51733)[0m [Router ReqQueue] Req chatcmpl-a97a8ba6b17f4691811062704ace191d in_time: 683203.5607, out_time: 683213.9455, total wait time: 10.3848 seconds
[36m(RouterManager pid=51733)[0m [Router ReqQueue] Req chatcmpl-e6115d548967401ea8c601c083b8bbb1 in_time: 683203.5767, out_time: 683213.9456, total wait time: 10.3689 seconds
[36m(RouterManager pid=51733)[0m [Router ReqQueue] Req chatcmpl-7ab9d20981544d6e8b1a471d3738f2fe in_time: 683203.7639, out_time: 683213.9456, total wait time: 10.1816 seconds
[36m(RouterManager pid=51733)[0m [Router ReqQueue] Req chatcmpl-709e3a1bf88c4dbb8377d3527dbdf8b4 in_time: 683203.8515, out_time: 683213.9456, total wait time: 10.0940 seconds
[36m(RouterManager pid=51733)[0m [Router ReqQueue] Req chatcmpl-f6c447156f144976a4bb648ced7193fb in_time: 683204.0715, out_time: 683213.9456, total wait time: 9.8741 seconds
[36m(RouterManager pid=51733)[0m [Loongserve manager] scheduling time: 138.66 ms
[36m(RouterManager pid=51733)[0m [Loongserve manager] prefill and decoding batch scheduling results:
[36m(RouterManager pid=51733)[0m     running decode batch id: ec31125004ca4b06a04db4a62aa1215c, req num: 43, occupied instances: [1], batch_used_tokens_sum: 140493
[36m(RouterManager pid=51733)[0m     prefill batch id: fcf001721aac4aa9ad84a5e2f342c069, req num: 18, occupied instances: [2, 3, 0], batch_used_tokens_sum: 0
[36m(RouterManager pid=51733)[0m [Loongserve manager] running batch id: ec31125004ca4b06a04db4a62aa1215c, req num: 29, occupied instances: [1], batch_used_tokens_sum: 89039
[36m(RouterManager pid=51733)[0m [Loongserve manager] running batch id: fcf001721aac4aa9ad84a5e2f342c069, req num: 18, occupied instances: [2], batch_used_tokens_sum: 94415
[36m(RouterManager pid=51733)[0m === RouterManager iteration 1430 ===
[36m(RouterManager pid=51733)[0m self.req_queue.waiting_req_list length: 97
[36m(RouterManager pid=51733)[0m === RouterManager iteration 1432 ===
[36m(RouterManager pid=51733)[0m self.req_queue.waiting_req_list length: 97
[36m(RouterManager pid=51733)[0m === RouterManager iteration 1434 ===
[36m(RouterManager pid=51733)[0m self.req_queue.waiting_req_list length: 97
[36m(RouterManager pid=51733)[0m === RouterManager iteration 1436 ===
[36m(RouterManager pid=51733)[0m self.req_queue.waiting_req_list length: 97
[36m(RouterManager pid=51733)[0m === RouterManager iteration 1438 ===
[36m(RouterManager pid=51733)[0m self.req_queue.waiting_req_list length: 97
[36m(RouterManager pid=51733)[0m === RouterManager iteration 1440 ===
[36m(RouterManager pid=51733)[0m self.req_queue.waiting_req_list length: 97
[36m(RouterManager pid=51733)[0m === RouterManager iteration 1442 ===
[36m(RouterManager pid=51733)[0m self.req_queue.waiting_req_list length: 97
[36m(RouterManager pid=51733)[0m === RouterManager iteration 1444 ===
[36m(RouterManager pid=51733)[0m self.req_queue.waiting_req_list length: 97
[36m(RouterManager pid=51733)[0m === RouterManager iteration 1446 ===
[36m(RouterManager pid=51733)[0m self.req_queue.waiting_req_list length: 98
[36m(RouterManager pid=51733)[0m === RouterManager iteration 1448 ===
[36m(RouterManager pid=51733)[0m self.req_queue.waiting_req_list length: 98
[36m(RouterManager pid=51733)[0m === RouterManager iteration 1450 ===
[36m(RouterManager pid=51733)[0m self.req_queue.waiting_req_list length: 98
[36m(RouterManager pid=51733)[0m [Router ReqQueue] Req chatcmpl-8abbf4a6606443a5bace771d89cdfd78 in_time: 683204.2108, out_time: 683219.0417, total wait time: 14.8309 seconds
[36m(RouterManager pid=51733)[0m [Router ReqQueue] Req chatcmpl-3cff8e9d60774865a9675bc519f9be1e in_time: 683204.3895, out_time: 683219.0418, total wait time: 14.6522 seconds
[36m(RouterManager pid=51733)[0m [Router ReqQueue] Req chatcmpl-476ded4e14074ce2a29b01a278e4a90d in_time: 683204.4007, out_time: 683219.0418, total wait time: 14.6411 seconds
[36m(RouterManager pid=51733)[0m [Router ReqQueue] Req chatcmpl-23b340418cb54702a838007be847495c in_time: 683204.4821, out_time: 683219.0418, total wait time: 14.5597 seconds
[36m(RouterManager pid=51733)[0m [Router ReqQueue] Req chatcmpl-84c6ff3d3aa8483fbca45555c8e5d213 in_time: 683204.5570, out_time: 683219.0418, total wait time: 14.4848 seconds
[36m(RouterManager pid=51733)[0m [Router ReqQueue] Req chatcmpl-02be4b2152154801ab23dd1d54680c8a in_time: 683204.8323, out_time: 683219.0418, total wait time: 14.2095 seconds
[36m(RouterManager pid=51733)[0m [Router ReqQueue] Req chatcmpl-09461bcef10548f696f2c373363a5b59 in_time: 683204.8552, out_time: 683219.0418, total wait time: 14.1866 seconds
[36m(RouterManager pid=51733)[0m [Router ReqQueue] Req chatcmpl-1d9a39292685444fa31c5f180f3f9358 in_time: 683205.0697, out_time: 683219.0418, total wait time: 13.9722 seconds
[36m(RouterManager pid=51733)[0m [Router ReqQueue] Req chatcmpl-c0bc1e07273e402a9e40508045cc9194 in_time: 683205.1254, out_time: 683219.0418, total wait time: 13.9164 seconds
[36m(RouterManager pid=51733)[0m [Router ReqQueue] Req chatcmpl-66c9fc81545d40f99613a83d367c13bc in_time: 683205.1468, out_time: 683219.0418, total wait time: 13.8950 seconds
[36m(RouterManager pid=51733)[0m [Router ReqQueue] Req chatcmpl-57a5768017b64bea8ddb10e7df80d740 in_time: 683205.3769, out_time: 683219.0418, total wait time: 13.6649 seconds
[36m(RouterManager pid=51733)[0m [Router ReqQueue] Req chatcmpl-b359c9e0c62443eea4a6303ece780d19 in_time: 683205.3890, out_time: 683219.0419, total wait time: 13.6528 seconds
[36m(RouterManager pid=51733)[0m [Router ReqQueue] Req chatcmpl-50c549febb5a47de9cb6db4d2678c668 in_time: 683205.4631, out_time: 683219.0419, total wait time: 13.5788 seconds
[36m(RouterManager pid=51733)[0m [Router ReqQueue] Req chatcmpl-310de35d63e84726b95e0e9e10179b3f in_time: 683205.6235, out_time: 683219.0419, total wait time: 13.4184 seconds
[36m(RouterManager pid=51733)[0m [Router ReqQueue] Req chatcmpl-701829668e7841e8a4a94af9c26dd9c8 in_time: 683205.8091, out_time: 683219.0419, total wait time: 13.2327 seconds
[36m(RouterManager pid=51733)[0m [Router ReqQueue] Req chatcmpl-56218745ca6c4c45825485017326e07a in_time: 683205.8806, out_time: 683219.0419, total wait time: 13.1613 seconds
[36m(RouterManager pid=51733)[0m [Router ReqQueue] Req chatcmpl-cbbef78bbedf47a099b06865dfdac5a2 in_time: 683206.0437, out_time: 683219.0419, total wait time: 12.9982 seconds
[36m(RouterManager pid=51733)[0m [Router ReqQueue] Req chatcmpl-9ef61296162249739e4475575fd97f2f in_time: 683206.2457, out_time: 683219.0419, total wait time: 12.7962 seconds
[36m(RouterManager pid=51733)[0m [Router ReqQueue] Req chatcmpl-fbf88fbb897845cd9860527aac9d7a82 in_time: 683206.3468, out_time: 683219.0419, total wait time: 12.6951 seconds
[36m(RouterManager pid=51733)[0m [Router ReqQueue] Req chatcmpl-224d981c21fd482c8a148ce92272a05f in_time: 683206.5210, out_time: 683219.0419, total wait time: 12.5209 seconds
[36m(RouterManager pid=51733)[0m [Router ReqQueue] Req chatcmpl-801e490938364348aaa55e9c7b053b97 in_time: 683206.6294, out_time: 683219.0419, total wait time: 12.4125 seconds
[36m(RouterManager pid=51733)[0m [Router ReqQueue] Req chatcmpl-686d240e07a247629975b908b2a716d8 in_time: 683206.7159, out_time: 683219.0419, total wait time: 12.3261 seconds
[36m(RouterManager pid=51733)[0m [Loongserve manager] scheduling time: 284.62 ms
[36m(RouterManager pid=51733)[0m [Loongserve manager] prefill and decoding batch scheduling results:
[36m(RouterManager pid=51733)[0m     running decode batch id: fcf001721aac4aa9ad84a5e2f342c069, req num: 47, occupied instances: [2], batch_used_tokens_sum: 183924
[36m(RouterManager pid=51733)[0m     prefill batch id: fb5c22ba6e544684a6b22e569ac75847, req num: 22, occupied instances: [0, 3, 1], batch_used_tokens_sum: 0
[36m(RouterManager pid=51733)[0m [Loongserve manager] running batch id: fcf001721aac4aa9ad84a5e2f342c069, req num: 20, occupied instances: [2], batch_used_tokens_sum: 92160
[36m(RouterManager pid=51733)[0m [Loongserve manager] running batch id: fb5c22ba6e544684a6b22e569ac75847, req num: 22, occupied instances: [0], batch_used_tokens_sum: 99126
[36m(RouterManager pid=51733)[0m === RouterManager iteration 1452 ===
[36m(RouterManager pid=51733)[0m self.req_queue.waiting_req_list length: 100
[36m(RouterManager pid=51733)[0m === RouterManager iteration 1454 ===
[36m(RouterManager pid=51733)[0m self.req_queue.waiting_req_list length: 100
[36m(RouterManager pid=51733)[0m === RouterManager iteration 1456 ===
[36m(RouterManager pid=51733)[0m self.req_queue.waiting_req_list length: 100
[36m(RouterManager pid=51733)[0m === RouterManager iteration 1458 ===
[36m(RouterManager pid=51733)[0m self.req_queue.waiting_req_list length: 101
[36m(RouterManager pid=51733)[0m === RouterManager iteration 1460 ===
[36m(RouterManager pid=51733)[0m self.req_queue.waiting_req_list length: 101
[36m(RouterManager pid=51733)[0m === RouterManager iteration 1462 ===
[36m(RouterManager pid=51733)[0m self.req_queue.waiting_req_list length: 101
[36m(RouterManager pid=51733)[0m === RouterManager iteration 1464 ===
[36m(RouterManager pid=51733)[0m self.req_queue.waiting_req_list length: 101
[36m(RouterManager pid=51733)[0m === RouterManager iteration 1466 ===
[36m(RouterManager pid=51733)[0m self.req_queue.waiting_req_list length: 101
[36m(RouterManager pid=51733)[0m === RouterManager iteration 1468 ===
[36m(RouterManager pid=51733)[0m self.req_queue.waiting_req_list length: 101
[36m(RouterManager pid=51733)[0m === RouterManager iteration 1470 ===
[36m(RouterManager pid=51733)[0m self.req_queue.waiting_req_list length: 101
[36m(RouterManager pid=51733)[0m === RouterManager iteration 1472 ===
[36m(RouterManager pid=51733)[0m self.req_queue.waiting_req_list length: 101
[36m(RouterManager pid=51733)[0m [Router ReqQueue] Req chatcmpl-4a08cf7dde2a49678432cfda9bcadde8 in_time: 683206.8377, out_time: 683224.4433, total wait time: 17.6056 seconds
[36m(RouterManager pid=51733)[0m [Router ReqQueue] Req chatcmpl-804f1e4d148b422aa7015d859fb26daf in_time: 683206.8399, out_time: 683224.4433, total wait time: 17.6035 seconds
[36m(RouterManager pid=51733)[0m [Router ReqQueue] Req chatcmpl-06989a2a6792450e91573c7f0d8b46a1 in_time: 683206.8563, out_time: 683224.4434, total wait time: 17.5871 seconds
[36m(RouterManager pid=51733)[0m [Router ReqQueue] Req chatcmpl-4655d1249a484e21b635de168f4ac87b in_time: 683206.8826, out_time: 683224.4434, total wait time: 17.5608 seconds
[36m(RouterManager pid=51733)[0m [Router ReqQueue] Req chatcmpl-72611cb0a16b463bb6e0aa973e92bf96 in_time: 683206.9251, out_time: 683224.4434, total wait time: 17.5183 seconds
[36m(RouterManager pid=51733)[0m [Router ReqQueue] Req chatcmpl-f6c4ec2f731d4f8dabe1424d1a7bd805 in_time: 683207.0350, out_time: 683224.4434, total wait time: 17.4084 seconds
[36m(RouterManager pid=51733)[0m [Router ReqQueue] Req chatcmpl-b5f518acdc3a44369551373b000aad0e in_time: 683207.2239, out_time: 683224.4434, total wait time: 17.2195 seconds
[36m(RouterManager pid=51733)[0m [Router ReqQueue] Req chatcmpl-2d01ccb9ecb7454c8c9a795d74b47c37 in_time: 683207.2878, out_time: 683224.4434, total wait time: 17.1556 seconds
[36m(RouterManager pid=51733)[0m [Router ReqQueue] Req chatcmpl-540b3045796046f3b271150fc2e3598b in_time: 683207.4118, out_time: 683224.4434, total wait time: 17.0316 seconds
[36m(RouterManager pid=51733)[0m [Router ReqQueue] Req chatcmpl-775e591e67c648d19166fff4885e1ea7 in_time: 683207.6080, out_time: 683224.4434, total wait time: 16.8354 seconds
[36m(RouterManager pid=51733)[0m [Router ReqQueue] Req chatcmpl-eee9061735a3461ab2546d8a9413084d in_time: 683207.7696, out_time: 683224.4434, total wait time: 16.6738 seconds
[36m(RouterManager pid=51733)[0m [Router ReqQueue] Req chatcmpl-360bc59c14d04f39a3c42e8ba9ad3ec1 in_time: 683207.8270, out_time: 683224.4434, total wait time: 16.6165 seconds
[36m(RouterManager pid=51733)[0m [Router ReqQueue] Req chatcmpl-802cd2067f9f4843b8e39637d19691eb in_time: 683207.8452, out_time: 683224.4435, total wait time: 16.5983 seconds
[36m(RouterManager pid=51733)[0m [Router ReqQueue] Req chatcmpl-a8dcc6879c3c4a4086fda01d223801cc in_time: 683208.5081, out_time: 683224.4435, total wait time: 15.9354 seconds
[36m(RouterManager pid=51733)[0m [Router ReqQueue] Req chatcmpl-5ba5c90a400a42c09bd600e4bb85a0e2 in_time: 683208.7192, out_time: 683224.4435, total wait time: 15.7243 seconds
[36m(RouterManager pid=51733)[0m [Router ReqQueue] Req chatcmpl-93fe8214fddb42acb8e766e297c3736c in_time: 683208.7683, out_time: 683224.4435, total wait time: 15.6752 seconds
[36m(RouterManager pid=51733)[0m [Router ReqQueue] Req chatcmpl-211e7caf909042c3a301fecdd8431c60 in_time: 683208.9614, out_time: 683224.4435, total wait time: 15.4820 seconds
[36m(RouterManager pid=51733)[0m [Router ReqQueue] Req chatcmpl-663ddb9809c9470587b3a0821d3602ba in_time: 683209.1074, out_time: 683224.4435, total wait time: 15.3361 seconds
[36m(RouterManager pid=51733)[0m [Router ReqQueue] Req chatcmpl-7672d13783914ed9a50f56f8e6f81898 in_time: 683209.1350, out_time: 683224.4435, total wait time: 15.3085 seconds
[36m(RouterManager pid=51733)[0m [Router ReqQueue] Req chatcmpl-584210b888d04c14ac65c9b5280e55e9 in_time: 683209.2278, out_time: 683224.4435, total wait time: 15.2157 seconds
[36m(RouterManager pid=51733)[0m [Router ReqQueue] Req chatcmpl-ba9c12bd6cac401dbda6bcd973dcbad1 in_time: 683209.7360, out_time: 683224.4435, total wait time: 14.7075 seconds
[36m(RouterManager pid=51733)[0m [Router ReqQueue] Req chatcmpl-9bc9d7d4cdd442f38822577c0d77972c in_time: 683210.2863, out_time: 683224.4435, total wait time: 14.1573 seconds
[36m(RouterManager pid=51733)[0m [Router ReqQueue] Req chatcmpl-1e8f55e8d6864276a080aa22f70725b4 in_time: 683210.3111, out_time: 683224.4435, total wait time: 14.1324 seconds
[36m(RouterManager pid=51733)[0m [Router ReqQueue] Req chatcmpl-d4b147e15eae4d82bc6c0adbf5a1c203 in_time: 683210.3126, out_time: 683224.4436, total wait time: 14.1309 seconds
[36m(RouterManager pid=51733)[0m [Router ReqQueue] Req chatcmpl-65826007c5ca4c109356d98da56668dd in_time: 683210.4534, out_time: 683224.4436, total wait time: 13.9902 seconds
[36m(RouterManager pid=51733)[0m [Router ReqQueue] Req chatcmpl-369c8a0a23b1491b93cefdaf31a1b5ee in_time: 683210.5456, out_time: 683224.4436, total wait time: 13.8980 seconds
[36m(RouterManager pid=51733)[0m [Router ReqQueue] Req chatcmpl-b1e3aa5365af4139a69bc2cf273776cf in_time: 683210.5564, out_time: 683224.4436, total wait time: 13.8872 seconds
[36m(RouterManager pid=51733)[0m [Router ReqQueue] Req chatcmpl-9e8cc9c1841d4b3a8d29ba4bf726ad9e in_time: 683210.8296, out_time: 683224.4436, total wait time: 13.6140 seconds
[36m(RouterManager pid=51733)[0m [Router ReqQueue] Req chatcmpl-cbb12c506c9546fb9f16fc7a2d76d63c in_time: 683210.9377, out_time: 683224.4436, total wait time: 13.5059 seconds
[36m(RouterManager pid=51733)[0m [Router ReqQueue] Req chatcmpl-c944260dea104931b96825b3bf51a928 in_time: 683211.6370, out_time: 683224.4436, total wait time: 12.8067 seconds
[36m(RouterManager pid=51733)[0m [Router ReqQueue] Req chatcmpl-d361c8e05e9e4b378e9bb3ee1b9f719b in_time: 683211.7787, out_time: 683224.4436, total wait time: 12.6649 seconds
[36m(RouterManager pid=51733)[0m [Router ReqQueue] Req chatcmpl-598e72b420bd4a55b61aa7f390fa4fa3 in_time: 683211.8177, out_time: 683224.4436, total wait time: 12.6259 seconds
[36m(RouterManager pid=51733)[0m [Router ReqQueue] Req chatcmpl-080dd7a5232b4e65bbfbbede937d63eb in_time: 683211.8515, out_time: 683224.4437, total wait time: 12.5922 seconds
[36m(RouterManager pid=51733)[0m [Router ReqQueue] Req chatcmpl-a8f1003dc4a348abb2242ec6c9a44b7e in_time: 683212.2070, out_time: 683224.4437, total wait time: 12.2367 seconds
[36m(RouterManager pid=51733)[0m [Router ReqQueue] Req chatcmpl-1a4a21ea7afe416e9cfabb5ad6c04d30 in_time: 683212.2092, out_time: 683224.4437, total wait time: 12.2345 seconds
[36m(RouterManager pid=51733)[0m [Router ReqQueue] Req chatcmpl-7fccebca020d434ea70cf13853dab759 in_time: 683212.3898, out_time: 683224.4437, total wait time: 12.0539 seconds
[36m(RouterManager pid=51733)[0m [Router ReqQueue] Req chatcmpl-70a91cfdb64b493984b68652e6c8d951 in_time: 683212.5621, out_time: 683224.4437, total wait time: 11.8816 seconds
[36m(RouterManager pid=51733)[0m [Router ReqQueue] Req chatcmpl-7d410139ded14bea8e4d7e25e6eb6202 in_time: 683212.7901, out_time: 683224.4437, total wait time: 11.6536 seconds
[36m(RouterManager pid=51733)[0m [Router ReqQueue] Req chatcmpl-db12834c634e4a2086547b9c0cd5383b in_time: 683213.0824, out_time: 683224.4437, total wait time: 11.3613 seconds
[36m(RouterManager pid=51733)[0m [Router ReqQueue] Req chatcmpl-3d94a207dda24a2c9f32540ebfad32d2 in_time: 683213.5445, out_time: 683224.4437, total wait time: 10.8992 seconds
[36m(RouterManager pid=51733)[0m [Router ReqQueue] Req chatcmpl-ca22afa1445849df80c709d76d022d92 in_time: 683213.6440, out_time: 683224.4437, total wait time: 10.7997 seconds
[36m(RouterManager pid=51733)[0m [Router ReqQueue] Req chatcmpl-1a0fad91410641bf83e14f69be86c6de in_time: 683213.7426, out_time: 683224.4437, total wait time: 10.7012 seconds
[36m(RouterManager pid=51733)[0m [Router ReqQueue] Req chatcmpl-a8ee0a58b25c48a19316f76bd901321e in_time: 683213.9830, out_time: 683224.4437, total wait time: 10.4608 seconds
[36m(RouterManager pid=51733)[0m [Router ReqQueue] Req chatcmpl-79506fe8ce054ebdb0202f88db03e947 in_time: 683214.0197, out_time: 683224.4438, total wait time: 10.4241 seconds
[36m(RouterManager pid=51733)[0m [Router ReqQueue] Req chatcmpl-b5c532506f3a48b6bec739c01f6f9e38 in_time: 683214.1108, out_time: 683224.4438, total wait time: 10.3330 seconds
[36m(RouterManager pid=51733)[0m [Router ReqQueue] Req chatcmpl-62103ab20d6d4923b1899c7996a19865 in_time: 683214.2855, out_time: 683224.4438, total wait time: 10.1583 seconds
[36m(RouterManager pid=51733)[0m [Router ReqQueue] Req chatcmpl-e9890ea7e7384324b47a7413ae15d403 in_time: 683214.3036, out_time: 683224.4438, total wait time: 10.1402 seconds
[36m(RouterManager pid=51733)[0m [Loongserve manager] scheduling time: 102.29 ms
[36m(RouterManager pid=51733)[0m [Loongserve manager] prefill and decoding batch scheduling results:
[36m(RouterManager pid=51733)[0m     running decode batch id: fb5c22ba6e544684a6b22e569ac75847, req num: 38, occupied instances: [0], batch_used_tokens_sum: 156747
[36m(RouterManager pid=51733)[0m     prefill batch id: 3b4f49be53d543148bb894c9fe07dfee, req num: 47, occupied instances: [1, 3, 2], batch_used_tokens_sum: 0
[36m(RouterManager pid=51733)[0m [Loongserve manager] running batch id: fb5c22ba6e544684a6b22e569ac75847, req num: 25, occupied instances: [0], batch_used_tokens_sum: 105735
[36m(RouterManager pid=51733)[0m [Loongserve manager] running batch id: 3b4f49be53d543148bb894c9fe07dfee, req num: 47, occupied instances: [1], batch_used_tokens_sum: 99406
[36m(RouterManager pid=51733)[0m === RouterManager iteration 1474 ===
[36m(RouterManager pid=51733)[0m self.req_queue.waiting_req_list length: 81
[36m(RouterManager pid=51733)[0m === RouterManager iteration 1476 ===
[36m(RouterManager pid=51733)[0m self.req_queue.waiting_req_list length: 81
[36m(RouterManager pid=51733)[0m === RouterManager iteration 1478 ===
[36m(RouterManager pid=51733)[0m self.req_queue.waiting_req_list length: 81
[36m(RouterManager pid=51733)[0m === RouterManager iteration 1480 ===
[36m(RouterManager pid=51733)[0m self.req_queue.waiting_req_list length: 81
[36m(RouterManager pid=51733)[0m === RouterManager iteration 1482 ===
[36m(RouterManager pid=51733)[0m self.req_queue.waiting_req_list length: 81
[36m(RouterManager pid=51733)[0m === RouterManager iteration 1484 ===
[36m(RouterManager pid=51733)[0m self.req_queue.waiting_req_list length: 82
[36m(RouterManager pid=51733)[0m === RouterManager iteration 1486 ===
[36m(RouterManager pid=51733)[0m self.req_queue.waiting_req_list length: 82
[36m(RouterManager pid=51733)[0m === RouterManager iteration 1488 ===
[36m(RouterManager pid=51733)[0m self.req_queue.waiting_req_list length: 82
[36m(RouterManager pid=51733)[0m === RouterManager iteration 1490 ===
[36m(RouterManager pid=51733)[0m self.req_queue.waiting_req_list length: 83
[36m(RouterManager pid=51733)[0m === RouterManager iteration 1492 ===
[36m(RouterManager pid=51733)[0m self.req_queue.waiting_req_list length: 83
[36m(RouterManager pid=51733)[0m === RouterManager iteration 1494 ===
[36m(RouterManager pid=51733)[0m self.req_queue.waiting_req_list length: 83
[36m(RouterManager pid=51733)[0m [Router ReqQueue] Req chatcmpl-1312a7ba608e47c18b0c87d5a99da226 in_time: 683214.5513, out_time: 683229.2203, total wait time: 14.6689 seconds
[36m(RouterManager pid=51733)[0m [Router ReqQueue] Req chatcmpl-8e820ef213fa43b491687faec2e5b8b7 in_time: 683214.8110, out_time: 683229.2203, total wait time: 14.4092 seconds
[36m(RouterManager pid=51733)[0m [Router ReqQueue] Req chatcmpl-8adfc59292e2429591e8732c6bbd30d5 in_time: 683214.8151, out_time: 683229.2203, total wait time: 14.4052 seconds
[36m(RouterManager pid=51733)[0m [Router ReqQueue] Req chatcmpl-0fd47c32a0594c819ec73c8fea829e5c in_time: 683215.0469, out_time: 683229.2203, total wait time: 14.1734 seconds
[36m(RouterManager pid=51733)[0m [Router ReqQueue] Req chatcmpl-62abe727370649888a9c70a15bf305b7 in_time: 683215.1829, out_time: 683229.2203, total wait time: 14.0374 seconds
[36m(RouterManager pid=51733)[0m [Router ReqQueue] Req chatcmpl-18af4a42be7d4cd38749181c32e6936d in_time: 683215.5635, out_time: 683229.2203, total wait time: 13.6568 seconds
[36m(RouterManager pid=51733)[0m [Router ReqQueue] Req chatcmpl-61da3851284848f9b390fb5461eccbfd in_time: 683215.6961, out_time: 683229.2203, total wait time: 13.5242 seconds
[36m(RouterManager pid=51733)[0m [Router ReqQueue] Req chatcmpl-f72e2e63bbb443ebb32f4bfffa571084 in_time: 683215.9476, out_time: 683229.2203, total wait time: 13.2727 seconds
[36m(RouterManager pid=51733)[0m [Router ReqQueue] Req chatcmpl-ba3606ee659e4066b34fd2d61a1fa391 in_time: 683215.9828, out_time: 683229.2203, total wait time: 13.2376 seconds
[36m(RouterManager pid=51733)[0m [Router ReqQueue] Req chatcmpl-973eb4ec557c4b96a376108cd6ffe0de in_time: 683216.0982, out_time: 683229.2204, total wait time: 13.1222 seconds
[36m(RouterManager pid=51733)[0m [Router ReqQueue] Req chatcmpl-d1c539b52cd844ebaca5d0a949d5f71f in_time: 683216.1191, out_time: 683229.2204, total wait time: 13.1013 seconds
[36m(RouterManager pid=51733)[0m [Router ReqQueue] Req chatcmpl-b7534307b6af4c1bac0cf049cc1460a3 in_time: 683216.1791, out_time: 683229.2204, total wait time: 13.0412 seconds
[36m(RouterManager pid=51733)[0m [Router ReqQueue] Req chatcmpl-be395e2deacb41eaa202d53d28004a4c in_time: 683216.3635, out_time: 683229.2204, total wait time: 12.8569 seconds
[36m(RouterManager pid=51733)[0m [Router ReqQueue] Req chatcmpl-13889cbfe48048209158c0b080cf1e67 in_time: 683216.3974, out_time: 683229.2204, total wait time: 12.8229 seconds
[36m(RouterManager pid=51733)[0m [Router ReqQueue] Req chatcmpl-1e99dd85ba6d486cbb4d0e33223064e2 in_time: 683216.5203, out_time: 683229.2204, total wait time: 12.7001 seconds
[36m(RouterManager pid=51733)[0m [Router ReqQueue] Req chatcmpl-1468fd49e9ed48f899596eb5e2af8c88 in_time: 683216.7930, out_time: 683229.2204, total wait time: 12.4274 seconds
[36m(RouterManager pid=51733)[0m [Router ReqQueue] Req chatcmpl-ae20353feab34e899892106a3ba59d60 in_time: 683216.8393, out_time: 683229.2204, total wait time: 12.3812 seconds
[36m(RouterManager pid=51733)[0m [Router ReqQueue] Req chatcmpl-cd6296702d6b463da30e58bbbee2535b in_time: 683216.9562, out_time: 683229.2204, total wait time: 12.2642 seconds
[36m(RouterManager pid=51733)[0m [Router ReqQueue] Req chatcmpl-2e7df2a61e3f449db89f663395c5c63c in_time: 683217.5026, out_time: 683229.2204, total wait time: 11.7179 seconds
[36m(RouterManager pid=51733)[0m [Router ReqQueue] Req chatcmpl-9c069902ad454969a89e4c83e721b8b1 in_time: 683217.8204, out_time: 683229.2204, total wait time: 11.4001 seconds
[36m(RouterManager pid=51733)[0m [Router ReqQueue] Req chatcmpl-3cdbc9141ec14a359fcaedf3c6172606 in_time: 683217.8995, out_time: 683229.2205, total wait time: 11.3209 seconds
[36m(RouterManager pid=51733)[0m [Router ReqQueue] Req chatcmpl-81996f84a9f147cbb8c16f5ed32d60a7 in_time: 683217.9127, out_time: 683229.2205, total wait time: 11.3077 seconds
[36m(RouterManager pid=51733)[0m [Router ReqQueue] Req chatcmpl-dce07c11b09b42f487bff10f83ed0172 in_time: 683217.9318, out_time: 683229.2205, total wait time: 11.2887 seconds
[36m(RouterManager pid=51733)[0m [Router ReqQueue] Req chatcmpl-00c270816a5b4c1eafaebcfcf1b22aaa in_time: 683218.1738, out_time: 683229.2205, total wait time: 11.0467 seconds
[36m(RouterManager pid=51733)[0m [Router ReqQueue] Req chatcmpl-f6dcfddc16ea49459f945e5f7b2b0fb4 in_time: 683218.4301, out_time: 683229.2205, total wait time: 10.7904 seconds
[36m(RouterManager pid=51733)[0m [Router ReqQueue] Req chatcmpl-4bf31336466d4fbf862291c0a3687273 in_time: 683218.4813, out_time: 683229.2205, total wait time: 10.7392 seconds
[36m(RouterManager pid=51733)[0m [Router ReqQueue] Req chatcmpl-6865f31852c848b391b0f1bf1f1ca2d4 in_time: 683218.5103, out_time: 683229.2205, total wait time: 10.7102 seconds
[36m(RouterManager pid=51733)[0m [Router ReqQueue] Req chatcmpl-c082f9bf3d504d5ea8e734b208110937 in_time: 683218.6834, out_time: 683229.2205, total wait time: 10.5372 seconds
[36m(RouterManager pid=51733)[0m [Router ReqQueue] Req chatcmpl-98aa5b37d86349feafa11aeff4592460 in_time: 683218.9387, out_time: 683229.2205, total wait time: 10.2818 seconds
[36m(RouterManager pid=51733)[0m [Router ReqQueue] Req chatcmpl-3a32c840d764490ba2ccd95a6707134a in_time: 683219.0960, out_time: 683229.2206, total wait time: 10.1246 seconds
[36m(RouterManager pid=51733)[0m [Router ReqQueue] Req chatcmpl-23ce3e7cc216471da6307b3255c7ceb2 in_time: 683220.3176, out_time: 683229.2206, total wait time: 8.9030 seconds
[36m(RouterManager pid=51733)[0m [Router ReqQueue] Req chatcmpl-09f890e163ba4afcbc02f3522b6427ef in_time: 683221.3126, out_time: 683229.2206, total wait time: 7.9079 seconds
[36m(RouterManager pid=51733)[0m [Router ReqQueue] Req chatcmpl-92ca64ca0fd945a0b517ea531f7f1bae in_time: 683221.5280, out_time: 683229.2206, total wait time: 7.6926 seconds
[36m(RouterManager pid=51733)[0m [Router ReqQueue] Req chatcmpl-004dbc2aa77a41de8383bf7f627fa43c in_time: 683221.6620, out_time: 683229.2206, total wait time: 7.5586 seconds
[36m(RouterManager pid=51733)[0m [Router ReqQueue] Req chatcmpl-d9a63bf7f94643c8a37bd4149d11e776 in_time: 683221.7294, out_time: 683229.2206, total wait time: 7.4912 seconds
[36m(RouterManager pid=51733)[0m [Router ReqQueue] Req chatcmpl-98f0ac7fd20d4441b3a910d34547767d in_time: 683221.8903, out_time: 683229.2206, total wait time: 7.3303 seconds
[36m(RouterManager pid=51733)[0m [Router ReqQueue] Req chatcmpl-2f6fee7373c74b42923c408e0dc1df81 in_time: 683221.9883, out_time: 683229.2206, total wait time: 7.2323 seconds
[36m(RouterManager pid=51733)[0m [Router ReqQueue] Req chatcmpl-7e7e6d5ba24149f39c09b8f6c7050ca9 in_time: 683222.0943, out_time: 683229.2206, total wait time: 7.1263 seconds
[36m(RouterManager pid=51733)[0m [Router ReqQueue] Req chatcmpl-09553e87c3f643d5b915dc6516bcb02c in_time: 683222.1032, out_time: 683229.2206, total wait time: 7.1175 seconds
[36m(RouterManager pid=51733)[0m [Router ReqQueue] Req chatcmpl-b133ed6a066f4040a90de0cb6187a111 in_time: 683222.2923, out_time: 683229.2206, total wait time: 6.9283 seconds
[36m(RouterManager pid=51733)[0m [Router ReqQueue] Req chatcmpl-b5d4acdf840d47ae8e719d504b3b778e in_time: 683222.5502, out_time: 683229.2207, total wait time: 6.6705 seconds
[36m(RouterManager pid=51733)[0m [Loongserve manager] scheduling time: 318.42 ms
[36m(RouterManager pid=51733)[0m [Loongserve manager] prefill and decoding batch scheduling results:
[36m(RouterManager pid=51733)[0m     running decode batch id: fb5c22ba6e544684a6b22e569ac75847, req num: 72, occupied instances: [0], batch_used_tokens_sum: 205861
[36m(RouterManager pid=51733)[0m     prefill batch id: 585e325bde9c4b6aa4d254af7c621c1b, req num: 41, occupied instances: [2, 3, 1], batch_used_tokens_sum: 0
[36m(RouterManager pid=51733)[0m [Loongserve manager] running batch id: fb5c22ba6e544684a6b22e569ac75847, req num: 67, occupied instances: [0], batch_used_tokens_sum: 167462
[36m(RouterManager pid=51733)[0m [Loongserve manager] running batch id: 585e325bde9c4b6aa4d254af7c621c1b, req num: 41, occupied instances: [2], batch_used_tokens_sum: 99525
[36m(RouterManager pid=51733)[0m === RouterManager iteration 1496 ===
[36m(RouterManager pid=51733)[0m self.req_queue.waiting_req_list length: 65
[36m(RouterManager pid=51733)[0m === RouterManager iteration 1498 ===
[36m(RouterManager pid=51733)[0m self.req_queue.waiting_req_list length: 66
[36m(RouterManager pid=51733)[0m === RouterManager iteration 1500 ===
[36m(RouterManager pid=51733)[0m self.req_queue.waiting_req_list length: 66
[36m(RouterManager pid=51733)[0m === RouterManager iteration 1502 ===
[36m(RouterManager pid=51733)[0m self.req_queue.waiting_req_list length: 68
[36m(RouterManager pid=51733)[0m === RouterManager iteration 1504 ===
[36m(RouterManager pid=51733)[0m self.req_queue.waiting_req_list length: 68
[36m(RouterManager pid=51733)[0m === RouterManager iteration 1506 ===
[36m(RouterManager pid=51733)[0m self.req_queue.waiting_req_list length: 68
[36m(RouterManager pid=51733)[0m === RouterManager iteration 1508 ===
[36m(RouterManager pid=51733)[0m self.req_queue.waiting_req_list length: 68
[36m(RouterManager pid=51733)[0m === RouterManager iteration 1510 ===
[36m(RouterManager pid=51733)[0m self.req_queue.waiting_req_list length: 69
[36m(RouterManager pid=51733)[0m === RouterManager iteration 1512 ===
[36m(RouterManager pid=51733)[0m self.req_queue.waiting_req_list length: 69
[36m(RouterManager pid=51733)[0m === RouterManager iteration 1514 ===
[36m(RouterManager pid=51733)[0m self.req_queue.waiting_req_list length: 70
[36m(RouterManager pid=51733)[0m === RouterManager iteration 1516 ===
[36m(RouterManager pid=51733)[0m self.req_queue.waiting_req_list length: 70
[36m(RouterManager pid=51733)[0m [Router ReqQueue] Req chatcmpl-6fea3e32c5504817a3084b9e70df9ce7 in_time: 683220.6561, out_time: 683234.8358, total wait time: 14.1797 seconds
[36m(RouterManager pid=51733)[0m [Router ReqQueue] Req chatcmpl-f715cb5e8b3147ada0149256f5cd7b2f in_time: 683221.7781, out_time: 683234.8359, total wait time: 13.0578 seconds
[36m(RouterManager pid=51733)[0m [Router ReqQueue] Req chatcmpl-fc61a693400f4691b2683cd54ba68831 in_time: 683221.9229, out_time: 683234.8359, total wait time: 12.9131 seconds
[36m(RouterManager pid=51733)[0m [Router ReqQueue] Req chatcmpl-cc44873f685641169c4fd7de38f5ac9b in_time: 683222.2042, out_time: 683234.8360, total wait time: 12.6317 seconds
[36m(RouterManager pid=51733)[0m [Router ReqQueue] Req chatcmpl-7d151cc5da9f4828923215d287c4cf9d in_time: 683222.2345, out_time: 683234.8360, total wait time: 12.6014 seconds
[36m(RouterManager pid=51733)[0m [Router ReqQueue] Req chatcmpl-66e233a3f0d3490288ed0b1b26e29975 in_time: 683222.4572, out_time: 683234.8360, total wait time: 12.3788 seconds
[36m(RouterManager pid=51733)[0m [Router ReqQueue] Req chatcmpl-52b01dc42ca14bd6ae8c25b09391ef12 in_time: 683222.6677, out_time: 683234.8360, total wait time: 12.1683 seconds
[36m(RouterManager pid=51733)[0m [Router ReqQueue] Req chatcmpl-f71a3be5fbe94d0883029daedbb77b09 in_time: 683222.8099, out_time: 683234.8360, total wait time: 12.0261 seconds
[36m(RouterManager pid=51733)[0m [Router ReqQueue] Req chatcmpl-915e36f3deec4b93bfa3851acc95368e in_time: 683223.0289, out_time: 683234.8360, total wait time: 11.8071 seconds
[36m(RouterManager pid=51733)[0m [Router ReqQueue] Req chatcmpl-b119462c4cda41269ccc35ab730fa5f4 in_time: 683223.2772, out_time: 683234.8360, total wait time: 11.5588 seconds
[36m(RouterManager pid=51733)[0m [Router ReqQueue] Req chatcmpl-41f1cfe130244d3db540571882fe43cf in_time: 683223.5620, out_time: 683234.8360, total wait time: 11.2740 seconds
[36m(RouterManager pid=51733)[0m [Router ReqQueue] Req chatcmpl-339e2b2789f6451da8b221dbe21ba65b in_time: 683224.0135, out_time: 683234.8360, total wait time: 10.8225 seconds
[36m(RouterManager pid=51733)[0m [Router ReqQueue] Req chatcmpl-20d6038310aa40c4b4b8a23b5ed02730 in_time: 683224.1704, out_time: 683234.8360, total wait time: 10.6657 seconds
[36m(RouterManager pid=51733)[0m [Router ReqQueue] Req chatcmpl-2a0fd642a01d4a3198005f2fa6d9fb6e in_time: 683224.6494, out_time: 683234.8360, total wait time: 10.1867 seconds
[36m(RouterManager pid=51733)[0m [Router ReqQueue] Req chatcmpl-c5d6f2fa3afa4672b598365d6b33a43d in_time: 683224.7286, out_time: 683234.8361, total wait time: 10.1075 seconds
[36m(RouterManager pid=51733)[0m [Router ReqQueue] Req chatcmpl-916ac1e60dff4cfda4ebb77c3ad166a8 in_time: 683224.8396, out_time: 683234.8361, total wait time: 9.9965 seconds
[36m(RouterManager pid=51733)[0m [Router ReqQueue] Req chatcmpl-4e5108b51d6047529e1b01b294a2e9a8 in_time: 683225.0525, out_time: 683234.8361, total wait time: 9.7835 seconds
[36m(RouterManager pid=51733)[0m [Loongserve manager] scheduling time: 13.44 ms
[36m(RouterManager pid=51733)[0m [Loongserve manager] prefill and decoding batch scheduling results:
[36m(RouterManager pid=51733)[0m     running decode batch id: 585e325bde9c4b6aa4d254af7c621c1b, req num: 108, occupied instances: [0, 2], batch_used_tokens_sum: 268067
[36m(RouterManager pid=51733)[0m     prefill batch id: eac11cf080624e64be30d5a0e07ce2b7, req num: 17, occupied instances: [1, 3], batch_used_tokens_sum: 0
[36m(RouterManager pid=51733)[0m [Loongserve manager] running batch id: 585e325bde9c4b6aa4d254af7c621c1b, req num: 39, occupied instances: [2, 0], batch_used_tokens_sum: 67231
[36m(RouterManager pid=51733)[0m [Loongserve manager] running batch id: eac11cf080624e64be30d5a0e07ce2b7, req num: 17, occupied instances: [1], batch_used_tokens_sum: 96830
[36m(RouterManager pid=51733)[0m === RouterManager iteration 1518 ===
[36m(RouterManager pid=51733)[0m self.req_queue.waiting_req_list length: 89
[36m(RouterManager pid=51733)[0m === RouterManager iteration 1520 ===
[36m(RouterManager pid=51733)[0m self.req_queue.waiting_req_list length: 90
[36m(RouterManager pid=51733)[0m === RouterManager iteration 1522 ===
[36m(RouterManager pid=51733)[0m self.req_queue.waiting_req_list length: 90
[36m(RouterManager pid=51733)[0m === RouterManager iteration 1524 ===
[36m(RouterManager pid=51733)[0m self.req_queue.waiting_req_list length: 90
[36m(RouterManager pid=51733)[0m === RouterManager iteration 1526 ===
[36m(RouterManager pid=51733)[0m self.req_queue.waiting_req_list length: 90
[36m(RouterManager pid=51733)[0m === RouterManager iteration 1528 ===
[36m(RouterManager pid=51733)[0m self.req_queue.waiting_req_list length: 90
[36m(RouterManager pid=51733)[0m === RouterManager iteration 1530 ===
[36m(RouterManager pid=51733)[0m self.req_queue.waiting_req_list length: 91
[36m(RouterManager pid=51733)[0m === RouterManager iteration 1532 ===
[36m(RouterManager pid=51733)[0m self.req_queue.waiting_req_list length: 91
[36m(RouterManager pid=51733)[0m === RouterManager iteration 1534 ===
[36m(RouterManager pid=51733)[0m self.req_queue.waiting_req_list length: 91
[36m(RouterManager pid=51733)[0m === RouterManager iteration 1536 ===
[36m(RouterManager pid=51733)[0m self.req_queue.waiting_req_list length: 92
[36m(RouterManager pid=51733)[0m === RouterManager iteration 1538 ===
[36m(RouterManager pid=51733)[0m self.req_queue.waiting_req_list length: 92
[36m(RouterManager pid=51733)[0m [Router ReqQueue] Req chatcmpl-59f63d9c22f1447e9cb56e1f7a2ec66c in_time: 683225.5185, out_time: 683241.9307, total wait time: 16.4122 seconds
[36m(RouterManager pid=51733)[0m [Router ReqQueue] Req chatcmpl-0b1774331b6447c4aebe28d77c3cd9fd in_time: 683225.7266, out_time: 683241.9308, total wait time: 16.2042 seconds
[36m(RouterManager pid=51733)[0m [Router ReqQueue] Req chatcmpl-bb1a21e0e6b841b0bc2209932aa1e433 in_time: 683225.8210, out_time: 683241.9308, total wait time: 16.1097 seconds
[36m(RouterManager pid=51733)[0m [Router ReqQueue] Req chatcmpl-d6471017841d490e8ea8929aa6ddf5ec in_time: 683225.8262, out_time: 683241.9308, total wait time: 16.1046 seconds
[36m(RouterManager pid=51733)[0m [Router ReqQueue] Req chatcmpl-36ca98190afa4608a160000cc3d3410f in_time: 683225.8301, out_time: 683241.9308, total wait time: 16.1007 seconds
[36m(RouterManager pid=51733)[0m [Router ReqQueue] Req chatcmpl-d7ebb9b9c81e4757b4a5159bbe2fda0f in_time: 683226.3160, out_time: 683241.9308, total wait time: 15.6149 seconds
[36m(RouterManager pid=51733)[0m [Router ReqQueue] Req chatcmpl-2e4f9210bb9d42d6b0e3340f1e7b66a5 in_time: 683227.1174, out_time: 683241.9308, total wait time: 14.8134 seconds
[36m(RouterManager pid=51733)[0m [Router ReqQueue] Req chatcmpl-d575546945d14f72877c90bce855b601 in_time: 683227.1188, out_time: 683241.9308, total wait time: 14.8121 seconds
[36m(RouterManager pid=51733)[0m [Router ReqQueue] Req chatcmpl-33967ca1d1b148589aebfaf1988d921f in_time: 683227.1718, out_time: 683241.9308, total wait time: 14.7591 seconds
[36m(RouterManager pid=51733)[0m [Router ReqQueue] Req chatcmpl-b44fca3a522047d9bc5ca0d874a29fc3 in_time: 683227.2776, out_time: 683241.9308, total wait time: 14.6532 seconds
[36m(RouterManager pid=51733)[0m [Router ReqQueue] Req chatcmpl-a45a3cfd1cae4c67b7915fd91693dffc in_time: 683227.3184, out_time: 683241.9309, total wait time: 14.6125 seconds
[36m(RouterManager pid=51733)[0m [Router ReqQueue] Req chatcmpl-dd2c90c2b817433ca2dc91a1499f2c42 in_time: 683227.5192, out_time: 683241.9309, total wait time: 14.4117 seconds
[36m(RouterManager pid=51733)[0m [Router ReqQueue] Req chatcmpl-f387972cfad2480b921e69d86e44045f in_time: 683227.5697, out_time: 683241.9309, total wait time: 14.3611 seconds
[36m(RouterManager pid=51733)[0m [Router ReqQueue] Req chatcmpl-3c899669cb494ea0b9bdf82eb5b6d964 in_time: 683227.6191, out_time: 683241.9309, total wait time: 14.3117 seconds
[36m(RouterManager pid=51733)[0m [Router ReqQueue] Req chatcmpl-252c953c3f504a29bc2c95c1e64f3da9 in_time: 683227.7788, out_time: 683241.9309, total wait time: 14.1521 seconds
[36m(RouterManager pid=51733)[0m [Router ReqQueue] Req chatcmpl-b72b68d522a44134bdbcbd78bb02710b in_time: 683227.8215, out_time: 683241.9309, total wait time: 14.1094 seconds
[36m(RouterManager pid=51733)[0m [Router ReqQueue] Req chatcmpl-fbde2b53b0684d71a170b76b52122078 in_time: 683227.9872, out_time: 683241.9309, total wait time: 13.9437 seconds
[36m(RouterManager pid=51733)[0m [Router ReqQueue] Req chatcmpl-51c2e49a4d8a472d83e7032259250ee5 in_time: 683228.0070, out_time: 683241.9309, total wait time: 13.9239 seconds
[36m(RouterManager pid=51733)[0m [Router ReqQueue] Req chatcmpl-01977bf98f2b47d3b833e0a7643a3722 in_time: 683228.1960, out_time: 683241.9309, total wait time: 13.7349 seconds
[36m(RouterManager pid=51733)[0m [Router ReqQueue] Req chatcmpl-1dc101bb90a84568945d9c4fe706c3ec in_time: 683228.2050, out_time: 683241.9309, total wait time: 13.7259 seconds
[36m(RouterManager pid=51733)[0m [Router ReqQueue] Req chatcmpl-2aab85497fb94ffd96516b6e54d9d46e in_time: 683228.2910, out_time: 683241.9309, total wait time: 13.6399 seconds
[36m(RouterManager pid=51733)[0m [Router ReqQueue] Req chatcmpl-0eb49fd0f52347e6ba533bae7b7de35f in_time: 683228.5476, out_time: 683241.9310, total wait time: 13.3834 seconds
[36m(RouterManager pid=51733)[0m [Router ReqQueue] Req chatcmpl-f5d0925512c04e9cbb974c342c6045e4 in_time: 683228.8258, out_time: 683241.9310, total wait time: 13.1052 seconds
[36m(RouterManager pid=51733)[0m [Router ReqQueue] Req chatcmpl-da1407dfd8b9448a8283317b778f754b in_time: 683228.9896, out_time: 683241.9310, total wait time: 12.9414 seconds
[36m(RouterManager pid=51733)[0m [Router ReqQueue] Req chatcmpl-6b9ab91972f34ec5890958adc60709a0 in_time: 683229.1137, out_time: 683241.9310, total wait time: 12.8173 seconds
[36m(RouterManager pid=51733)[0m [Router ReqQueue] Req chatcmpl-c5dc5e4f14474e87be15dccdba064d13 in_time: 683229.2617, out_time: 683241.9310, total wait time: 12.6693 seconds
[36m(RouterManager pid=51733)[0m [Router ReqQueue] Req chatcmpl-1d46d5f566464c9f93303832b5f61e10 in_time: 683229.3006, out_time: 683241.9310, total wait time: 12.6304 seconds
[36m(RouterManager pid=51733)[0m [Router ReqQueue] Req chatcmpl-993f52d417b943b290cf0f116dcd3e09 in_time: 683229.3716, out_time: 683241.9310, total wait time: 12.5595 seconds
[36m(RouterManager pid=51733)[0m [Router ReqQueue] Req chatcmpl-68509d2896854fe5b67c2aa6d62eba56 in_time: 683235.1938, out_time: 683241.9310, total wait time: 6.7373 seconds
[36m(RouterManager pid=51733)[0m [Loongserve manager] scheduling time: 223.66 ms
[36m(RouterManager pid=51733)[0m [Loongserve manager] prefill and decoding batch scheduling results:
[36m(RouterManager pid=51733)[0m     running decode batch id: eac11cf080624e64be30d5a0e07ce2b7, req num: 56, occupied instances: [1], batch_used_tokens_sum: 164621
[36m(RouterManager pid=51733)[0m     prefill batch id: 56a91ab9bf5447f69a57686cbe379d0c, req num: 29, occupied instances: [3, 0, 2], batch_used_tokens_sum: 0
[36m(RouterManager pid=51733)[0m [Loongserve manager] running batch id: eac11cf080624e64be30d5a0e07ce2b7, req num: 14, occupied instances: [1], batch_used_tokens_sum: 40559
[36m(RouterManager pid=51733)[0m [Loongserve manager] running batch id: 56a91ab9bf5447f69a57686cbe379d0c, req num: 29, occupied instances: [3], batch_used_tokens_sum: 99938
[36m(RouterManager pid=51733)[0m === RouterManager iteration 1540 ===
[36m(RouterManager pid=51733)[0m self.req_queue.waiting_req_list length: 99
[36m(RouterManager pid=51733)[0m === RouterManager iteration 1542 ===
[36m(RouterManager pid=51733)[0m self.req_queue.waiting_req_list length: 99
[36m(RouterManager pid=51733)[0m === RouterManager iteration 1544 ===
[36m(RouterManager pid=51733)[0m self.req_queue.waiting_req_list length: 99
[36m(RouterManager pid=51733)[0m === RouterManager iteration 1546 ===
[36m(RouterManager pid=51733)[0m self.req_queue.waiting_req_list length: 99
[36m(RouterManager pid=51733)[0m === RouterManager iteration 1548 ===
[36m(RouterManager pid=51733)[0m self.req_queue.waiting_req_list length: 99
[36m(RouterManager pid=51733)[0m === RouterManager iteration 1550 ===
[36m(RouterManager pid=51733)[0m self.req_queue.waiting_req_list length: 99
[36m(RouterManager pid=51733)[0m === RouterManager iteration 1552 ===
[36m(RouterManager pid=51733)[0m self.req_queue.waiting_req_list length: 99
[36m(RouterManager pid=51733)[0m === RouterManager iteration 1554 ===
[36m(RouterManager pid=51733)[0m self.req_queue.waiting_req_list length: 99
[36m(RouterManager pid=51733)[0m === RouterManager iteration 1556 ===
[36m(RouterManager pid=51733)[0m self.req_queue.waiting_req_list length: 99
[36m(RouterManager pid=51733)[0m === RouterManager iteration 1558 ===
[36m(RouterManager pid=51733)[0m self.req_queue.waiting_req_list length: 99
[36m(RouterManager pid=51733)[0m === RouterManager iteration 1560 ===
[36m(RouterManager pid=51733)[0m self.req_queue.waiting_req_list length: 99
[36m(RouterManager pid=51733)[0m [Router ReqQueue] Req chatcmpl-e5d2a58c7829494289c44ea08cdaed0f in_time: 683229.6966, out_time: 683247.3212, total wait time: 17.6246 seconds
[36m(RouterManager pid=51733)[0m [Router ReqQueue] Req chatcmpl-63d220067cce48f0b6d3be9d43afd03a in_time: 683229.8961, out_time: 683247.3212, total wait time: 17.4252 seconds
[36m(RouterManager pid=51733)[0m [Router ReqQueue] Req chatcmpl-62bd0571fc884b37912480e0a758e6bb in_time: 683229.9732, out_time: 683247.3212, total wait time: 17.3480 seconds
[36m(RouterManager pid=51733)[0m [Router ReqQueue] Req chatcmpl-ddd43f29a119487cbf0f749c6e979a95 in_time: 683230.1243, out_time: 683247.3212, total wait time: 17.1969 seconds
[36m(RouterManager pid=51733)[0m [Router ReqQueue] Req chatcmpl-8c5cbe7b42b14b58835aabbd1db4e0d2 in_time: 683230.2284, out_time: 683247.3213, total wait time: 17.0929 seconds
[36m(RouterManager pid=51733)[0m [Router ReqQueue] Req chatcmpl-45b962dc31cb476aa76789eb5ce2621a in_time: 683230.4452, out_time: 683247.3213, total wait time: 16.8760 seconds
[36m(RouterManager pid=51733)[0m [Router ReqQueue] Req chatcmpl-b9819e9393a84319ba334a720e071e0a in_time: 683230.6570, out_time: 683247.3213, total wait time: 16.6642 seconds
[36m(RouterManager pid=51733)[0m [Router ReqQueue] Req chatcmpl-522dab18fa8d4ab08edfe8855609c0b7 in_time: 683230.7004, out_time: 683247.3213, total wait time: 16.6209 seconds
[36m(RouterManager pid=51733)[0m [Router ReqQueue] Req chatcmpl-57914b8336894b439cf0f1dc06e2382a in_time: 683231.2957, out_time: 683247.3213, total wait time: 16.0256 seconds
[36m(RouterManager pid=51733)[0m [Router ReqQueue] Req chatcmpl-da715f09b9854199b8ca88389c206f83 in_time: 683231.7236, out_time: 683247.3213, total wait time: 15.5977 seconds
[36m(RouterManager pid=51733)[0m [Router ReqQueue] Req chatcmpl-49ab674b63c645a6abb2f2c62fea581c in_time: 683232.0306, out_time: 683247.3213, total wait time: 15.2907 seconds
[36m(RouterManager pid=51733)[0m [Router ReqQueue] Req chatcmpl-aa9f68740333482a832bd3c83df154ae in_time: 683232.2744, out_time: 683247.3213, total wait time: 15.0469 seconds
[36m(RouterManager pid=51733)[0m [Router ReqQueue] Req chatcmpl-4d65b87c61e5460abff3720f94dac2fc in_time: 683232.3431, out_time: 683247.3213, total wait time: 14.9782 seconds
[36m(RouterManager pid=51733)[0m [Router ReqQueue] Req chatcmpl-40e5c073a16c47a4a5906bc696faecce in_time: 683232.5923, out_time: 683247.3213, total wait time: 14.7290 seconds
[36m(RouterManager pid=51733)[0m [Router ReqQueue] Req chatcmpl-a5866d8765874d3588c66e5963fe26aa in_time: 683233.2452, out_time: 683247.3213, total wait time: 14.0761 seconds
[36m(RouterManager pid=51733)[0m [Router ReqQueue] Req chatcmpl-da99c667e2ec4edda36cb9087e3d62f5 in_time: 683233.4557, out_time: 683247.3214, total wait time: 13.8657 seconds
[36m(RouterManager pid=51733)[0m [Router ReqQueue] Req chatcmpl-210d67aa26034ce6950eb0ff96f67f83 in_time: 683233.5920, out_time: 683247.3214, total wait time: 13.7294 seconds
[36m(RouterManager pid=51733)[0m [Router ReqQueue] Req chatcmpl-1baa4fe16037474e934749c4a5421bc7 in_time: 683233.8148, out_time: 683247.3214, total wait time: 13.5066 seconds
[36m(RouterManager pid=51733)[0m [Router ReqQueue] Req chatcmpl-743d857437574ca88ed9ff54518fd5f4 in_time: 683233.8290, out_time: 683247.3214, total wait time: 13.4924 seconds
[36m(RouterManager pid=51733)[0m [Router ReqQueue] Req chatcmpl-459de6e70ced4cfda5fc104110e3dc0d in_time: 683233.8555, out_time: 683247.3214, total wait time: 13.4658 seconds
[36m(RouterManager pid=51733)[0m [Router ReqQueue] Req chatcmpl-9b281275536040e383ffd2ec26b14023 in_time: 683234.3207, out_time: 683247.3214, total wait time: 13.0007 seconds
[36m(RouterManager pid=51733)[0m [Router ReqQueue] Req chatcmpl-49643232ff1142cb9c34d3826c6d256c in_time: 683234.4063, out_time: 683247.3214, total wait time: 12.9151 seconds
[36m(RouterManager pid=51733)[0m [Router ReqQueue] Req chatcmpl-342e82429d2642998d1ae0bb3b976594 in_time: 683234.4228, out_time: 683247.3214, total wait time: 12.8986 seconds
[36m(RouterManager pid=51733)[0m [Router ReqQueue] Req chatcmpl-b9233a1f26ff4ac0960c0f02e5d9af61 in_time: 683234.6218, out_time: 683247.3214, total wait time: 12.6997 seconds
[36m(RouterManager pid=51733)[0m [Router ReqQueue] Req chatcmpl-0110a47bd2404047ab98a0d2c81ef975 in_time: 683234.7700, out_time: 683247.3215, total wait time: 12.5514 seconds
[36m(RouterManager pid=51733)[0m [Router ReqQueue] Req chatcmpl-9f16e1a57d1749189a25bf3eb6276d40 in_time: 683234.8372, out_time: 683247.3215, total wait time: 12.4843 seconds
[36m(RouterManager pid=51733)[0m [Router ReqQueue] Req chatcmpl-550b922944fe4bac991ed074f8d77c92 in_time: 683234.8411, out_time: 683247.3215, total wait time: 12.4804 seconds
[36m(RouterManager pid=51733)[0m [Router ReqQueue] Req chatcmpl-433c3d724e124a5785cc74a941b91cc8 in_time: 683234.8986, out_time: 683247.3215, total wait time: 12.4229 seconds
[36m(RouterManager pid=51733)[0m [Router ReqQueue] Req chatcmpl-bfddb951eeb34802bb7b863d99a72dff in_time: 683235.4292, out_time: 683247.3215, total wait time: 11.8922 seconds
[36m(RouterManager pid=51733)[0m [Router ReqQueue] Req chatcmpl-d343b1772d3b4f7ebfc4a5a13e95c309 in_time: 683235.4403, out_time: 683247.3215, total wait time: 11.8812 seconds
[36m(RouterManager pid=51733)[0m [Router ReqQueue] Req chatcmpl-7e6c8032439f48a19555136694c84c05 in_time: 683235.5308, out_time: 683247.3215, total wait time: 11.7907 seconds
[36m(RouterManager pid=51733)[0m [Router ReqQueue] Req chatcmpl-9372332f126541f484cd807cf913ec6a in_time: 683236.2487, out_time: 683247.3215, total wait time: 11.0728 seconds
[36m(RouterManager pid=51733)[0m [Loongserve manager] scheduling time: 75.80 ms
[36m(RouterManager pid=51733)[0m [Loongserve manager] prefill and decoding batch scheduling results:
[36m(RouterManager pid=51733)[0m     running decode batch id: 56a91ab9bf5447f69a57686cbe379d0c, req num: 43, occupied instances: [3], batch_used_tokens_sum: 140927
[36m(RouterManager pid=51733)[0m     prefill batch id: d311593c37dd405fb7db88e230472839, req num: 32, occupied instances: [0, 2, 1], batch_used_tokens_sum: 0
[36m(RouterManager pid=51733)[0m [Loongserve manager] running batch id: 56a91ab9bf5447f69a57686cbe379d0c, req num: 27, occupied instances: [3], batch_used_tokens_sum: 64373
[36m(RouterManager pid=51733)[0m [Loongserve manager] running batch id: d311593c37dd405fb7db88e230472839, req num: 32, occupied instances: [0], batch_used_tokens_sum: 99984
[36m(RouterManager pid=51733)[0m === RouterManager iteration 1562 ===
[36m(RouterManager pid=51733)[0m self.req_queue.waiting_req_list length: 89
[36m(RouterManager pid=51733)[0m === RouterManager iteration 1564 ===
[36m(RouterManager pid=51733)[0m self.req_queue.waiting_req_list length: 91
[36m(RouterManager pid=51733)[0m === RouterManager iteration 1566 ===
[36m(RouterManager pid=51733)[0m self.req_queue.waiting_req_list length: 91
[36m(RouterManager pid=51733)[0m === RouterManager iteration 1568 ===
[36m(RouterManager pid=51733)[0m self.req_queue.waiting_req_list length: 91
[36m(RouterManager pid=51733)[0m === RouterManager iteration 1570 ===
[36m(RouterManager pid=51733)[0m self.req_queue.waiting_req_list length: 92
[36m(RouterManager pid=51733)[0m === RouterManager iteration 1572 ===
[36m(RouterManager pid=51733)[0m self.req_queue.waiting_req_list length: 92
[36m(RouterManager pid=51733)[0m === RouterManager iteration 1574 ===
[36m(RouterManager pid=51733)[0m self.req_queue.waiting_req_list length: 93
[36m(RouterManager pid=51733)[0m === RouterManager iteration 1576 ===
[36m(RouterManager pid=51733)[0m self.req_queue.waiting_req_list length: 93
[36m(RouterManager pid=51733)[0m === RouterManager iteration 1578 ===
[36m(RouterManager pid=51733)[0m self.req_queue.waiting_req_list length: 93
[36m(RouterManager pid=51733)[0m === RouterManager iteration 1580 ===
[36m(RouterManager pid=51733)[0m self.req_queue.waiting_req_list length: 95
[36m(RouterManager pid=51733)[0m === RouterManager iteration 1582 ===
[36m(RouterManager pid=51733)[0m self.req_queue.waiting_req_list length: 95
[36m(RouterManager pid=51733)[0m [Router ReqQueue] Req chatcmpl-db60b0e01b0540c294bcf035e114c6e5 in_time: 683236.2575, out_time: 683252.3941, total wait time: 16.1366 seconds
[36m(RouterManager pid=51733)[0m [Router ReqQueue] Req chatcmpl-113eaf020a9d47afae6e8c87fb36db64 in_time: 683236.3238, out_time: 683252.3941, total wait time: 16.0703 seconds
[36m(RouterManager pid=51733)[0m [Router ReqQueue] Req chatcmpl-e1de00c28a1f45a8ab0238d50bb1e3c2 in_time: 683236.6765, out_time: 683252.3941, total wait time: 15.7176 seconds
[36m(RouterManager pid=51733)[0m [Router ReqQueue] Req chatcmpl-a7455dd622e540bdb66fc2e05bcc985a in_time: 683236.9277, out_time: 683252.3941, total wait time: 15.4664 seconds
[36m(RouterManager pid=51733)[0m [Router ReqQueue] Req chatcmpl-3ef4853f633d42f4a103fdba1671124a in_time: 683236.9849, out_time: 683252.3942, total wait time: 15.4093 seconds
[36m(RouterManager pid=51733)[0m [Router ReqQueue] Req chatcmpl-09c3c7cb3dc3476dadb12728d90ca6a1 in_time: 683237.2188, out_time: 683252.3942, total wait time: 15.1754 seconds
[36m(RouterManager pid=51733)[0m [Router ReqQueue] Req chatcmpl-e7150e12b0ae479590a2403c1ec8fc75 in_time: 683237.2684, out_time: 683252.3942, total wait time: 15.1258 seconds
[36m(RouterManager pid=51733)[0m [Router ReqQueue] Req chatcmpl-f1680af2e8fc495c9a1e20bb176dabd4 in_time: 683237.2988, out_time: 683252.3942, total wait time: 15.0953 seconds
[36m(RouterManager pid=51733)[0m [Router ReqQueue] Req chatcmpl-53fa30c7fb6a41f9821b8511cbf5eb0a in_time: 683237.3621, out_time: 683252.3942, total wait time: 15.0321 seconds
[36m(RouterManager pid=51733)[0m [Router ReqQueue] Req chatcmpl-4102f75b19a346f6b907735d06e39fb2 in_time: 683237.7428, out_time: 683252.3942, total wait time: 14.6514 seconds
[36m(RouterManager pid=51733)[0m [Router ReqQueue] Req chatcmpl-58416f966096469ba98d00c079679b21 in_time: 683237.9436, out_time: 683252.3942, total wait time: 14.4506 seconds
[36m(RouterManager pid=51733)[0m [Router ReqQueue] Req chatcmpl-dfd0e0e37eee4593bb30118a74d671fd in_time: 683238.0738, out_time: 683252.3942, total wait time: 14.3205 seconds
[36m(RouterManager pid=51733)[0m [Router ReqQueue] Req chatcmpl-23a6ed0c93b04ebb9e3a7408e84fb2e8 in_time: 683238.3896, out_time: 683252.3942, total wait time: 14.0047 seconds
[36m(RouterManager pid=51733)[0m [Router ReqQueue] Req chatcmpl-b079f783f80d4e6ca2caf1ca0288c53d in_time: 683238.5220, out_time: 683252.3943, total wait time: 13.8722 seconds
[36m(RouterManager pid=51733)[0m [Router ReqQueue] Req chatcmpl-51f5d2f7bbba4f278c3504f592f9423f in_time: 683238.6967, out_time: 683252.3943, total wait time: 13.6975 seconds
[36m(RouterManager pid=51733)[0m [Router ReqQueue] Req chatcmpl-97ab6f9dda3944bdadde1f33350d9ada in_time: 683238.6977, out_time: 683252.3943, total wait time: 13.6966 seconds
[36m(RouterManager pid=51733)[0m [Router ReqQueue] Req chatcmpl-6e97bb40bfc549a5a41439e451badd58 in_time: 683238.9244, out_time: 683252.3943, total wait time: 13.4699 seconds
[36m(RouterManager pid=51733)[0m [Router ReqQueue] Req chatcmpl-daca9073eb0a4615b5aed72d8e529994 in_time: 683239.0517, out_time: 683252.3943, total wait time: 13.3426 seconds
[36m(RouterManager pid=51733)[0m [Router ReqQueue] Req chatcmpl-a3729cff74e14b56ba5694da6dd7f2cc in_time: 683239.1124, out_time: 683252.3943, total wait time: 13.2819 seconds
[36m(RouterManager pid=51733)[0m [Router ReqQueue] Req chatcmpl-eba1a26317814298ba1d8584959cccc4 in_time: 683239.1822, out_time: 683252.3943, total wait time: 13.2121 seconds
[36m(RouterManager pid=51733)[0m [Router ReqQueue] Req chatcmpl-3b2370f277a84dedb8914a0f4e7a41fc in_time: 683239.3047, out_time: 683252.3943, total wait time: 13.0896 seconds
[36m(RouterManager pid=51733)[0m [Router ReqQueue] Req chatcmpl-7e3b08d57b334f3287e52f40048e5076 in_time: 683239.5961, out_time: 683252.3943, total wait time: 12.7983 seconds
[36m(RouterManager pid=51733)[0m [Router ReqQueue] Req chatcmpl-ea0dc309f9214a6ca413f5839404d442 in_time: 683239.7846, out_time: 683252.3943, total wait time: 12.6098 seconds
[36m(RouterManager pid=51733)[0m [Router ReqQueue] Req chatcmpl-ba4ceccd9f144a4b85c0b6c4f94dd678 in_time: 683240.1507, out_time: 683252.3943, total wait time: 12.2437 seconds
[36m(RouterManager pid=51733)[0m [Router ReqQueue] Req chatcmpl-3a231d2d46f04de797604fa40b5d11d3 in_time: 683240.4298, out_time: 683252.3944, total wait time: 11.9645 seconds
[36m(RouterManager pid=51733)[0m [Router ReqQueue] Req chatcmpl-061b1c6c7f51487190ff46151ce7f067 in_time: 683240.5798, out_time: 683252.3944, total wait time: 11.8146 seconds
[36m(RouterManager pid=51733)[0m [Router ReqQueue] Req chatcmpl-e6d6453a33b8410ab6c52edc61ed9636 in_time: 683241.2209, out_time: 683252.3944, total wait time: 11.1735 seconds
[36m(RouterManager pid=51733)[0m [Router ReqQueue] Req chatcmpl-76d7eef70539458c806e60d16b0e7327 in_time: 683241.2324, out_time: 683252.3944, total wait time: 11.1619 seconds
[36m(RouterManager pid=51733)[0m [Router ReqQueue] Req chatcmpl-72ebd84bc4614979be243e565e2280a8 in_time: 683241.6079, out_time: 683252.3944, total wait time: 10.7865 seconds
[36m(RouterManager pid=51733)[0m [Router ReqQueue] Req chatcmpl-2105f1d0fb25426ca25f48ebfe7221b7 in_time: 683241.7714, out_time: 683252.3944, total wait time: 10.6230 seconds
[36m(RouterManager pid=51733)[0m [Router ReqQueue] Req chatcmpl-0cb7d9bbea2b43dfbb89f4b09adf866d in_time: 683241.8784, out_time: 683252.3944, total wait time: 10.5160 seconds
[36m(RouterManager pid=51733)[0m [Router ReqQueue] Req chatcmpl-37521480262b434a9a64df244fb53dcf in_time: 683241.9706, out_time: 683252.3944, total wait time: 10.4239 seconds
[36m(RouterManager pid=51733)[0m [Router ReqQueue] Req chatcmpl-5f1b5b35761e4d5bb8c542c1d83573a4 in_time: 683242.1378, out_time: 683252.3944, total wait time: 10.2566 seconds
[36m(RouterManager pid=51733)[0m [Router ReqQueue] Req chatcmpl-3734a265580c4ac180aded70a98743e7 in_time: 683242.1765, out_time: 683252.3944, total wait time: 10.2179 seconds
[36m(RouterManager pid=51733)[0m [Router ReqQueue] Req chatcmpl-c27527ce444d40829af7bd7ae9e1f460 in_time: 683242.2452, out_time: 683252.3944, total wait time: 10.1492 seconds
[36m(RouterManager pid=51733)[0m [Router ReqQueue] Req chatcmpl-d61b420bb7ed4bb9aad24f75ffb9d424 in_time: 683242.5984, out_time: 683252.3945, total wait time: 9.7961 seconds
[36m(RouterManager pid=51733)[0m [Router ReqQueue] Req chatcmpl-73b51ac52e934a85836f3c49cbbab9aa in_time: 683242.7747, out_time: 683252.3945, total wait time: 9.6198 seconds
[36m(RouterManager pid=51733)[0m [Router ReqQueue] Req chatcmpl-01d04409c89a4b46ba0ce988c4a8839f in_time: 683242.7765, out_time: 683252.3945, total wait time: 9.6179 seconds
[36m(RouterManager pid=51733)[0m [Loongserve manager] scheduling time: 212.16 ms
[36m(RouterManager pid=51733)[0m [Loongserve manager] prefill and decoding batch scheduling results:
[36m(RouterManager pid=51733)[0m     running decode batch id: d311593c37dd405fb7db88e230472839, req num: 59, occupied instances: [0], batch_used_tokens_sum: 164947
[36m(RouterManager pid=51733)[0m     prefill batch id: 23e2428279574e69a77a6577dd8cb98d, req num: 38, occupied instances: [1, 2, 3], batch_used_tokens_sum: 0
[36m(RouterManager pid=51733)[0m [Loongserve manager] running batch id: d311593c37dd405fb7db88e230472839, req num: 35, occupied instances: [0], batch_used_tokens_sum: 118335
[36m(RouterManager pid=51733)[0m [Loongserve manager] running batch id: 23e2428279574e69a77a6577dd8cb98d, req num: 38, occupied instances: [1], batch_used_tokens_sum: 99578
[36m(RouterManager pid=51733)[0m === RouterManager iteration 1584 ===
[36m(RouterManager pid=51733)[0m self.req_queue.waiting_req_list length: 82
[36m(RouterManager pid=51733)[0m === RouterManager iteration 1586 ===
[36m(RouterManager pid=51733)[0m self.req_queue.waiting_req_list length: 82
[36m(RouterManager pid=51733)[0m === RouterManager iteration 1588 ===
[36m(RouterManager pid=51733)[0m self.req_queue.waiting_req_list length: 82
[36m(RouterManager pid=51733)[0m === RouterManager iteration 1590 ===
[36m(RouterManager pid=51733)[0m self.req_queue.waiting_req_list length: 82
[36m(RouterManager pid=51733)[0m === RouterManager iteration 1592 ===
[36m(RouterManager pid=51733)[0m self.req_queue.waiting_req_list length: 82
[36m(RouterManager pid=51733)[0m === RouterManager iteration 1594 ===
[36m(RouterManager pid=51733)[0m self.req_queue.waiting_req_list length: 83
[36m(RouterManager pid=51733)[0m === RouterManager iteration 1596 ===
[36m(RouterManager pid=51733)[0m self.req_queue.waiting_req_list length: 83
[36m(RouterManager pid=51733)[0m === RouterManager iteration 1598 ===
[36m(RouterManager pid=51733)[0m self.req_queue.waiting_req_list length: 83
[36m(RouterManager pid=51733)[0m === RouterManager iteration 1600 ===
[36m(RouterManager pid=51733)[0m self.req_queue.waiting_req_list length: 83
[36m(RouterManager pid=51733)[0m === RouterManager iteration 1602 ===
[36m(RouterManager pid=51733)[0m self.req_queue.waiting_req_list length: 84
[36m(RouterManager pid=51733)[0m === RouterManager iteration 1604 ===
[36m(RouterManager pid=51733)[0m self.req_queue.waiting_req_list length: 85
[36m(RouterManager pid=51733)[0m [Router ReqQueue] Req chatcmpl-16d2e2be93a1484e8fce627d68fe8379 in_time: 683242.7723, out_time: 683257.6184, total wait time: 14.8461 seconds
[36m(RouterManager pid=51733)[0m [Router ReqQueue] Req chatcmpl-330f8a0b74a64d99afd0c47e18fd220e in_time: 683243.0275, out_time: 683257.6185, total wait time: 14.5910 seconds
[36m(RouterManager pid=51733)[0m [Router ReqQueue] Req chatcmpl-f8ce29cd0b68492b886a7203940a77b2 in_time: 683243.2022, out_time: 683257.6185, total wait time: 14.4163 seconds
[36m(RouterManager pid=51733)[0m [Router ReqQueue] Req chatcmpl-3423a98c72fb4ad1b42986448d3a881a in_time: 683243.2982, out_time: 683257.6185, total wait time: 14.3203 seconds
[36m(RouterManager pid=51733)[0m [Router ReqQueue] Req chatcmpl-98ea0eb17627463abc5977776173bfc8 in_time: 683243.2990, out_time: 683257.6185, total wait time: 14.3195 seconds
[36m(RouterManager pid=51733)[0m [Router ReqQueue] Req chatcmpl-1e06d4341c1a47e7a18cea0b0c14efde in_time: 683243.8905, out_time: 683257.6185, total wait time: 13.7280 seconds
[36m(RouterManager pid=51733)[0m [Router ReqQueue] Req chatcmpl-272f52d9b9624c92bad0903e54532e3a in_time: 683243.9438, out_time: 683257.6185, total wait time: 13.6747 seconds
[36m(RouterManager pid=51733)[0m [Router ReqQueue] Req chatcmpl-3a6ae1f7d5334798aa1d9be100981cbf in_time: 683244.0366, out_time: 683257.6185, total wait time: 13.5819 seconds
[36m(RouterManager pid=51733)[0m [Router ReqQueue] Req chatcmpl-41a92f42cfc042f0913e95c230b0d3a4 in_time: 683244.0673, out_time: 683257.6185, total wait time: 13.5512 seconds
[36m(RouterManager pid=51733)[0m [Router ReqQueue] Req chatcmpl-06eab3a7e1b44f56acece11c6e5bd8ad in_time: 683244.0797, out_time: 683257.6185, total wait time: 13.5388 seconds
[36m(RouterManager pid=51733)[0m [Router ReqQueue] Req chatcmpl-1866aa533c0449229fb1cda0942f71c2 in_time: 683244.2949, out_time: 683257.6185, total wait time: 13.3237 seconds
[36m(RouterManager pid=51733)[0m [Router ReqQueue] Req chatcmpl-f807b3f27672474ba007d1b101bc3565 in_time: 683244.5942, out_time: 683257.6186, total wait time: 13.0244 seconds
[36m(RouterManager pid=51733)[0m [Router ReqQueue] Req chatcmpl-717dc759ed0742e186834a75c1941c9e in_time: 683244.6247, out_time: 683257.6186, total wait time: 12.9939 seconds
[36m(RouterManager pid=51733)[0m [Router ReqQueue] Req chatcmpl-e748b8a71d9b4e5bb20d86539417408d in_time: 683244.9006, out_time: 683257.6186, total wait time: 12.7180 seconds
[36m(RouterManager pid=51733)[0m [Router ReqQueue] Req chatcmpl-f65b843c277f46f292f4795b8696065d in_time: 683244.9345, out_time: 683257.6186, total wait time: 12.6841 seconds
[36m(RouterManager pid=51733)[0m [Router ReqQueue] Req chatcmpl-97eb9694f7414be39dbb89d7c7f52e88 in_time: 683244.9672, out_time: 683257.6186, total wait time: 12.6514 seconds
[36m(RouterManager pid=51733)[0m [Router ReqQueue] Req chatcmpl-d5dc1063e91e4532b5e9375512432180 in_time: 683245.0404, out_time: 683257.6186, total wait time: 12.5782 seconds
[36m(RouterManager pid=51733)[0m [Router ReqQueue] Req chatcmpl-ef8aa23257bf40f0a494b0b2239bbe62 in_time: 683245.3894, out_time: 683257.6186, total wait time: 12.2293 seconds
[36m(RouterManager pid=51733)[0m [Router ReqQueue] Req chatcmpl-a1ae0950a9f741abbcde300dbfe57005 in_time: 683245.5342, out_time: 683257.6186, total wait time: 12.0844 seconds
[36m(RouterManager pid=51733)[0m [Router ReqQueue] Req chatcmpl-379e97b1b3d642e3a96c7a5d2cbf1d30 in_time: 683245.6178, out_time: 683257.6187, total wait time: 12.0008 seconds
[36m(RouterManager pid=51733)[0m [Router ReqQueue] Req chatcmpl-17097f7cc71942cab22101136295ff2f in_time: 683245.6318, out_time: 683257.6187, total wait time: 11.9868 seconds
[36m(RouterManager pid=51733)[0m [Router ReqQueue] Req chatcmpl-1bc3e1fb26ba42c7b502726a670d56a8 in_time: 683245.6671, out_time: 683257.6187, total wait time: 11.9516 seconds
[36m(RouterManager pid=51733)[0m [Router ReqQueue] Req chatcmpl-7b2a763b04164e95936c2da9576d7160 in_time: 683245.8534, out_time: 683257.6187, total wait time: 11.7653 seconds
[36m(RouterManager pid=51733)[0m [Router ReqQueue] Req chatcmpl-e7e87eddeb0b4bce99de35a0210bc4e5 in_time: 683245.8690, out_time: 683257.6187, total wait time: 11.7496 seconds
[36m(RouterManager pid=51733)[0m [Router ReqQueue] Req chatcmpl-ff6cae9e27614211a612a42a447e550f in_time: 683246.0294, out_time: 683257.6187, total wait time: 11.5893 seconds
[36m(RouterManager pid=51733)[0m [Router ReqQueue] Req chatcmpl-07ce9aac851441beb7ef896eb2f3661d in_time: 683246.1986, out_time: 683257.6187, total wait time: 11.4201 seconds
[36m(RouterManager pid=51733)[0m [Router ReqQueue] Req chatcmpl-5da879a8cb8d42b38594df6ae44ad27f in_time: 683246.2432, out_time: 683257.6187, total wait time: 11.3755 seconds
[36m(RouterManager pid=51733)[0m [Router ReqQueue] Req chatcmpl-d1ecdc40245940a692717cf0ec8c7d7b in_time: 683246.2610, out_time: 683257.6187, total wait time: 11.3577 seconds
[36m(RouterManager pid=51733)[0m [Router ReqQueue] Req chatcmpl-ecf0946286194bcea872ff95144a26c9 in_time: 683246.3984, out_time: 683257.6187, total wait time: 11.2204 seconds
[36m(RouterManager pid=51733)[0m [Router ReqQueue] Req chatcmpl-71d6dd66a6284de1b4a7d4197438617c in_time: 683247.4759, out_time: 683257.6187, total wait time: 10.1428 seconds
[36m(RouterManager pid=51733)[0m [Router ReqQueue] Req chatcmpl-7ca8974e70e743139f678734598d97e9 in_time: 683247.6083, out_time: 683257.6188, total wait time: 10.0105 seconds
[36m(RouterManager pid=51733)[0m [Router ReqQueue] Req chatcmpl-e2123fb31e80406f8c92f60f04d9b3d8 in_time: 683247.7586, out_time: 683257.6188, total wait time: 9.8602 seconds
[36m(RouterManager pid=51733)[0m [Router ReqQueue] Req chatcmpl-7c82e2a9aab8400aa0960c0af60e01aa in_time: 683247.7610, out_time: 683257.6188, total wait time: 9.8577 seconds
[36m(RouterManager pid=51733)[0m [Router ReqQueue] Req chatcmpl-9514d9dee6aa48e6b14820cf96259aa6 in_time: 683247.7627, out_time: 683257.6188, total wait time: 9.8560 seconds
[36m(RouterManager pid=51733)[0m [Router ReqQueue] Req chatcmpl-64225438ea814fdaaee6167bfd08a3b5 in_time: 683247.8795, out_time: 683257.6188, total wait time: 9.7393 seconds
[36m(RouterManager pid=51733)[0m [Router ReqQueue] Req chatcmpl-1481726ef4744d4983f5d3e10aeeceff in_time: 683248.5266, out_time: 683257.6188, total wait time: 9.0922 seconds
[36m(RouterManager pid=51733)[0m [Router ReqQueue] Req chatcmpl-67c2c43e6e49435587e3f2c3c097f28f in_time: 683248.5537, out_time: 683257.6188, total wait time: 9.0651 seconds
[36m(RouterManager pid=51733)[0m [Router ReqQueue] Req chatcmpl-6f374077a951431aaae5be8c3339e90a in_time: 683248.8033, out_time: 683257.6188, total wait time: 8.8155 seconds
[36m(RouterManager pid=51733)[0m [Router ReqQueue] Req chatcmpl-1565cd7fdeb34bd8a9bf29f874211f90 in_time: 683248.8829, out_time: 683257.6188, total wait time: 8.7359 seconds
[36m(RouterManager pid=51733)[0m [Router ReqQueue] Req chatcmpl-a4b529fddb024555ba14a52b446c4972 in_time: 683248.9698, out_time: 683257.6188, total wait time: 8.6490 seconds
[36m(RouterManager pid=51733)[0m [Loongserve manager] scheduling time: 317.68 ms
[36m(RouterManager pid=51733)[0m [Loongserve manager] prefill and decoding batch scheduling results:
[36m(RouterManager pid=51733)[0m     running decode batch id: d311593c37dd405fb7db88e230472839, req num: 73, occupied instances: [0], batch_used_tokens_sum: 218643
[36m(RouterManager pid=51733)[0m     prefill batch id: 1ac8c6347a3b4e37ac5c9927108ac957, req num: 40, occupied instances: [2, 3, 1], batch_used_tokens_sum: 0
[36m(RouterManager pid=51733)[0m [Loongserve manager] running batch id: d311593c37dd405fb7db88e230472839, req num: 68, occupied instances: [0], batch_used_tokens_sum: 168864
[36m(RouterManager pid=51733)[0m [Loongserve manager] running batch id: 1ac8c6347a3b4e37ac5c9927108ac957, req num: 40, occupied instances: [2], batch_used_tokens_sum: 94754
[36m(RouterManager pid=51733)[0m === RouterManager iteration 1606 ===
[36m(RouterManager pid=51733)[0m self.req_queue.waiting_req_list length: 74
[36m(RouterManager pid=51733)[0m === RouterManager iteration 1608 ===
[36m(RouterManager pid=51733)[0m self.req_queue.waiting_req_list length: 74
[36m(RouterManager pid=51733)[0m === RouterManager iteration 1610 ===
[36m(RouterManager pid=51733)[0m self.req_queue.waiting_req_list length: 76
[36m(RouterManager pid=51733)[0m === RouterManager iteration 1612 ===
[36m(RouterManager pid=51733)[0m self.req_queue.waiting_req_list length: 77
[36m(RouterManager pid=51733)[0m === RouterManager iteration 1614 ===
[36m(RouterManager pid=51733)[0m self.req_queue.waiting_req_list length: 77
[36m(RouterManager pid=51733)[0m === RouterManager iteration 1616 ===
[36m(RouterManager pid=51733)[0m self.req_queue.waiting_req_list length: 77
[36m(RouterManager pid=51733)[0m === RouterManager iteration 1618 ===
[36m(RouterManager pid=51733)[0m self.req_queue.waiting_req_list length: 78
[36m(RouterManager pid=51733)[0m === RouterManager iteration 1620 ===
[36m(RouterManager pid=51733)[0m self.req_queue.waiting_req_list length: 78
[36m(RouterManager pid=51733)[0m === RouterManager iteration 1622 ===
[36m(RouterManager pid=51733)[0m self.req_queue.waiting_req_list length: 78
[36m(RouterManager pid=51733)[0m === RouterManager iteration 1624 ===
[36m(RouterManager pid=51733)[0m self.req_queue.waiting_req_list length: 78
[36m(RouterManager pid=51733)[0m === RouterManager iteration 1626 ===
[36m(RouterManager pid=51733)[0m self.req_queue.waiting_req_list length: 78
[36m(RouterManager pid=51733)[0m [Router ReqQueue] Req chatcmpl-dfd817ed98f7480cae11afa27b363431 in_time: 683249.0749, out_time: 683262.9028, total wait time: 13.8278 seconds
[36m(RouterManager pid=51733)[0m [Router ReqQueue] Req chatcmpl-5052a4d84ea740aaa3c76f35979aa0e9 in_time: 683249.6318, out_time: 683262.9028, total wait time: 13.2710 seconds
[36m(RouterManager pid=51733)[0m [Router ReqQueue] Req chatcmpl-7b780379ea104c47b024e80461fcb065 in_time: 683249.7542, out_time: 683262.9028, total wait time: 13.1486 seconds
[36m(RouterManager pid=51733)[0m [Router ReqQueue] Req chatcmpl-4863cb3d86744c44baa1c79547984a6c in_time: 683249.8391, out_time: 683262.9028, total wait time: 13.0637 seconds
[36m(RouterManager pid=51733)[0m [Router ReqQueue] Req chatcmpl-4e87d4385a824dd5bd0bdfb1dd72c411 in_time: 683250.0060, out_time: 683262.9028, total wait time: 12.8969 seconds
[36m(RouterManager pid=51733)[0m [Router ReqQueue] Req chatcmpl-8c068cbb8eac483f9be8cc8633602815 in_time: 683250.1936, out_time: 683262.9028, total wait time: 12.7093 seconds
[36m(RouterManager pid=51733)[0m [Router ReqQueue] Req chatcmpl-16874119f76b486893dd537d0659052f in_time: 683250.4118, out_time: 683262.9029, total wait time: 12.4911 seconds
[36m(RouterManager pid=51733)[0m [Router ReqQueue] Req chatcmpl-ed041b24cc0240409f1b9c4f20cb507f in_time: 683250.7870, out_time: 683262.9029, total wait time: 12.1158 seconds
[36m(RouterManager pid=51733)[0m [Router ReqQueue] Req chatcmpl-6fd89af497724fd1946d929fa995c5e8 in_time: 683250.8121, out_time: 683262.9029, total wait time: 12.0907 seconds
[36m(RouterManager pid=51733)[0m [Router ReqQueue] Req chatcmpl-bae7bac4081e42778e85c817d6845d8d in_time: 683251.6022, out_time: 683262.9029, total wait time: 11.3006 seconds
[36m(RouterManager pid=51733)[0m [Router ReqQueue] Req chatcmpl-21200d686a014b45970d6dc6c820514d in_time: 683251.8759, out_time: 683262.9029, total wait time: 11.0269 seconds
[36m(RouterManager pid=51733)[0m [Router ReqQueue] Req chatcmpl-5031705ab7954e1cb04c1a502e2c8e41 in_time: 683252.0366, out_time: 683262.9029, total wait time: 10.8663 seconds
[36m(RouterManager pid=51733)[0m [Router ReqQueue] Req chatcmpl-5a0dabebe37549db865d7e173ac3fab3 in_time: 683252.0389, out_time: 683262.9029, total wait time: 10.8640 seconds
[36m(RouterManager pid=51733)[0m [Router ReqQueue] Req chatcmpl-31a1a9fa90d549c0b4b0b1fd2e4f1c20 in_time: 683252.1614, out_time: 683262.9029, total wait time: 10.7415 seconds
[36m(RouterManager pid=51733)[0m [Router ReqQueue] Req chatcmpl-8e97442719cb44df9828514efce04d1b in_time: 683252.2036, out_time: 683262.9029, total wait time: 10.6993 seconds
[36m(RouterManager pid=51733)[0m [Router ReqQueue] Req chatcmpl-a857b0cd6eb04e4693153b6571b4e48f in_time: 683252.3165, out_time: 683262.9029, total wait time: 10.5864 seconds
[36m(RouterManager pid=51733)[0m [Router ReqQueue] Req chatcmpl-9c34fb74373845c68a12b69543c1f5ce in_time: 683252.3233, out_time: 683262.9029, total wait time: 10.5797 seconds
[36m(RouterManager pid=51733)[0m [Router ReqQueue] Req chatcmpl-6bcd2a32f69342eb920813fcf46b2735 in_time: 683252.4427, out_time: 683262.9030, total wait time: 10.4603 seconds
[36m(RouterManager pid=51733)[0m [Router ReqQueue] Req chatcmpl-65c5e11071d6460bbb1ace9bb05f1e4a in_time: 683252.6035, out_time: 683262.9030, total wait time: 10.2995 seconds
[36m(RouterManager pid=51733)[0m [Router ReqQueue] Req chatcmpl-b85726b7a0a444858bee95e87b127bb8 in_time: 683252.7186, out_time: 683262.9030, total wait time: 10.1844 seconds
[36m(RouterManager pid=51733)[0m [Router ReqQueue] Req chatcmpl-a8601e6b9ea94bfb91ffee13df0dad9e in_time: 683253.0857, out_time: 683262.9030, total wait time: 9.8173 seconds
[36m(RouterManager pid=51733)[0m [Router ReqQueue] Req chatcmpl-e56b14559d4545a49bf18b2e69dba8fd in_time: 683253.3141, out_time: 683262.9030, total wait time: 9.5888 seconds
[36m(RouterManager pid=51733)[0m [Router ReqQueue] Req chatcmpl-a8acee39efb24dc19799ff1651aa4c2c in_time: 683254.0840, out_time: 683262.9030, total wait time: 8.8190 seconds
[36m(RouterManager pid=51733)[0m [Router ReqQueue] Req chatcmpl-c80b8db6be444102b94e896c20227ac2 in_time: 683254.2771, out_time: 683262.9030, total wait time: 8.6259 seconds
[36m(RouterManager pid=51733)[0m [Router ReqQueue] Req chatcmpl-dfa14294f9c74b36a466cee452874325 in_time: 683254.3897, out_time: 683262.9030, total wait time: 8.5133 seconds
[36m(RouterManager pid=51733)[0m [Router ReqQueue] Req chatcmpl-3b61eb87abac4c3a98a641fab5931690 in_time: 683254.4086, out_time: 683262.9030, total wait time: 8.4945 seconds
[36m(RouterManager pid=51733)[0m [Router ReqQueue] Req chatcmpl-2ef382bb46334f82ac97571d5da285e1 in_time: 683254.6277, out_time: 683262.9031, total wait time: 8.2753 seconds
[36m(RouterManager pid=51733)[0m [Router ReqQueue] Req chatcmpl-ad12182f5cd4450fa749c304953b3b64 in_time: 683254.8517, out_time: 683262.9031, total wait time: 8.0513 seconds
[36m(RouterManager pid=51733)[0m [Router ReqQueue] Req chatcmpl-1174e4d782fb4c2f88c1bd84ff1c98f2 in_time: 683255.0378, out_time: 683262.9031, total wait time: 7.8653 seconds
[36m(RouterManager pid=51733)[0m [Router ReqQueue] Req chatcmpl-11faf1ffc65e4762800c56e99507c8ea in_time: 683255.1662, out_time: 683262.9031, total wait time: 7.7369 seconds
[36m(RouterManager pid=51733)[0m [Router ReqQueue] Req chatcmpl-09ebbb83d6334e21a38f3d3214d7f6d5 in_time: 683255.3402, out_time: 683262.9031, total wait time: 7.5629 seconds
[36m(RouterManager pid=51733)[0m [Router ReqQueue] Req chatcmpl-330e2a00892d4e86b82d8130e53ac2ed in_time: 683255.3827, out_time: 683262.9031, total wait time: 7.5204 seconds
[36m(RouterManager pid=51733)[0m [Router ReqQueue] Req chatcmpl-a2a08c9672a640c9aa8a81789e10db31 in_time: 683255.6024, out_time: 683262.9031, total wait time: 7.3007 seconds
[36m(RouterManager pid=51733)[0m [Router ReqQueue] Req chatcmpl-81793ab469b8445c94d6544114d47993 in_time: 683255.6312, out_time: 683262.9031, total wait time: 7.2719 seconds
[36m(RouterManager pid=51733)[0m [Router ReqQueue] Req chatcmpl-81cc6a4275bc4b5da05d3933e1155a2b in_time: 683255.7438, out_time: 683262.9031, total wait time: 7.1593 seconds
[36m(RouterManager pid=51733)[0m [Router ReqQueue] Req chatcmpl-21954802126b4020aa5edea57c606d38 in_time: 683255.8372, out_time: 683262.9031, total wait time: 7.0659 seconds
[36m(RouterManager pid=51733)[0m [Router ReqQueue] Req chatcmpl-006329b4c80d4fa39ecd925632558e39 in_time: 683255.9848, out_time: 683262.9031, total wait time: 6.9184 seconds
[36m(RouterManager pid=51733)[0m [Router ReqQueue] Req chatcmpl-0a0f969220ab485daba8fb1e6300c140 in_time: 683256.4797, out_time: 683262.9032, total wait time: 6.4235 seconds
[36m(RouterManager pid=51733)[0m [Loongserve manager] scheduling time: 20.90 ms
[36m(RouterManager pid=51733)[0m [Loongserve manager] prefill and decoding batch scheduling results:
[36m(RouterManager pid=51733)[0m     running decode batch id: 1ac8c6347a3b4e37ac5c9927108ac957, req num: 108, occupied instances: [0, 2], batch_used_tokens_sum: 264698
[36m(RouterManager pid=51733)[0m     prefill batch id: ad501f25940444469367e603045679d9, req num: 38, occupied instances: [1, 3], batch_used_tokens_sum: 0
[36m(RouterManager pid=51733)[0m [Loongserve manager] running batch id: 1ac8c6347a3b4e37ac5c9927108ac957, req num: 39, occupied instances: [2, 0], batch_used_tokens_sum: 81278
[36m(RouterManager pid=51733)[0m [Loongserve manager] running batch id: ad501f25940444469367e603045679d9, req num: 38, occupied instances: [1], batch_used_tokens_sum: 99727
[36m(RouterManager pid=51733)[0m === RouterManager iteration 1628 ===
[36m(RouterManager pid=51733)[0m self.req_queue.waiting_req_list length: 70
[36m(RouterManager pid=51733)[0m === RouterManager iteration 1630 ===
[36m(RouterManager pid=51733)[0m self.req_queue.waiting_req_list length: 70
[36m(RouterManager pid=51733)[0m === RouterManager iteration 1632 ===
[36m(RouterManager pid=51733)[0m self.req_queue.waiting_req_list length: 70
[36m(RouterManager pid=51733)[0m === RouterManager iteration 1634 ===
[36m(RouterManager pid=51733)[0m self.req_queue.waiting_req_list length: 70
[36m(RouterManager pid=51733)[0m === RouterManager iteration 1636 ===
[36m(RouterManager pid=51733)[0m self.req_queue.waiting_req_list length: 70
[36m(RouterManager pid=51733)[0m === RouterManager iteration 1638 ===
[36m(RouterManager pid=51733)[0m self.req_queue.waiting_req_list length: 70
[36m(RouterManager pid=51733)[0m === RouterManager iteration 1640 ===
[36m(RouterManager pid=51733)[0m self.req_queue.waiting_req_list length: 70
[36m(RouterManager pid=51733)[0m === RouterManager iteration 1642 ===
[36m(RouterManager pid=51733)[0m self.req_queue.waiting_req_list length: 72
[36m(RouterManager pid=51733)[0m === RouterManager iteration 1644 ===
[36m(RouterManager pid=51733)[0m self.req_queue.waiting_req_list length: 72
[36m(RouterManager pid=51733)[0m === RouterManager iteration 1646 ===
[36m(RouterManager pid=51733)[0m self.req_queue.waiting_req_list length: 72
[36m(RouterManager pid=51733)[0m === RouterManager iteration 1648 ===
[36m(RouterManager pid=51733)[0m self.req_queue.waiting_req_list length: 72
[36m(RouterManager pid=51733)[0m [Router ReqQueue] Req chatcmpl-9daa051c090243f0b54cd205b6d7ff1c in_time: 683256.5657, out_time: 683269.5721, total wait time: 13.0064 seconds
[36m(RouterManager pid=51733)[0m [Router ReqQueue] Req chatcmpl-ff09539dd4e4471ea6cd5f1c049cb6ec in_time: 683256.8608, out_time: 683269.5722, total wait time: 12.7114 seconds
[36m(RouterManager pid=51733)[0m [Router ReqQueue] Req chatcmpl-0018018fed5840f58997e2033a38c424 in_time: 683256.8654, out_time: 683269.5722, total wait time: 12.7067 seconds
[36m(RouterManager pid=51733)[0m [Router ReqQueue] Req chatcmpl-5c8d5e9b54ac451bb80a3e88ca56095a in_time: 683257.1614, out_time: 683269.5722, total wait time: 12.4108 seconds
[36m(RouterManager pid=51733)[0m [Router ReqQueue] Req chatcmpl-7e673f4f270a407e85abe36f5b475922 in_time: 683257.4035, out_time: 683269.5722, total wait time: 12.1687 seconds
[36m(RouterManager pid=51733)[0m [Router ReqQueue] Req chatcmpl-d1b347382cf94eebb15895658d91838c in_time: 683257.5375, out_time: 683269.5722, total wait time: 12.0347 seconds
[36m(RouterManager pid=51733)[0m [Router ReqQueue] Req chatcmpl-389ccaba553f443f96c150cc9d66291e in_time: 683257.5927, out_time: 683269.5722, total wait time: 11.9795 seconds
[36m(RouterManager pid=51733)[0m [Router ReqQueue] Req chatcmpl-082e720efe9c41b8944d6525122f609a in_time: 683257.7219, out_time: 683269.5722, total wait time: 11.8503 seconds
[36m(RouterManager pid=51733)[0m [Router ReqQueue] Req chatcmpl-1dacf15c8f7e41afaa7f5ca6c8719f15 in_time: 683257.7606, out_time: 683269.5722, total wait time: 11.8117 seconds
[36m(RouterManager pid=51733)[0m [Router ReqQueue] Req chatcmpl-090a82af1946455c825fcd3dcd26d522 in_time: 683257.7666, out_time: 683269.5723, total wait time: 11.8056 seconds
[36m(RouterManager pid=51733)[0m [Router ReqQueue] Req chatcmpl-172b9d2569674b5cba0210e55ba56af5 in_time: 683257.7867, out_time: 683269.5723, total wait time: 11.7855 seconds
[36m(RouterManager pid=51733)[0m [Router ReqQueue] Req chatcmpl-f6b08444227244f88a81e95594a0cf10 in_time: 683257.8540, out_time: 683269.5723, total wait time: 11.7183 seconds
[36m(RouterManager pid=51733)[0m [Router ReqQueue] Req chatcmpl-7ed25c2f77614e268862ca729251e795 in_time: 683257.9743, out_time: 683269.5723, total wait time: 11.5980 seconds
[36m(RouterManager pid=51733)[0m [Router ReqQueue] Req chatcmpl-caad772afe53405c9505b3d39ae64fab in_time: 683257.9851, out_time: 683269.5723, total wait time: 11.5872 seconds
[36m(RouterManager pid=51733)[0m [Router ReqQueue] Req chatcmpl-6e6cd37e6bae48838d9467c9c6b5691c in_time: 683258.7936, out_time: 683269.5723, total wait time: 10.7787 seconds
[36m(RouterManager pid=51733)[0m [Router ReqQueue] Req chatcmpl-489c9e88c40f481aa40d47f4f91b2457 in_time: 683259.0238, out_time: 683269.5723, total wait time: 10.5485 seconds
[36m(RouterManager pid=51733)[0m [Router ReqQueue] Req chatcmpl-609efd8e278c49fca5c7660574df473a in_time: 683259.2190, out_time: 683269.5723, total wait time: 10.3533 seconds
[36m(RouterManager pid=51733)[0m [Router ReqQueue] Req chatcmpl-f8186da82d5e45b09d621f4b308dc78d in_time: 683259.3018, out_time: 683269.5723, total wait time: 10.2705 seconds
[36m(RouterManager pid=51733)[0m [Router ReqQueue] Req chatcmpl-4e5230c5656a423283fad1212c25b627 in_time: 683259.7610, out_time: 683269.5723, total wait time: 9.8114 seconds
[36m(RouterManager pid=51733)[0m [Router ReqQueue] Req chatcmpl-5e9c51230c6c414fbaa10332df072b55 in_time: 683259.8980, out_time: 683269.5724, total wait time: 9.6744 seconds
[36m(RouterManager pid=51733)[0m [Router ReqQueue] Req chatcmpl-ebc8dfe06a3947bf8e6dc0760c38c212 in_time: 683259.9243, out_time: 683269.5724, total wait time: 9.6481 seconds
[36m(RouterManager pid=51733)[0m [Router ReqQueue] Req chatcmpl-cdfd4dda9b2b47228366da8bcaffd861 in_time: 683260.1544, out_time: 683269.5724, total wait time: 9.4180 seconds
[36m(RouterManager pid=51733)[0m [Router ReqQueue] Req chatcmpl-0202037a09054b14add65f332540c5e7 in_time: 683260.2056, out_time: 683269.5724, total wait time: 9.3668 seconds
[36m(RouterManager pid=51733)[0m [Router ReqQueue] Req chatcmpl-67843badaa6c4bcab907939ced8e60bf in_time: 683260.3315, out_time: 683269.5724, total wait time: 9.2409 seconds
[36m(RouterManager pid=51733)[0m [Router ReqQueue] Req chatcmpl-f458d08378fa41b590e76ff2875c6137 in_time: 683260.5534, out_time: 683269.5724, total wait time: 9.0190 seconds
[36m(RouterManager pid=51733)[0m [Router ReqQueue] Req chatcmpl-0b49e5af17e14fdb9481408457f1fe92 in_time: 683260.9642, out_time: 683269.5724, total wait time: 8.6082 seconds
[36m(RouterManager pid=51733)[0m [Router ReqQueue] Req chatcmpl-d2278f10928d4bfba5d821b307b715ef in_time: 683261.1098, out_time: 683269.5724, total wait time: 8.4626 seconds
[36m(RouterManager pid=51733)[0m [Router ReqQueue] Req chatcmpl-ab9610b857a445339691d4e9db9cb038 in_time: 683261.2866, out_time: 683269.5724, total wait time: 8.2858 seconds
[36m(RouterManager pid=51733)[0m [Router ReqQueue] Req chatcmpl-ce38be1cbd5b478b98709581cbe61487 in_time: 683261.3236, out_time: 683269.5724, total wait time: 8.2489 seconds
[36m(RouterManager pid=51733)[0m [Router ReqQueue] Req chatcmpl-a70426aed067441a9374225792c12f09 in_time: 683261.3676, out_time: 683269.5724, total wait time: 8.2048 seconds
[36m(RouterManager pid=51733)[0m [Router ReqQueue] Req chatcmpl-011a1aa52de04ea7a0f36aa9a44db9fe in_time: 683261.4473, out_time: 683269.5724, total wait time: 8.1252 seconds
[36m(RouterManager pid=51733)[0m [Router ReqQueue] Req chatcmpl-665664c23fd341159cdd004c7ce5acd8 in_time: 683261.6366, out_time: 683269.5725, total wait time: 7.9359 seconds
[36m(RouterManager pid=51733)[0m [Router ReqQueue] Req chatcmpl-ef40a4c96fc745a3973f3b4560a9689c in_time: 683262.0342, out_time: 683269.5725, total wait time: 7.5383 seconds
[36m(RouterManager pid=51733)[0m [Router ReqQueue] Req chatcmpl-8b8f80cb4b414f2a9c3be1a5694088e6 in_time: 683262.0781, out_time: 683269.5725, total wait time: 7.4944 seconds
[36m(RouterManager pid=51733)[0m [Router ReqQueue] Req chatcmpl-e2923dab0db445c19dd9ce68002c3e5a in_time: 683262.1872, out_time: 683269.5725, total wait time: 7.3853 seconds
[36m(RouterManager pid=51733)[0m [Router ReqQueue] Req chatcmpl-12a5a7b1481d46c58795a6530c7bc298 in_time: 683262.3429, out_time: 683269.5725, total wait time: 7.2296 seconds
[36m(RouterManager pid=51733)[0m [Router ReqQueue] Req chatcmpl-cf4fb0a3ea074c63a895f3f30025beab in_time: 683262.4335, out_time: 683269.5725, total wait time: 7.1390 seconds
[36m(RouterManager pid=51733)[0m [Router ReqQueue] Req chatcmpl-29952e0900e445f6af351bd81d232858 in_time: 683262.4487, out_time: 683269.5725, total wait time: 7.1239 seconds
[36m(RouterManager pid=51733)[0m [Router ReqQueue] Req chatcmpl-86be842ffff745828be5851e26412871 in_time: 683262.4810, out_time: 683269.5725, total wait time: 7.0915 seconds
[36m(RouterManager pid=51733)[0m [Router ReqQueue] Req chatcmpl-0abe14dd8ae540968bd1e3d65067ad38 in_time: 683262.6671, out_time: 683269.5725, total wait time: 6.9054 seconds
[36m(RouterManager pid=51733)[0m [Router ReqQueue] Req chatcmpl-7443eafd6d3a4fdd93e6296a3cb6bef0 in_time: 683263.0432, out_time: 683269.5725, total wait time: 6.5294 seconds
[36m(RouterManager pid=51733)[0m [Router ReqQueue] Req chatcmpl-2529ce28dce24cb1a254c97e3451315b in_time: 683263.2269, out_time: 683269.5726, total wait time: 6.3456 seconds
[36m(RouterManager pid=51733)[0m [Router ReqQueue] Req chatcmpl-fd44dc562ecc4413a9e2d4a90a56f30b in_time: 683263.9743, out_time: 683269.5726, total wait time: 5.5983 seconds
[36m(RouterManager pid=51733)[0m [Router ReqQueue] Req chatcmpl-ad788154e0cb4305a929077764fe825a in_time: 683263.9876, out_time: 683269.5726, total wait time: 5.5850 seconds
[36m(RouterManager pid=51733)[0m [Loongserve manager] scheduling time: 267.06 ms
[36m(RouterManager pid=51733)[0m [Loongserve manager] prefill and decoding batch scheduling results:
[36m(RouterManager pid=51733)[0m     running decode batch id: ad501f25940444469367e603045679d9, req num: 77, occupied instances: [1], batch_used_tokens_sum: 181775
[36m(RouterManager pid=51733)[0m     prefill batch id: 1ef9ba3fe62c471e9439dc90d8b0363e, req num: 44, occupied instances: [3, 0, 2], batch_used_tokens_sum: 0
[36m(RouterManager pid=51733)[0m [Loongserve manager] running batch id: ad501f25940444469367e603045679d9, req num: 37, occupied instances: [1], batch_used_tokens_sum: 83910
[36m(RouterManager pid=51733)[0m [Loongserve manager] running batch id: 1ef9ba3fe62c471e9439dc90d8b0363e, req num: 44, occupied instances: [3], batch_used_tokens_sum: 99464
[36m(RouterManager pid=51733)[0m === RouterManager iteration 1650 ===
[36m(RouterManager pid=51733)[0m self.req_queue.waiting_req_list length: 62
[36m(RouterManager pid=51733)[0m === RouterManager iteration 1652 ===
[36m(RouterManager pid=51733)[0m self.req_queue.waiting_req_list length: 62
[36m(RouterManager pid=51733)[0m === RouterManager iteration 1654 ===
[36m(RouterManager pid=51733)[0m self.req_queue.waiting_req_list length: 62
[36m(RouterManager pid=51733)[0m === RouterManager iteration 1656 ===
[36m(RouterManager pid=51733)[0m self.req_queue.waiting_req_list length: 62
[36m(RouterManager pid=51733)[0m === RouterManager iteration 1658 ===
[36m(RouterManager pid=51733)[0m self.req_queue.waiting_req_list length: 62
[36m(RouterManager pid=51733)[0m === RouterManager iteration 1660 ===
[36m(RouterManager pid=51733)[0m self.req_queue.waiting_req_list length: 62
[36m(RouterManager pid=51733)[0m === RouterManager iteration 1662 ===
[36m(RouterManager pid=51733)[0m self.req_queue.waiting_req_list length: 62
[36m(RouterManager pid=51733)[0m === RouterManager iteration 1664 ===
[36m(RouterManager pid=51733)[0m self.req_queue.waiting_req_list length: 63
[36m(RouterManager pid=51733)[0m === RouterManager iteration 1666 ===
[36m(RouterManager pid=51733)[0m self.req_queue.waiting_req_list length: 63
[36m(RouterManager pid=51733)[0m === RouterManager iteration 1668 ===
[36m(RouterManager pid=51733)[0m self.req_queue.waiting_req_list length: 63
[36m(RouterManager pid=51733)[0m === RouterManager iteration 1670 ===
[36m(RouterManager pid=51733)[0m self.req_queue.waiting_req_list length: 63
[36m(RouterManager pid=51733)[0m [Router ReqQueue] Req chatcmpl-303369660a4643e1b49d358d4f5c737d in_time: 683263.9933, out_time: 683274.7750, total wait time: 10.7817 seconds
[36m(RouterManager pid=51733)[0m [Router ReqQueue] Req chatcmpl-5036cb1f60584508b35e95f31197fa7b in_time: 683264.1083, out_time: 683274.7750, total wait time: 10.6667 seconds
[36m(RouterManager pid=51733)[0m [Router ReqQueue] Req chatcmpl-bdb666e3a0da409b9db7ec78bbf9f7ca in_time: 683264.1228, out_time: 683274.7750, total wait time: 10.6522 seconds
[36m(RouterManager pid=51733)[0m [Router ReqQueue] Req chatcmpl-45a6dc02c76e44f3b47bcf433da2d595 in_time: 683264.3807, out_time: 683274.7750, total wait time: 10.3943 seconds
[36m(RouterManager pid=51733)[0m [Router ReqQueue] Req chatcmpl-4f99e190b5644abdbf63fb9814190622 in_time: 683264.4510, out_time: 683274.7751, total wait time: 10.3241 seconds
[36m(RouterManager pid=51733)[0m [Router ReqQueue] Req chatcmpl-25415bec5e034ea1b5ab6ef8931f636b in_time: 683264.7116, out_time: 683274.7751, total wait time: 10.0634 seconds
[36m(RouterManager pid=51733)[0m [Router ReqQueue] Req chatcmpl-0a0d2e679d7c4340b2f8b7cb6cc79fbc in_time: 683264.9262, out_time: 683274.7751, total wait time: 9.8489 seconds
[36m(RouterManager pid=51733)[0m [Router ReqQueue] Req chatcmpl-4982f3057e7e41da986d792b20d0769b in_time: 683265.0241, out_time: 683274.7751, total wait time: 9.7510 seconds
[36m(RouterManager pid=51733)[0m [Router ReqQueue] Req chatcmpl-a9d0f3f7f51540f085d7ab01f69385a5 in_time: 683265.0959, out_time: 683274.7751, total wait time: 9.6792 seconds
[36m(RouterManager pid=51733)[0m [Router ReqQueue] Req chatcmpl-c4187f760d864d44958627aafbd87150 in_time: 683265.4280, out_time: 683274.7751, total wait time: 9.3471 seconds
[36m(RouterManager pid=51733)[0m [Router ReqQueue] Req chatcmpl-7560274afbca481cae3f537ea6506993 in_time: 683266.5173, out_time: 683274.7751, total wait time: 8.2579 seconds
[36m(RouterManager pid=51733)[0m [Router ReqQueue] Req chatcmpl-aabfdd5281f14162991aaed9538ca67f in_time: 683266.5958, out_time: 683274.7751, total wait time: 8.1794 seconds
[36m(RouterManager pid=51733)[0m [Router ReqQueue] Req chatcmpl-470f0c50a1524e11977a46223a35e9f1 in_time: 683266.6637, out_time: 683274.7752, total wait time: 8.1114 seconds
[36m(RouterManager pid=51733)[0m [Router ReqQueue] Req chatcmpl-b7573c235384455d8b52be7da72bcc12 in_time: 683266.7185, out_time: 683274.7752, total wait time: 8.0566 seconds
[36m(RouterManager pid=51733)[0m [Router ReqQueue] Req chatcmpl-7dc02626e0004e108dac1061a57edf80 in_time: 683266.9361, out_time: 683274.7752, total wait time: 7.8391 seconds
[36m(RouterManager pid=51733)[0m [Router ReqQueue] Req chatcmpl-4502b96dca804d9aad66dc07a132d7f4 in_time: 683266.9763, out_time: 683274.7752, total wait time: 7.7989 seconds
[36m(RouterManager pid=51733)[0m [Router ReqQueue] Req chatcmpl-795e88c2a12f4a778972087cb7fe6579 in_time: 683267.0910, out_time: 683274.7752, total wait time: 7.6842 seconds
[36m(RouterManager pid=51733)[0m [Router ReqQueue] Req chatcmpl-bf179a47491740339727ec0c547eb5dd in_time: 683267.1260, out_time: 683274.7752, total wait time: 7.6492 seconds
[36m(RouterManager pid=51733)[0m [Router ReqQueue] Req chatcmpl-cfa32f727ddf41d0980d21a1fb8b22d5 in_time: 683267.2486, out_time: 683274.7752, total wait time: 7.5267 seconds
[36m(RouterManager pid=51733)[0m [Router ReqQueue] Req chatcmpl-637f314506a54ceea963b57ae00bf1aa in_time: 683267.7292, out_time: 683274.7752, total wait time: 7.0460 seconds
[36m(RouterManager pid=51733)[0m [Router ReqQueue] Req chatcmpl-f9450891b741407aa116598ae6d4d7e0 in_time: 683267.8411, out_time: 683274.7752, total wait time: 6.9341 seconds
[36m(RouterManager pid=51733)[0m [Router ReqQueue] Req chatcmpl-8f3babba22094c088e3aa204c667c731 in_time: 683268.3758, out_time: 683274.7752, total wait time: 6.3994 seconds
[36m(RouterManager pid=51733)[0m [Router ReqQueue] Req chatcmpl-9a9ec803af7c47a9abb917f3681d4438 in_time: 683268.3805, out_time: 683274.7752, total wait time: 6.3947 seconds
[36m(RouterManager pid=51733)[0m [Router ReqQueue] Req chatcmpl-bec4b8284a3745fab65f7819d7a072b8 in_time: 683268.4233, out_time: 683274.7753, total wait time: 6.3520 seconds
[36m(RouterManager pid=51733)[0m [Router ReqQueue] Req chatcmpl-a49fc49fc40b4786bd9c265e787bc3f8 in_time: 683268.9486, out_time: 683274.7753, total wait time: 5.8267 seconds
[36m(RouterManager pid=51733)[0m [Router ReqQueue] Req chatcmpl-f56e464cc3444bd4a71066e4f46cba1e in_time: 683269.1216, out_time: 683274.7753, total wait time: 5.6537 seconds
[36m(RouterManager pid=51733)[0m [Router ReqQueue] Req chatcmpl-e71a5586fab045489b757b2fc4885cee in_time: 683269.4207, out_time: 683274.7753, total wait time: 5.3546 seconds
[36m(RouterManager pid=51733)[0m [Router ReqQueue] Req chatcmpl-7fb85c8e1c8f4ae6b48218aa0e909c9e in_time: 683269.4268, out_time: 683274.7753, total wait time: 5.3485 seconds
[36m(RouterManager pid=51733)[0m [Router ReqQueue] Req chatcmpl-cf22a3566b0343c7978f53f4df69b4fe in_time: 683269.8204, out_time: 683274.7753, total wait time: 4.9549 seconds
[36m(RouterManager pid=51733)[0m [Router ReqQueue] Req chatcmpl-0f7ae07384324b6ab6ecf6a6b17f4f4e in_time: 683269.9668, out_time: 683274.7753, total wait time: 4.8085 seconds
[36m(RouterManager pid=51733)[0m [Router ReqQueue] Req chatcmpl-b9117ba58b744ed09df5060a476adb53 in_time: 683270.0012, out_time: 683274.7753, total wait time: 4.7741 seconds
[36m(RouterManager pid=51733)[0m [Router ReqQueue] Req chatcmpl-68f0c3939ad145c998e97d13ba8455ce in_time: 683270.0575, out_time: 683274.7753, total wait time: 4.7178 seconds
[36m(RouterManager pid=51733)[0m [Router ReqQueue] Req chatcmpl-46a9a243d3454c2da2c10ab02b1e8b94 in_time: 683270.3079, out_time: 683274.7753, total wait time: 4.4674 seconds
[36m(RouterManager pid=51733)[0m [Router ReqQueue] Req chatcmpl-5a5d8b7d0e754e9eb2356348223b1c67 in_time: 683270.3944, out_time: 683274.7753, total wait time: 4.3809 seconds
[36m(RouterManager pid=51733)[0m [Router ReqQueue] Req chatcmpl-0245700af6d046c28e053a51a43dfa30 in_time: 683270.5371, out_time: 683274.7754, total wait time: 4.2383 seconds
[36m(RouterManager pid=51733)[0m [Loongserve manager] scheduling time: 145.58 ms
[36m(RouterManager pid=51733)[0m [Loongserve manager] prefill and decoding batch scheduling results:
[36m(RouterManager pid=51733)[0m     running decode batch id: 1ef9ba3fe62c471e9439dc90d8b0363e, req num: 81, occupied instances: [3], batch_used_tokens_sum: 184184
[36m(RouterManager pid=51733)[0m     prefill batch id: 270da1233ceb492ea04e9d1c81aae455, req num: 35, occupied instances: [0, 2, 1], batch_used_tokens_sum: 0
[36m(RouterManager pid=51733)[0m [Loongserve manager] running batch id: 1ef9ba3fe62c471e9439dc90d8b0363e, req num: 80, occupied instances: [3], batch_used_tokens_sum: 170331
[36m(RouterManager pid=51733)[0m [Loongserve manager] running batch id: 270da1233ceb492ea04e9d1c81aae455, req num: 35, occupied instances: [0], batch_used_tokens_sum: 99829
[36m(RouterManager pid=51733)[0m === RouterManager iteration 1672 ===
[36m(RouterManager pid=51733)[0m self.req_queue.waiting_req_list length: 54
[36m(RouterManager pid=51733)[0m === RouterManager iteration 1674 ===
[36m(RouterManager pid=51733)[0m self.req_queue.waiting_req_list length: 55
[36m(RouterManager pid=51733)[0m === RouterManager iteration 1676 ===
[36m(RouterManager pid=51733)[0m self.req_queue.waiting_req_list length: 55
[36m(RouterManager pid=51733)[0m === RouterManager iteration 1678 ===
[36m(RouterManager pid=51733)[0m self.req_queue.waiting_req_list length: 55
[36m(RouterManager pid=51733)[0m === RouterManager iteration 1680 ===
[36m(RouterManager pid=51733)[0m self.req_queue.waiting_req_list length: 55
[36m(RouterManager pid=51733)[0m === RouterManager iteration 1682 ===
[36m(RouterManager pid=51733)[0m self.req_queue.waiting_req_list length: 55
[36m(RouterManager pid=51733)[0m === RouterManager iteration 1684 ===
[36m(RouterManager pid=51733)[0m self.req_queue.waiting_req_list length: 55
[36m(RouterManager pid=51733)[0m === RouterManager iteration 1686 ===
[36m(RouterManager pid=51733)[0m self.req_queue.waiting_req_list length: 55
[36m(RouterManager pid=51733)[0m === RouterManager iteration 1688 ===
[36m(RouterManager pid=51733)[0m self.req_queue.waiting_req_list length: 55
[36m(RouterManager pid=51733)[0m === RouterManager iteration 1690 ===
[36m(RouterManager pid=51733)[0m self.req_queue.waiting_req_list length: 56
[36m(RouterManager pid=51733)[0m === RouterManager iteration 1692 ===
[36m(RouterManager pid=51733)[0m self.req_queue.waiting_req_list length: 56
[36m(RouterManager pid=51733)[0m [Router ReqQueue] Req chatcmpl-3fcf7ec4e19947c1b310d2dcd956e7e8 in_time: 683270.4003, out_time: 683279.9844, total wait time: 9.5842 seconds
[36m(RouterManager pid=51733)[0m [Router ReqQueue] Req chatcmpl-ebc34a9fa8d043e080dd27a9c8513732 in_time: 683270.4222, out_time: 683279.9845, total wait time: 9.5622 seconds
[36m(RouterManager pid=51733)[0m [Router ReqQueue] Req chatcmpl-fb03b522feed41a6a6abfdf6efb08ff1 in_time: 683270.6422, out_time: 683279.9845, total wait time: 9.3423 seconds
[36m(RouterManager pid=51733)[0m [Router ReqQueue] Req chatcmpl-a3e29c71f3d74986887a7287421ad445 in_time: 683270.6579, out_time: 683279.9845, total wait time: 9.3266 seconds
[36m(RouterManager pid=51733)[0m [Router ReqQueue] Req chatcmpl-85072700018143c48451eeb392effad0 in_time: 683271.0150, out_time: 683279.9845, total wait time: 8.9695 seconds
[36m(RouterManager pid=51733)[0m [Router ReqQueue] Req chatcmpl-27a901760e404a34850cb9a5761003e9 in_time: 683271.1173, out_time: 683279.9845, total wait time: 8.8672 seconds
[36m(RouterManager pid=51733)[0m [Router ReqQueue] Req chatcmpl-5c8ea0a294b244149e38134a20935191 in_time: 683271.3569, out_time: 683279.9845, total wait time: 8.6277 seconds
[36m(RouterManager pid=51733)[0m [Router ReqQueue] Req chatcmpl-f2523e6828894644bdbf1f010353836c in_time: 683271.6580, out_time: 683279.9845, total wait time: 8.3265 seconds
[36m(RouterManager pid=51733)[0m [Router ReqQueue] Req chatcmpl-c69d22fa8ba040ac8a140bb29ea67d5e in_time: 683271.6594, out_time: 683279.9845, total wait time: 8.3251 seconds
[36m(RouterManager pid=51733)[0m [Router ReqQueue] Req chatcmpl-95bfaad5df284c69a9e82a821aa7850e in_time: 683271.6966, out_time: 683279.9845, total wait time: 8.2879 seconds
[36m(RouterManager pid=51733)[0m [Router ReqQueue] Req chatcmpl-4b01cd521d3a407aae7ff4d22fe46d02 in_time: 683271.7153, out_time: 683279.9846, total wait time: 8.2692 seconds
[36m(RouterManager pid=51733)[0m [Router ReqQueue] Req chatcmpl-c0abaf2b601c468ab61ba27c2493c338 in_time: 683271.7618, out_time: 683279.9846, total wait time: 8.2228 seconds
[36m(RouterManager pid=51733)[0m [Router ReqQueue] Req chatcmpl-2cf3dce23cd444d58d8b0b8c868a53db in_time: 683271.9831, out_time: 683279.9846, total wait time: 8.0014 seconds
[36m(RouterManager pid=51733)[0m [Router ReqQueue] Req chatcmpl-c326dd662dce4eebaaa90de53e3499a9 in_time: 683272.2439, out_time: 683279.9846, total wait time: 7.7407 seconds
[36m(RouterManager pid=51733)[0m [Router ReqQueue] Req chatcmpl-7a24cac18304404c9262d64e2ed04313 in_time: 683272.2555, out_time: 683279.9846, total wait time: 7.7291 seconds
[36m(RouterManager pid=51733)[0m [Router ReqQueue] Req chatcmpl-38bfb4a417f1480ca605b2c5fbf07e08 in_time: 683272.7184, out_time: 683279.9846, total wait time: 7.2662 seconds
[36m(RouterManager pid=51733)[0m [Router ReqQueue] Req chatcmpl-b5e99fab3e8044949d55fb99e81c4eb5 in_time: 683272.7851, out_time: 683279.9846, total wait time: 7.1995 seconds
[36m(RouterManager pid=51733)[0m [Router ReqQueue] Req chatcmpl-406a57250bfc4c7db0471c956d49fc63 in_time: 683272.9062, out_time: 683279.9846, total wait time: 7.0784 seconds
[36m(RouterManager pid=51733)[0m [Router ReqQueue] Req chatcmpl-8dd9784e3ac9481dacf15a1ea131277d in_time: 683272.9728, out_time: 683279.9846, total wait time: 7.0118 seconds
[36m(RouterManager pid=51733)[0m [Router ReqQueue] Req chatcmpl-2b9c51f03a7f4945902b4e6b85df88d3 in_time: 683272.9886, out_time: 683279.9846, total wait time: 6.9960 seconds
[36m(RouterManager pid=51733)[0m [Router ReqQueue] Req chatcmpl-ae364687b7dd4a8f91b483190bd02d84 in_time: 683273.3602, out_time: 683279.9847, total wait time: 6.6244 seconds
[36m(RouterManager pid=51733)[0m [Router ReqQueue] Req chatcmpl-553e20aabea9483ab9c4bab5b821a012 in_time: 683273.4102, out_time: 683279.9847, total wait time: 6.5745 seconds
[36m(RouterManager pid=51733)[0m [Router ReqQueue] Req chatcmpl-6bbba66aa4a740eda74417b5901d99b2 in_time: 683273.5029, out_time: 683279.9847, total wait time: 6.4818 seconds
[36m(RouterManager pid=51733)[0m [Router ReqQueue] Req chatcmpl-b86f9b76dfcc462b82eb953c9e812d7f in_time: 683273.5063, out_time: 683279.9847, total wait time: 6.4784 seconds
[36m(RouterManager pid=51733)[0m [Router ReqQueue] Req chatcmpl-062dfcb2fca6499a8b5242edb485b52d in_time: 683274.0135, out_time: 683279.9847, total wait time: 5.9712 seconds
[36m(RouterManager pid=51733)[0m [Router ReqQueue] Req chatcmpl-ac73e646b8374564b024f01e402d3113 in_time: 683274.1134, out_time: 683279.9847, total wait time: 5.8713 seconds
[36m(RouterManager pid=51733)[0m [Router ReqQueue] Req chatcmpl-659f93a503634beebeab1c6454826378 in_time: 683274.3511, out_time: 683279.9847, total wait time: 5.6336 seconds
[36m(RouterManager pid=51733)[0m [Router ReqQueue] Req chatcmpl-979c262fe3174885b8be1005ed7150b9 in_time: 683274.6426, out_time: 683279.9847, total wait time: 5.3421 seconds
[36m(RouterManager pid=51733)[0m [Router ReqQueue] Req chatcmpl-079ce49472a84708a139e9a34bbb9720 in_time: 683275.2877, out_time: 683279.9847, total wait time: 4.6971 seconds
[36m(RouterManager pid=51733)[0m [Router ReqQueue] Req chatcmpl-874f0e9ab0f246aca9ec24f4ba1785fc in_time: 683275.4074, out_time: 683279.9847, total wait time: 4.5773 seconds
[36m(RouterManager pid=51733)[0m [Router ReqQueue] Req chatcmpl-5b6dbd6f31844bd6afb6ae2a5eb4001b in_time: 683275.5221, out_time: 683279.9847, total wait time: 4.4626 seconds
[36m(RouterManager pid=51733)[0m [Router ReqQueue] Req chatcmpl-dd1fbe2975194d2698f7ea77d640f72f in_time: 683275.6602, out_time: 683279.9848, total wait time: 4.3246 seconds
[36m(RouterManager pid=51733)[0m [Router ReqQueue] Req chatcmpl-59b1f1ff64b94778a1823436d21a429f in_time: 683275.8013, out_time: 683279.9848, total wait time: 4.1835 seconds
[36m(RouterManager pid=51733)[0m [Router ReqQueue] Req chatcmpl-d55368e64c3c4f3a956e74073fcc6fa5 in_time: 683275.8331, out_time: 683279.9848, total wait time: 4.1516 seconds
[36m(RouterManager pid=51733)[0m [Router ReqQueue] Req chatcmpl-25416062799b484f9250b9ce9b386809 in_time: 683275.8738, out_time: 683279.9848, total wait time: 4.1110 seconds
[36m(RouterManager pid=51733)[0m [Router ReqQueue] Req chatcmpl-b1feaa30f4ad48f1ab16c0ca4932c794 in_time: 683276.2794, out_time: 683279.9848, total wait time: 3.7054 seconds
[36m(RouterManager pid=51733)[0m [Router ReqQueue] Req chatcmpl-e66de00b2293494ab27df782bb91e3e4 in_time: 683276.5721, out_time: 683279.9848, total wait time: 3.4127 seconds
[36m(RouterManager pid=51733)[0m [Router ReqQueue] Req chatcmpl-1cc0049cf07b49dcbfcf9b08f871562e in_time: 683276.8764, out_time: 683279.9848, total wait time: 3.1084 seconds
[36m(RouterManager pid=51733)[0m [Router ReqQueue] Req chatcmpl-968f9adb19ab4ab7a5347dd036189232 in_time: 683276.9885, out_time: 683279.9848, total wait time: 2.9963 seconds
[36m(RouterManager pid=51733)[0m [Router ReqQueue] Req chatcmpl-47837a96b7c14f8498338f5203d2716a in_time: 683277.0029, out_time: 683279.9848, total wait time: 2.9819 seconds
[36m(RouterManager pid=51733)[0m [Router ReqQueue] Req chatcmpl-d1e147ec7ac04e9288c73bd353393d4d in_time: 683277.1680, out_time: 683279.9848, total wait time: 2.8169 seconds
[36m(RouterManager pid=51733)[0m [Router ReqQueue] Req chatcmpl-59039020925a4614a58e134c01fa1f87 in_time: 683277.4125, out_time: 683279.9848, total wait time: 2.5724 seconds
[36m(RouterManager pid=51733)[0m [Router ReqQueue] Req chatcmpl-23566eb6cd254a558599f7777fdf3462 in_time: 683277.5345, out_time: 683279.9849, total wait time: 2.4504 seconds
[36m(RouterManager pid=51733)[0m [Router ReqQueue] Req chatcmpl-f7184514a9f94017ae26de8f9b47eb0c in_time: 683277.6366, out_time: 683279.9849, total wait time: 2.3483 seconds
[36m(RouterManager pid=51733)[0m [Loongserve manager] scheduling time: 12.21 ms
[36m(RouterManager pid=51733)[0m [Loongserve manager] prefill and decoding batch scheduling results:
[36m(RouterManager pid=51733)[0m     running decode batch id: 270da1233ceb492ea04e9d1c81aae455, req num: 115, occupied instances: [3, 0], batch_used_tokens_sum: 271310
[36m(RouterManager pid=51733)[0m     prefill batch id: fd0ad051c4aa4016abb4ae1c7edac9fe, req num: 44, occupied instances: [1, 2], batch_used_tokens_sum: 0
[36m(RouterManager pid=51733)[0m [Loongserve manager] running batch id: 270da1233ceb492ea04e9d1c81aae455, req num: 39, occupied instances: [0, 3], batch_used_tokens_sum: 139344
[36m(RouterManager pid=51733)[0m [Loongserve manager] running batch id: fd0ad051c4aa4016abb4ae1c7edac9fe, req num: 44, occupied instances: [1], batch_used_tokens_sum: 99472
[36m(RouterManager pid=51733)[0m === RouterManager iteration 1694 ===
[36m(RouterManager pid=51733)[0m self.req_queue.waiting_req_list length: 47
[36m(RouterManager pid=51733)[0m === RouterManager iteration 1696 ===
[36m(RouterManager pid=51733)[0m self.req_queue.waiting_req_list length: 47
[36m(RouterManager pid=51733)[0m === RouterManager iteration 1698 ===
[36m(RouterManager pid=51733)[0m self.req_queue.waiting_req_list length: 47
[36m(RouterManager pid=51733)[0m === RouterManager iteration 1700 ===
[36m(RouterManager pid=51733)[0m self.req_queue.waiting_req_list length: 47
[36m(RouterManager pid=51733)[0m === RouterManager iteration 1702 ===
[36m(RouterManager pid=51733)[0m self.req_queue.waiting_req_list length: 47
[36m(RouterManager pid=51733)[0m === RouterManager iteration 1704 ===
[36m(RouterManager pid=51733)[0m self.req_queue.waiting_req_list length: 47
[36m(RouterManager pid=51733)[0m === RouterManager iteration 1706 ===
[36m(RouterManager pid=51733)[0m self.req_queue.waiting_req_list length: 47
[36m(RouterManager pid=51733)[0m === RouterManager iteration 1708 ===
[36m(RouterManager pid=51733)[0m self.req_queue.waiting_req_list length: 47
[36m(RouterManager pid=51733)[0m === RouterManager iteration 1710 ===
[36m(RouterManager pid=51733)[0m self.req_queue.waiting_req_list length: 47
[36m(RouterManager pid=51733)[0m === RouterManager iteration 1712 ===
[36m(RouterManager pid=51733)[0m self.req_queue.waiting_req_list length: 47
[36m(RouterManager pid=51733)[0m === RouterManager iteration 1714 ===
[36m(RouterManager pid=51733)[0m self.req_queue.waiting_req_list length: 47
[36m(RouterManager pid=51733)[0m [Router ReqQueue] Req chatcmpl-437d53c560ff4a7bb09678cde24d5b27 in_time: 683277.7904, out_time: 683287.4602, total wait time: 9.6698 seconds
[36m(RouterManager pid=51733)[0m [Router ReqQueue] Req chatcmpl-948f6e788d4b48e3a40e8d1a972d9600 in_time: 683277.8792, out_time: 683287.4602, total wait time: 9.5810 seconds
[36m(RouterManager pid=51733)[0m [Router ReqQueue] Req chatcmpl-bc5a75340d6c4b8aad7d24e76fe6461e in_time: 683278.2337, out_time: 683287.4602, total wait time: 9.2265 seconds
[36m(RouterManager pid=51733)[0m [Router ReqQueue] Req chatcmpl-068dd85357554d479a3b5ddf0fa50355 in_time: 683278.3586, out_time: 683287.4602, total wait time: 9.1016 seconds
[36m(RouterManager pid=51733)[0m [Router ReqQueue] Req chatcmpl-ec9b74d4f6a54d569c2bcb609acf52b1 in_time: 683278.3782, out_time: 683287.4602, total wait time: 9.0820 seconds
[36m(RouterManager pid=51733)[0m [Router ReqQueue] Req chatcmpl-648aa9edd89444f08c1d5a3ed90b7a6f in_time: 683278.4891, out_time: 683287.4602, total wait time: 8.9711 seconds
[36m(RouterManager pid=51733)[0m [Router ReqQueue] Req chatcmpl-2f523f72fb184fb58ebb92c6681b865c in_time: 683278.6007, out_time: 683287.4602, total wait time: 8.8595 seconds
[36m(RouterManager pid=51733)[0m [Router ReqQueue] Req chatcmpl-762b1fdcf38d46f084f80c1de22398b4 in_time: 683278.9396, out_time: 683287.4602, total wait time: 8.5206 seconds
[36m(RouterManager pid=51733)[0m [Router ReqQueue] Req chatcmpl-05e02251e9664d1f9aa452365560cf42 in_time: 683279.2453, out_time: 683287.4603, total wait time: 8.2150 seconds
[36m(RouterManager pid=51733)[0m [Router ReqQueue] Req chatcmpl-2cee1cdf841e4824810d692fc6b5f385 in_time: 683279.4241, out_time: 683287.4603, total wait time: 8.0362 seconds
[36m(RouterManager pid=51733)[0m [Router ReqQueue] Req chatcmpl-9374d6b5621248668e69541f063fe4ae in_time: 683279.4455, out_time: 683287.4603, total wait time: 8.0148 seconds
[36m(RouterManager pid=51733)[0m [Router ReqQueue] Req chatcmpl-8eeca91401444e47ac1d217257a767a4 in_time: 683279.9155, out_time: 683287.4603, total wait time: 7.5448 seconds
[36m(RouterManager pid=51733)[0m [Router ReqQueue] Req chatcmpl-64a4de7cab8e4aac8e7c9d0b841920af in_time: 683280.2266, out_time: 683287.4603, total wait time: 7.2337 seconds
[36m(RouterManager pid=51733)[0m [Router ReqQueue] Req chatcmpl-67db84568db34f94bbcbf2ff7d972789 in_time: 683280.2589, out_time: 683287.4603, total wait time: 7.2014 seconds
[36m(RouterManager pid=51733)[0m [Router ReqQueue] Req chatcmpl-2e88a3d6e19a446aaa69546fb44def3a in_time: 683280.3522, out_time: 683287.4603, total wait time: 7.1081 seconds
[36m(RouterManager pid=51733)[0m [Router ReqQueue] Req chatcmpl-71890f9d74254907a0e1b4e2e8174688 in_time: 683280.3758, out_time: 683287.4603, total wait time: 7.0845 seconds
[36m(RouterManager pid=51733)[0m [Router ReqQueue] Req chatcmpl-ed7b8b76a7ca45c1bd45b5d17f9c4459 in_time: 683280.5069, out_time: 683287.4603, total wait time: 6.9535 seconds
[36m(RouterManager pid=51733)[0m [Router ReqQueue] Req chatcmpl-ce6b1ef99273414cbd96896cd0950237 in_time: 683280.6629, out_time: 683287.4603, total wait time: 6.7974 seconds
[36m(RouterManager pid=51733)[0m [Router ReqQueue] Req chatcmpl-0c765f6a43f74d37a88a1ef666e06bb1 in_time: 683280.6695, out_time: 683287.4603, total wait time: 6.7908 seconds
[36m(RouterManager pid=51733)[0m [Router ReqQueue] Req chatcmpl-e458c25daf644c86b9bf835f6162c243 in_time: 683280.9782, out_time: 683287.4604, total wait time: 6.4821 seconds
[36m(RouterManager pid=51733)[0m [Router ReqQueue] Req chatcmpl-cd26e84c836945c9bf5f6ea79e99d26b in_time: 683281.2645, out_time: 683287.4604, total wait time: 6.1959 seconds
[36m(RouterManager pid=51733)[0m [Router ReqQueue] Req chatcmpl-c09a6f2f5cb44cfc87735e083222e655 in_time: 683281.3139, out_time: 683287.4604, total wait time: 6.1465 seconds
[36m(RouterManager pid=51733)[0m [Router ReqQueue] Req chatcmpl-e5f5ecd2a883466c9b095ca2a76dc817 in_time: 683281.8811, out_time: 683287.4604, total wait time: 5.5793 seconds
[36m(RouterManager pid=51733)[0m [Router ReqQueue] Req chatcmpl-f59e0a48d39f4285977987ad04c4f746 in_time: 683282.1262, out_time: 683287.4604, total wait time: 5.3342 seconds
[36m(RouterManager pid=51733)[0m [Router ReqQueue] Req chatcmpl-179c8e914a324581b26c3821bb09d812 in_time: 683282.1536, out_time: 683287.4604, total wait time: 5.3068 seconds
[36m(RouterManager pid=51733)[0m [Router ReqQueue] Req chatcmpl-096973a499fb4b11a046841846a7ae21 in_time: 683282.1687, out_time: 683287.4604, total wait time: 5.2917 seconds
[36m(RouterManager pid=51733)[0m [Router ReqQueue] Req chatcmpl-0fd8ae213def4378a1704db3af9c4c3c in_time: 683282.2114, out_time: 683287.4604, total wait time: 5.2490 seconds
[36m(RouterManager pid=51733)[0m [Router ReqQueue] Req chatcmpl-841294e37ee04bf8a96beecf615dd43c in_time: 683282.4321, out_time: 683287.4605, total wait time: 5.0283 seconds
[36m(RouterManager pid=51733)[0m [Router ReqQueue] Req chatcmpl-d7ae65107dd848c0856eb470cfec7701 in_time: 683282.5942, out_time: 683287.4605, total wait time: 4.8663 seconds
[36m(RouterManager pid=51733)[0m [Router ReqQueue] Req chatcmpl-db0fde3b1a6e4899beb77e4b0a392b56 in_time: 683282.9181, out_time: 683287.4605, total wait time: 4.5423 seconds
[36m(RouterManager pid=51733)[0m [Router ReqQueue] Req chatcmpl-d5451fa14d674c249c81b6c381dec9a5 in_time: 683283.3883, out_time: 683287.4605, total wait time: 4.0722 seconds
[36m(RouterManager pid=51733)[0m [Router ReqQueue] Req chatcmpl-e896175b3a9b4c2a9c671ded8d2e50e2 in_time: 683283.4389, out_time: 683287.4605, total wait time: 4.0216 seconds
[36m(RouterManager pid=51733)[0m [Router ReqQueue] Req chatcmpl-6c3c0fd36be64b439f92f3d4dfcd15b4 in_time: 683283.4603, out_time: 683287.4605, total wait time: 4.0002 seconds
[36m(RouterManager pid=51733)[0m [Router ReqQueue] Req chatcmpl-d77f357a35fb4c83b9aaaa8b2fa85638 in_time: 683283.7582, out_time: 683287.4605, total wait time: 3.7023 seconds
[36m(RouterManager pid=51733)[0m [Router ReqQueue] Req chatcmpl-a9541ab4f6b74766a4db38e09e23814b in_time: 683283.7813, out_time: 683287.4605, total wait time: 3.6792 seconds
[36m(RouterManager pid=51733)[0m [Router ReqQueue] Req chatcmpl-a870775ef0c6423e83826f855b77d058 in_time: 683283.9139, out_time: 683287.4605, total wait time: 3.5466 seconds
[36m(RouterManager pid=51733)[0m [Router ReqQueue] Req chatcmpl-14bd9fd540304596a964ad19e51a2ab7 in_time: 683284.0921, out_time: 683287.4605, total wait time: 3.3684 seconds
[36m(RouterManager pid=51733)[0m [Router ReqQueue] Req chatcmpl-9de6c14cec964b4c81bbe9e7f4512369 in_time: 683284.8144, out_time: 683287.4605, total wait time: 2.6462 seconds
[36m(RouterManager pid=51733)[0m [Router ReqQueue] Req chatcmpl-a3b920e7e068425b9b613d50b61e0432 in_time: 683285.2998, out_time: 683287.4606, total wait time: 2.1608 seconds
[36m(RouterManager pid=51733)[0m [Router ReqQueue] Req chatcmpl-0a50c0aaffa844f0b2b153613fa620b9 in_time: 683285.8891, out_time: 683287.4606, total wait time: 1.5714 seconds
[36m(RouterManager pid=51733)[0m [Router ReqQueue] Req chatcmpl-ef0c049cb93448c593c5f5cc506688b3 in_time: 683286.1080, out_time: 683287.4606, total wait time: 1.3526 seconds
[36m(RouterManager pid=51733)[0m [Loongserve manager] scheduling time: 69.45 ms
[36m(RouterManager pid=51733)[0m [Loongserve manager] prefill and decoding batch scheduling results:
[36m(RouterManager pid=51733)[0m     running decode batch id: fd0ad051c4aa4016abb4ae1c7edac9fe, req num: 83, occupied instances: [1, 0], batch_used_tokens_sum: 239646
[36m(RouterManager pid=51733)[0m     prefill batch id: 3f660519e71a4e8b9ca000dd65efb630, req num: 41, occupied instances: [2, 3], batch_used_tokens_sum: 0
[36m(RouterManager pid=51733)[0m [Loongserve manager] running batch id: fd0ad051c4aa4016abb4ae1c7edac9fe, req num: 43, occupied instances: [1, 0], batch_used_tokens_sum: 85877
[36m(RouterManager pid=51733)[0m [Loongserve manager] running batch id: 3f660519e71a4e8b9ca000dd65efb630, req num: 41, occupied instances: [2], batch_used_tokens_sum: 99496
[36m(RouterManager pid=51733)[0m === RouterManager iteration 1716 ===
[36m(RouterManager pid=51733)[0m self.req_queue.waiting_req_list length: 6
[36m(RouterManager pid=51733)[0m === RouterManager iteration 1718 ===
[36m(RouterManager pid=51733)[0m self.req_queue.waiting_req_list length: 6
[36m(RouterManager pid=51733)[0m === RouterManager iteration 1720 ===
[36m(RouterManager pid=51733)[0m self.req_queue.waiting_req_list length: 6
[36m(RouterManager pid=51733)[0m === RouterManager iteration 1722 ===
[36m(RouterManager pid=51733)[0m self.req_queue.waiting_req_list length: 6
[36m(RouterManager pid=51733)[0m === RouterManager iteration 1724 ===
[36m(RouterManager pid=51733)[0m self.req_queue.waiting_req_list length: 6
[36m(RouterManager pid=51733)[0m === RouterManager iteration 1726 ===
[36m(RouterManager pid=51733)[0m self.req_queue.waiting_req_list length: 6
[36m(RouterManager pid=51733)[0m === RouterManager iteration 1728 ===
[36m(RouterManager pid=51733)[0m self.req_queue.waiting_req_list length: 6
[36m(RouterManager pid=51733)[0m === RouterManager iteration 1730 ===
[36m(RouterManager pid=51733)[0m self.req_queue.waiting_req_list length: 6
[36m(RouterManager pid=51733)[0m === RouterManager iteration 1732 ===
[36m(RouterManager pid=51733)[0m self.req_queue.waiting_req_list length: 6
[36m(RouterManager pid=51733)[0m === RouterManager iteration 1734 ===
[36m(RouterManager pid=51733)[0m self.req_queue.waiting_req_list length: 6
[36m(RouterManager pid=51733)[0m === RouterManager iteration 1736 ===
[36m(RouterManager pid=51733)[0m self.req_queue.waiting_req_list length: 6
[36m(RouterManager pid=51733)[0m [Router ReqQueue] Req chatcmpl-fcd9ed5e7d544b4cae9f73e3c6c68034 in_time: 683282.7538, out_time: 683294.6159, total wait time: 11.8620 seconds
[36m(RouterManager pid=51733)[0m [Router ReqQueue] Req chatcmpl-4cb158a424d1496ebe73a82d50f4f356 in_time: 683284.2742, out_time: 683294.6159, total wait time: 10.3416 seconds
[36m(RouterManager pid=51733)[0m [Router ReqQueue] Req chatcmpl-ede9d5fb61d845ff9a55e40549535a5f in_time: 683285.1224, out_time: 683294.6159, total wait time: 9.4935 seconds
[36m(RouterManager pid=51733)[0m [Router ReqQueue] Req chatcmpl-a3c0fe9a585947ce89f3816555b2b440 in_time: 683286.0428, out_time: 683294.6159, total wait time: 8.5731 seconds
[36m(RouterManager pid=51733)[0m [Router ReqQueue] Req chatcmpl-84e3e75ca56046a2ad9e60a97ab07eeb in_time: 683286.2945, out_time: 683294.6159, total wait time: 8.3214 seconds
[36m(RouterManager pid=51733)[0m [Router ReqQueue] Req chatcmpl-461b600981ad47cba57de36de26cf3d4 in_time: 683286.3591, out_time: 683294.6159, total wait time: 8.2568 seconds
[36m(RouterManager pid=51733)[0m [Loongserve manager] scheduling time: 277.81 ms
[36m(RouterManager pid=51733)[0m [Loongserve manager] prefill and decoding batch scheduling results:
[36m(RouterManager pid=51733)[0m     running decode batch id: 3f660519e71a4e8b9ca000dd65efb630, req num: 84, occupied instances: [2], batch_used_tokens_sum: 186213
[36m(RouterManager pid=51733)[0m     prefill batch id: 537c88dfbdb840e9a4b1eeddb83d6815, req num: 6, occupied instances: [3, 0, 1], batch_used_tokens_sum: 0
[36m(RouterManager pid=51733)[0m [Loongserve manager] running batch id: 3f660519e71a4e8b9ca000dd65efb630, req num: 84, occupied instances: [2], batch_used_tokens_sum: 190161
[36m(RouterManager pid=51733)[0m [Loongserve manager] running batch id: 537c88dfbdb840e9a4b1eeddb83d6815, req num: 6, occupied instances: [3], batch_used_tokens_sum: 58268
